qid,retriever,wants_figures,supported_by,recall@1.0,ndcg@1.0,mrr@1.0,tables@1.0,recall@1.05,ndcg@1.05,mrr@1.05,tables@1.05,recall@1.1,ndcg@1.1,mrr@1.1,tables@1.1,recall@1.15,ndcg@1.15,mrr@1.15,tables@1.15,recall@1.2,ndcg@1.2,mrr@1.2,tables@1.2,recall@1.25,ndcg@1.25,mrr@1.25,tables@1.25,recall@1.5,ndcg@1.5,mrr@1.5,tables@1.5,recall@2.0,ndcg@2.0,mrr@2.0,tables@2.0
xbrl-aapl-2021-oci-debt-securities-available-for-sale-gain-loss-after-adjustment-and-tax-usd-0000320193-21-000105,bm25,True,tables,0.3333333333333333,0.2346,0.3333,2,0.3333333333333333,0.2346,0.3333,2,0.3333333333333333,0.2346,0.3333,2,0.3333333333333333,0.2346,0.3333,2,0.3333333333333333,0.2961,0.5,2,0.3333333333333333,0.2961,0.5,2,0.3333333333333333,0.4693,1.0,4,0.6666666666666666,0.6173,1.0,11
xbrl-aapl-2021-oci-debt-securities-available-for-sale-gain-loss-after-adjustment-and-tax-usd-0000320193-21-000105,hybrid,True,tables,0.3333333333333333,0.2346,0.3333,2,0.3333333333333333,0.4693,1.0,7,0.3333333333333333,0.4693,1.0,9,0.6666666666666666,0.7039,1.0,11,0.6666666666666666,0.6508,1.0,11,0.6666666666666666,0.6508,1.0,11,0.6666666666666666,0.6508,1.0,11,0.6666666666666666,0.6508,1.0,16
xbrl-aapl-2021-deferred-tax-assets-tax-credit-carryforwards-usd-0000320193-21-000105,bm25,True,tables,1.0,0.5,0.3333,5,1.0,0.6309,0.5,5,1.0,0.6309,0.5,5,1.0,0.6309,0.5,6,1.0,1.0,1.0,6,1.0,1.0,1.0,6,1.0,1.0,1.0,8,1.0,1.0,1.0,10
xbrl-aapl-2021-deferred-tax-assets-tax-credit-carryforwards-usd-0000320193-21-000105,hybrid,True,tables,1.0,0.6309,0.5,6,1.0,0.6309,0.5,9,1.0,1.0,1.0,11,1.0,1.0,1.0,12,1.0,1.0,1.0,12,1.0,1.0,1.0,12,1.0,1.0,1.0,13,1.0,1.0,1.0,13
xbrl-aapl-2021-deferred-tax-assets-goodwill-and-intangible-assets-usd-0000320193-21-000105,bm25,True,tables,1.0,0.4307,0.25,2,1.0,0.4307,0.25,2,1.0,0.4307,0.25,2,1.0,0.4307,0.25,3,1.0,0.5,0.3333,3,1.0,0.6309,0.5,3,1.0,1.0,1.0,8,1.0,1.0,1.0,12
xbrl-aapl-2021-deferred-tax-assets-goodwill-and-intangible-assets-usd-0000320193-21-000105,hybrid,True,tables,1.0,0.5,0.3333,6,1.0,0.6309,0.5,9,1.0,0.6309,0.5,12,1.0,1.0,1.0,13,1.0,1.0,1.0,13,1.0,1.0,1.0,14,1.0,1.0,1.0,16,1.0,1.0,1.0,16
xbrl-aapl-2021-other-accrued-liabilities-noncurrent-usd-0000320193-21-000105,bm25,True,tables,0.0,0.0,0.0,2,0.0,0.0,0.0,2,0.0,0.0,0.0,2,0.0,0.0,0.0,2,0.0,0.0,0.0,2,0.0,0.0,0.0,2,0.0,0.0,0.0,4,1.0,0.2702,0.0833,6
xbrl-aapl-2021-other-accrued-liabilities-noncurrent-usd-0000320193-21-000105,hybrid,True,tables,1.0,0.256,0.0714,5,1.0,0.3155,0.125,7,1.0,0.3869,0.2,9,1.0,0.3869,0.2,9,1.0,0.3869,0.2,10,1.0,0.3869,0.2,10,1.0,0.3562,0.1667,10,1.0,0.3869,0.2,14
xbrl-aapl-2021-cash-cash-equivalents-restricted-cash-and-restricted-cash-equivalents-usd-0000320193-21-000105,bm25,True,tables,1.0,1.0,1.0,12,1.0,1.0,1.0,13,1.0,1.0,1.0,13,1.0,1.0,1.0,14,1.0,1.0,1.0,15,1.0,1.0,1.0,15,1.0,1.0,1.0,15,1.0,1.0,1.0,16
xbrl-aapl-2021-cash-cash-equivalents-restricted-cash-and-restricted-cash-equivalents-usd-0000320193-21-000105,hybrid,True,tables,1.0,1.0,1.0,14,1.0,1.0,1.0,16,1.0,1.0,1.0,16,1.0,1.0,1.0,16,1.0,1.0,1.0,16,1.0,1.0,1.0,16,1.0,1.0,1.0,16,1.0,1.0,1.0,16
xbrl-aapl-2021-marketable-securities-current-usd-0000320193-21-000105,bm25,True,tables,0.5,0.1934,0.125,12,0.5,0.2044,0.1429,12,0.5,0.2184,0.1667,13,0.5,0.2641,0.25,13,0.5,0.2641,0.25,13,0.5,0.2641,0.25,14,1.0,0.4174,0.25,16,1.0,0.4174,0.25,16
xbrl-aapl-2021-marketable-securities-current-usd-0000320193-21-000105,hybrid,True,tables,0.0,0.0,0.0,10,0.0,0.0,0.0,12,0.5,0.15,0.0625,14,0.5,0.1569,0.0714,16,0.5,0.1569,0.0714,16,0.5,0.1569,0.0714,16,0.5,0.1569,0.0714,16,0.5,0.1569,0.0714,16
xbrl-aapl-2021-increase-decrease-in-other-operating-liabilities-usd-0000320193-21-000105,bm25,True,tables,0.0,0.0,0.0,1,0.0,0.0,0.0,1,0.0,0.0,0.0,1,0.0,0.0,0.0,1,0.0,0.0,0.0,1,0.0,0.0,0.0,1,0.0,0.0,0.0,2,0.0,0.0,0.0,8
xbrl-aapl-2021-increase-decrease-in-other-operating-liabilities-usd-0000320193-21-000105,hybrid,True,tables,0.0,0.0,0.0,2,0.0,0.0,0.0,6,0.0,0.0,0.0,8,0.0,0.0,0.0,9,0.0,0.0,0.0,9,0.0,0.0,0.0,9,0.0,0.0,0.0,10,0.0,0.0,0.0,14
xbrl-aapl-2021-liabilities-and-equity-usd-0000320193-21-000105,bm25,True,tables,0.0,0.0,0.0,0,0.5,0.171,0.0909,2,0.5,0.1846,0.1111,3,0.5,0.1846,0.1111,3,1.0,0.3941,0.2,4,1.0,0.4298,0.25,4,1.0,0.8772,1.0,7,1.0,0.8772,1.0,11
xbrl-aapl-2021-liabilities-and-equity-usd-0000320193-21-000105,hybrid,True,tables,0.5,0.2044,0.1429,5,0.5,0.2044,0.1429,8,0.5,0.3066,0.3333,10,0.5,0.3066,0.3333,10,1.0,0.4676,0.3333,11,1.0,0.4723,0.3333,12,1.0,0.4676,0.3333,15,1.0,0.4174,0.25,16
xbrl-aapl-2021-state-and-local-income-tax-expense-benefit-continuing-operations-usd-0000320193-21-000105,bm25,True,tables,0.0,0.0,0.0,2,0.0,0.0,0.0,2,0.0,0.0,0.0,3,0.0,0.0,0.0,3,0.0,0.0,0.0,4,0.0,0.0,0.0,4,0.0,0.0,0.0,8,0.0,0.0,0.0,11
xbrl-aapl-2021-state-and-local-income-tax-expense-benefit-continuing-operations-usd-0000320193-21-000105,hybrid,True,tables,0.0,0.0,0.0,6,0.0,0.0,0.0,9,0.0,0.0,0.0,11,0.0,0.0,0.0,12,0.0,0.0,0.0,13,1.0,0.3155,0.125,14,1.0,0.3333,0.1429,15,1.0,0.3562,0.1667,16
xbrl-aapl-2021-operating-expenses-usd-0000320193-21-000105,bm25,True,tables,0.5,0.2184,0.1667,2,0.5,0.2372,0.2,2,0.5,0.2641,0.25,2,0.5,0.2641,0.25,2,0.5,0.2641,0.25,2,0.5,0.2641,0.25,2,1.0,0.7842,1.0,4,1.0,0.8316,1.0,7
xbrl-aapl-2021-operating-expenses-usd-0000320193-21-000105,hybrid,True,tables,1.0,0.5803,0.5,8,1.0,0.9197,1.0,9,1.0,0.9197,1.0,9,1.0,0.9197,1.0,9,1.0,0.9197,1.0,9,1.0,0.6934,0.5,9,1.0,0.6934,0.5,10,1.0,0.6934,0.5,14
xbrl-aapl-2021-payment-tax-withholding-share-based-payment-arrangement-usd-0000320193-21-000105,bm25,True,tables,0.0,0.0,0.0,1,0.0,0.0,0.0,1,0.0,0.0,0.0,1,0.0,0.0,0.0,1,0.0,0.0,0.0,1,0.0,0.0,0.0,1,0.0,0.0,0.0,4,1.0,0.2626,0.0769,8
xbrl-aapl-2021-payment-tax-withholding-share-based-payment-arrangement-usd-0000320193-21-000105,hybrid,True,tables,1.0,0.25,0.0667,3,1.0,0.5,0.3333,8,1.0,0.5,0.3333,10,1.0,0.5,0.3333,10,1.0,0.5,0.3333,10,1.0,0.5,0.3333,10,1.0,0.5,0.3333,11,1.0,0.5,0.3333,14
xbrl-aapl-2021-lessee-operating-lease-liability-to-be-paid-year-four-usd-0000320193-21-000105,bm25,True,tables,0.0,0.0,0.0,0,0.0,0.0,0.0,0,0.0,0.0,0.0,0,0.0,0.0,0.0,0,0.0,0.0,0.0,0,0.0,0.0,0.0,0,0.0,0.0,0.0,4,0.0,0.0,0.0,9
xbrl-aapl-2021-lessee-operating-lease-liability-to-be-paid-year-four-usd-0000320193-21-000105,hybrid,True,tables,1.0,0.2789,0.0909,5,1.0,0.3562,0.1667,7,1.0,0.3333,0.1429,8,1.0,0.3333,0.1429,8,1.0,0.3333,0.1429,8,1.0,0.3333,0.1429,8,1.0,0.5,0.3333,10,1.0,0.5,0.3333,13
xbrl-aapl-2021-operating-income-loss-usd-0000320193-21-000105,bm25,True,tables,0.5,0.1934,0.125,2,0.5,0.2044,0.1429,2,0.5,0.2044,0.1429,2,0.5,0.2044,0.1429,2,0.5,0.2641,0.25,2,0.5,0.3066,0.3333,3,0.5,0.6131,1.0,8,1.0,0.7788,1.0,11
xbrl-aapl-2021-operating-income-loss-usd-0000320193-21-000105,hybrid,True,tables,1.0,0.4228,0.1667,8,1.0,0.9197,1.0,12,1.0,1.0,1.0,13,1.0,1.0,1.0,13,1.0,1.0,1.0,13,1.0,1.0,1.0,14,1.0,1.0,1.0,14,1.0,0.9197,1.0,16
xbrl-aapl-2021-deferred-income-tax-expense-benefit-usd-0000320193-21-000105,bm25,True,tables,1.0,0.3562,0.1667,3,1.0,0.3869,0.2,4,1.0,0.5,0.3333,5,1.0,0.6309,0.5,6,1.0,0.6309,0.5,7,1.0,0.6309,0.5,8,1.0,1.0,1.0,10,1.0,1.0,1.0,11
xbrl-aapl-2021-deferred-income-tax-expense-benefit-usd-0000320193-21-000105,hybrid,True,tables,1.0,0.3155,0.125,7,1.0,0.3155,0.125,10,1.0,0.4307,0.25,11,1.0,0.6309,0.5,13,1.0,0.6309,0.5,14,1.0,0.6309,0.5,16,1.0,0.6309,0.5,16,1.0,0.4307,0.25,16
xbrl-aapl-2021-payments-of-dividends-usd-0000320193-21-000105,bm25,True,tables,1.0,1.0,1.0,2,1.0,1.0,1.0,2,1.0,1.0,1.0,3,1.0,1.0,1.0,3,1.0,1.0,1.0,4,1.0,1.0,1.0,4,1.0,1.0,1.0,8,1.0,1.0,1.0,13
xbrl-aapl-2021-payments-of-dividends-usd-0000320193-21-000105,hybrid,True,tables,1.0,1.0,1.0,8,1.0,1.0,1.0,10,1.0,1.0,1.0,11,1.0,1.0,1.0,11,1.0,1.0,1.0,11,1.0,1.0,1.0,12,1.0,1.0,1.0,12,1.0,1.0,1.0,15
xbrl-aapl-2021-deferred-tax-assets-valuation-allowance-usd-0000320193-21-000105,bm25,True,tables,1.0,0.6309,0.5,2,1.0,1.0,1.0,2,1.0,1.0,1.0,3,1.0,1.0,1.0,3,1.0,1.0,1.0,3,1.0,1.0,1.0,3,1.0,1.0,1.0,8,1.0,1.0,1.0,10
xbrl-aapl-2021-deferred-tax-assets-valuation-allowance-usd-0000320193-21-000105,hybrid,True,tables,1.0,0.6309,0.5,7,1.0,1.0,1.0,9,1.0,1.0,1.0,11,1.0,1.0,1.0,12,1.0,1.0,1.0,12,1.0,1.0,1.0,12,1.0,1.0,1.0,14,1.0,1.0,1.0,16
xbrl-aapl-2021-deferred-tax-assets-deferred-income-usd-0000320193-21-000105,bm25,True,tables,1.0,0.4307,0.25,5,1.0,0.5,0.3333,5,1.0,0.5,0.3333,5,1.0,0.5,0.3333,5,1.0,0.5,0.3333,6,1.0,0.6309,0.5,7,1.0,1.0,1.0,9,1.0,1.0,1.0,10
xbrl-aapl-2021-deferred-tax-assets-deferred-income-usd-0000320193-21-000105,hybrid,True,tables,1.0,0.5,0.3333,8,1.0,1.0,1.0,10,1.0,1.0,1.0,13,1.0,1.0,1.0,15,1.0,1.0,1.0,15,1.0,1.0,1.0,16,1.0,1.0,1.0,16,1.0,1.0,1.0,16
xbrl-aapl-2021-finance-lease-right-of-use-asset-after-accumulated-amortization-usd-0000320193-21-000105,bm25,True,tables,1.0,1.0,1.0,2,1.0,1.0,1.0,3,1.0,1.0,1.0,4,1.0,1.0,1.0,4,1.0,1.0,1.0,5,1.0,1.0,1.0,5,1.0,1.0,1.0,6,1.0,1.0,1.0,13
xbrl-aapl-2021-finance-lease-right-of-use-asset-after-accumulated-amortization-usd-0000320193-21-000105,hybrid,True,tables,1.0,1.0,1.0,6,1.0,1.0,1.0,7,1.0,1.0,1.0,8,1.0,1.0,1.0,10,1.0,1.0,1.0,10,1.0,1.0,1.0,11,1.0,1.0,1.0,14,1.0,1.0,1.0,15
xbrl-aapl-2021-retained-earnings-accumulated-deficit-usd-0000320193-21-000105,bm25,True,tables,0.5,0.3869,0.5,3,0.5,0.6131,1.0,3,0.5,0.6131,1.0,3,0.5,0.6131,1.0,3,0.5,0.6131,1.0,3,0.5,0.6131,1.0,3,0.5,0.6131,1.0,4,0.5,0.6131,1.0,8
xbrl-aapl-2021-retained-earnings-accumulated-deficit-usd-0000320193-21-000105,hybrid,True,tables,0.5,0.2184,0.1667,6,0.5,0.3066,0.3333,11,0.5,0.3869,0.5,11,0.5,0.3869,0.5,11,0.5,0.3869,0.5,11,0.5,0.3869,0.5,11,0.5,0.2641,0.25,12,0.5,0.2372,0.2,14
xbrl-aapl-2021-payments-to-acquire-debt-securities-available-for-sale-usd-0000320193-21-000105,bm25,True,tables,0.0,0.0,0.0,1,0.0,0.0,0.0,1,0.0,0.0,0.0,1,0.0,0.0,0.0,2,0.0,0.0,0.0,3,0.0,0.0,0.0,3,0.0,0.0,0.0,3,0.0,0.0,0.0,7
xbrl-aapl-2021-payments-to-acquire-debt-securities-available-for-sale-usd-0000320193-21-000105,hybrid,True,tables,0.0,0.0,0.0,3,0.0,0.0,0.0,7,0.0,0.0,0.0,8,0.0,0.0,0.0,9,0.0,0.0,0.0,9,0.0,0.0,0.0,9,0.0,0.0,0.0,10,0.0,0.0,0.0,13
xbrl-aapl-2022-increase-decrease-in-other-operating-assets-usd-0000320193-22-000108,bm25,True,tables,0.0,0.0,0.0,1,0.0,0.0,0.0,1,0.0,0.0,0.0,1,0.0,0.0,0.0,1,0.0,0.0,0.0,1,0.0,0.0,0.0,1,1.0,0.2789,0.0909,3,1.0,0.5,0.3333,9
xbrl-aapl-2022-increase-decrease-in-other-operating-assets-usd-0000320193-22-000108,hybrid,True,tables,0.0,0.0,0.0,6,1.0,1.0,1.0,8,1.0,1.0,1.0,9,1.0,1.0,1.0,10,1.0,1.0,1.0,10,1.0,1.0,1.0,10,1.0,1.0,1.0,12,1.0,1.0,1.0,14
xbrl-aapl-2022-other-comprehensive-income-loss-net-of-tax-portion-attributable-to-parent-usd-0000320193-22-000108,bm25,True,tables,0.0,0.0,0.0,1,0.0,0.0,0.0,2,0.0,0.0,0.0,2,0.0,0.0,0.0,4,0.5,0.15,0.0625,5,0.5,0.1533,0.0667,5,1.0,0.3645,0.125,7,1.0,0.4416,0.2,13
xbrl-aapl-2022-other-comprehensive-income-loss-net-of-tax-portion-attributable-to-parent-usd-0000320193-22-000108,hybrid,True,tables,1.0,0.3272,0.1,4,1.0,0.403,0.1667,8,1.0,0.5013,0.25,10,1.0,0.5438,0.3333,11,1.0,0.5706,0.3333,13,1.0,0.5706,0.3333,13,1.0,0.5706,0.3333,16,1.0,0.5706,0.3333,16
xbrl-aapl-2022-unrecorded-unconditional-purchase-obligation-to-be-paid-year-three-usd-0000320193-22-000108,bm25,True,tables,0.0,0.0,0.0,0,0.0,0.0,0.0,0,0.0,0.0,0.0,0,0.0,0.0,0.0,0,0.0,0.0,0.0,0,0.0,0.0,0.0,0,0.0,0.0,0.0,2,0.0,0.0,0.0,6
xbrl-aapl-2022-unrecorded-unconditional-purchase-obligation-to-be-paid-year-three-usd-0000320193-22-000108,hybrid,True,tables,0.0,0.0,0.0,0,0.0,0.0,0.0,3,0.0,0.0,0.0,6,0.0,0.0,0.0,7,0.0,0.0,0.0,8,0.0,0.0,0.0,8,0.0,0.0,0.0,10,0.0,0.0,0.0,13
xbrl-aapl-2022-effective-income-tax-rate-reconciliation-tax-cuts-and-jobs-act-amount-usd-0000320193-22-000108,bm25,True,tables,0.0,0.0,0.0,2,1.0,0.25,0.0667,3,1.0,0.256,0.0714,4,1.0,0.256,0.0714,4,1.0,0.2702,0.0833,5,1.0,0.2702,0.0833,5,1.0,0.2789,0.0909,7,1.0,0.3869,0.2,8
xbrl-aapl-2022-effective-income-tax-rate-reconciliation-tax-cuts-and-jobs-act-amount-usd-0000320193-22-000108,hybrid,True,tables,1.0,0.3155,0.125,8,1.0,0.3562,0.1667,10,1.0,0.4307,0.25,12,1.0,0.5,0.3333,13,1.0,0.5,0.3333,14,1.0,0.5,0.3333,15,1.0,0.5,0.3333,16,1.0,0.5,0.3333,16
xbrl-aapl-2022-deferred-tax-assets-net-of-valuation-allowance-usd-0000320193-22-000108,bm25,True,tables,1.0,0.6309,0.5,2,1.0,0.6309,0.5,3,1.0,1.0,1.0,3,1.0,1.0,1.0,4,1.0,1.0,1.0,5,1.0,1.0,1.0,6,1.0,1.0,1.0,7,1.0,1.0,1.0,12
xbrl-aapl-2022-deferred-tax-assets-net-of-valuation-allowance-usd-0000320193-22-000108,hybrid,True,tables,1.0,0.6309,0.5,7,1.0,0.6309,0.5,10,1.0,1.0,1.0,12,1.0,1.0,1.0,13,1.0,1.0,1.0,14,1.0,1.0,1.0,14,1.0,1.0,1.0,16,1.0,1.0,1.0,16
xbrl-aapl-2022-lessee-operating-lease-liability-to-be-paid-after-year-five-usd-0000320193-22-000108,bm25,True,tables,0.0,0.0,0.0,0,0.0,0.0,0.0,0,0.0,0.0,0.0,0,0.0,0.0,0.0,1,0.0,0.0,0.0,1,0.0,0.0,0.0,1,0.0,0.0,0.0,4,0.0,0.0,0.0,7
xbrl-aapl-2022-lessee-operating-lease-liability-to-be-paid-after-year-five-usd-0000320193-22-000108,hybrid,True,tables,1.0,0.2891,0.1,6,1.0,0.3155,0.125,7,1.0,0.3155,0.125,8,1.0,0.3333,0.1429,8,1.0,0.3333,0.1429,8,1.0,0.3333,0.1429,8,1.0,0.3869,0.2,11,1.0,0.3869,0.2,14
xbrl-aapl-2022-deferred-income-tax-expense-benefit-usd-0000320193-22-000108,bm25,True,tables,0.6666666666666666,0.3169,0.25,3,0.6666666666666666,0.3494,0.3333,3,0.6666666666666666,0.3655,0.3333,4,0.6666666666666666,0.3703,0.3333,5,0.6666666666666666,0.6173,1.0,6,0.6666666666666666,0.6173,1.0,7,0.6666666666666666,0.6257,1.0,9,0.6666666666666666,0.7039,1.0,12
xbrl-aapl-2022-deferred-income-tax-expense-benefit-usd-0000320193-22-000108,hybrid,True,tables,0.6666666666666666,0.3045,0.1429,7,0.6666666666666666,0.338,0.2,11,1.0,0.4985,0.25,13,1.0,0.5541,0.3333,14,1.0,0.56,0.3333,16,1.0,0.56,0.3333,16,1.0,0.5569,0.3333,16,1.0,0.5471,0.3333,16
xbrl-aapl-2022-marketable-securities-noncurrent-usd-0000320193-22-000108,bm25,True,tables,0.0,0.0,0.0,10,0.0,0.0,0.0,10,0.0,0.0,0.0,12,0.3333333333333333,0.1148,0.0625,14,0.3333333333333333,0.1173,0.0667,15,0.3333333333333333,0.1173,0.0667,15,0.3333333333333333,0.1201,0.0714,16,0.3333333333333333,0.1201,0.0714,16
xbrl-aapl-2022-marketable-securities-noncurrent-usd-0000320193-22-000108,hybrid,True,tables,0.0,0.0,0.0,11,0.0,0.0,0.0,14,0.0,0.0,0.0,15,0.3333333333333333,0.1148,0.0625,16,0.3333333333333333,0.1148,0.0625,16,0.3333333333333333,0.1148,0.0625,16,0.3333333333333333,0.1148,0.0625,16,0.3333333333333333,0.1148,0.0625,16
xbrl-aapl-2022-deferred-tax-liabilities-gross-usd-0000320193-22-000108,bm25,True,tables,1.0,0.3333,0.1429,2,1.0,0.3562,0.1667,2,1.0,0.3562,0.1667,2,1.0,0.3869,0.2,4,1.0,0.4307,0.25,4,1.0,0.4307,0.25,4,1.0,0.5,0.3333,5,1.0,0.6309,0.5,10
xbrl-aapl-2022-deferred-tax-liabilities-gross-usd-0000320193-22-000108,hybrid,True,tables,1.0,0.4307,0.25,6,1.0,0.4307,0.25,10,1.0,0.5,0.3333,12,1.0,0.6309,0.5,13,1.0,0.6309,0.5,13,1.0,0.6309,0.5,14,1.0,0.6309,0.5,15,1.0,0.6309,0.5,16
xbrl-aapl-2022-lessee-operating-lease-liability-to-be-paid-year-three-usd-0000320193-22-000108,bm25,True,tables,0.0,0.0,0.0,0,0.0,0.0,0.0,0,0.0,0.0,0.0,0,0.0,0.0,0.0,0,0.0,0.0,0.0,0,0.0,0.0,0.0,0,0.0,0.0,0.0,4,0.0,0.0,0.0,7
xbrl-aapl-2022-lessee-operating-lease-liability-to-be-paid-year-three-usd-0000320193-22-000108,hybrid,True,tables,1.0,0.301,0.1111,5,1.0,0.3562,0.1667,7,1.0,0.3562,0.1667,8,1.0,0.3869,0.2,8,1.0,0.3869,0.2,8,1.0,0.3869,0.2,8,1.0,0.4307,0.25,9,1.0,0.4307,0.25,14
xbrl-aapl-2022-long-term-debt-maturity-year-four-usd-0000320193-22-000108,bm25,True,tables,0.0,0.0,0.0,3,0.0,0.0,0.0,3,0.0,0.0,0.0,3,0.0,0.0,0.0,3,0.0,0.0,0.0,4,1.0,0.2447,0.0625,5,1.0,0.2891,0.1,8,1.0,0.3869,0.2,9
xbrl-aapl-2022-long-term-debt-maturity-year-four-usd-0000320193-22-000108,hybrid,True,tables,1.0,0.3333,0.1429,9,1.0,0.3869,0.2,10,1.0,0.3869,0.2,11,1.0,0.3869,0.2,11,1.0,0.3869,0.2,11,1.0,0.3869,0.2,11,1.0,0.3869,0.2,11,1.0,0.3869,0.2,14
xbrl-aapl-2022-effective-income-tax-rate-reconciliation-state-and-local-income-taxes-amount-usd-0000320193-22-000108,bm25,True,tables,1.0,0.2447,0.0625,3,1.0,0.2447,0.0625,3,1.0,0.2702,0.0833,3,1.0,0.2789,0.0909,3,1.0,0.2789,0.0909,4,1.0,0.2789,0.0909,4,1.0,0.3333,0.1429,8,1.0,0.3869,0.2,10
xbrl-aapl-2022-effective-income-tax-rate-reconciliation-state-and-local-income-taxes-amount-usd-0000320193-22-000108,hybrid,True,tables,1.0,0.3155,0.125,8,1.0,0.3869,0.2,11,1.0,0.4307,0.25,14,1.0,0.5,0.3333,15,1.0,0.5,0.3333,16,1.0,0.5,0.3333,16,1.0,0.5,0.3333,16,1.0,0.5,0.3333,16
xbrl-aapl-2022-repayments-of-short-term-debt-maturing-in-more-than-three-months-usd-0000320193-22-000108,bm25,True,tables,1.0,0.2789,0.0909,2,1.0,0.301,0.1111,3,1.0,0.301,0.1111,3,1.0,0.301,0.1111,4,1.0,0.301,0.1111,4,1.0,0.3333,0.1429,4,1.0,0.6309,0.5,5,1.0,0.6309,0.5,9
xbrl-aapl-2022-repayments-of-short-term-debt-maturing-in-more-than-three-months-usd-0000320193-22-000108,hybrid,True,tables,1.0,0.3869,0.2,5,1.0,0.6309,0.5,9,1.0,0.6309,0.5,9,1.0,0.6309,0.5,9,1.0,0.6309,0.5,9,1.0,0.6309,0.5,10,1.0,0.6309,0.5,11,1.0,0.6309,0.5,12
xbrl-aapl-2022-finance-lease-liability-noncurrent-usd-0000320193-22-000108,bm25,True,tables,1.0,0.2626,0.0769,3,1.0,0.2702,0.0833,3,1.0,0.2702,0.0833,3,1.0,0.2789,0.0909,3,1.0,0.2891,0.1,3,1.0,0.3155,0.125,3,1.0,0.3869,0.2,4,1.0,0.3869,0.2,8
xbrl-aapl-2022-finance-lease-liability-noncurrent-usd-0000320193-22-000108,hybrid,True,tables,1.0,0.3869,0.2,6,1.0,0.3869,0.2,8,1.0,0.4307,0.25,9,1.0,0.5,0.3333,11,1.0,0.5,0.3333,11,1.0,0.5,0.3333,12,1.0,0.5,0.3333,13,1.0,0.5,0.3333,14
xbrl-aapl-2022-operating-lease-liability-current-usd-0000320193-22-000108,bm25,True,tables,1.0,0.5,0.3333,2,1.0,0.5,0.3333,2,1.0,0.6309,0.5,3,1.0,0.6309,0.5,3,1.0,0.6309,0.5,4,1.0,0.6309,0.5,4,1.0,1.0,1.0,7,1.0,1.0,1.0,10
xbrl-aapl-2022-operating-lease-liability-current-usd-0000320193-22-000108,hybrid,True,tables,1.0,0.5,0.3333,9,1.0,1.0,1.0,10,1.0,1.0,1.0,11,1.0,1.0,1.0,12,1.0,1.0,1.0,12,1.0,1.0,1.0,12,1.0,1.0,1.0,13,1.0,1.0,1.0,14
xbrl-aapl-2022-lessee-operating-lease-liability-to-be-paid-year-two-usd-0000320193-22-000108,bm25,True,tables,0.0,0.0,0.0,0,0.0,0.0,0.0,0,0.0,0.0,0.0,0,0.0,0.0,0.0,0,0.0,0.0,0.0,0,0.0,0.0,0.0,0,0.0,0.0,0.0,4,0.0,0.0,0.0,7
xbrl-aapl-2022-lessee-operating-lease-liability-to-be-paid-year-two-usd-0000320193-22-000108,hybrid,True,tables,0.5,0.1772,0.1,5,0.5,0.2184,0.1667,7,0.5,0.2184,0.1667,8,0.5,0.2372,0.2,8,0.5,0.2372,0.2,8,0.5,0.2184,0.1667,8,0.5,0.2641,0.25,10,0.5,0.2641,0.25,14
xbrl-aapl-2022-liabilities-usd-0000320193-22-000108,bm25,True,tables,0.0,0.0,0.0,0,0.0,0.0,0.0,0,0.0,0.0,0.0,0,0.0,0.0,0.0,0,0.0,0.0,0.0,0,0.0,0.0,0.0,0,1.0,0.301,0.1111,4,1.0,1.0,1.0,10
xbrl-aapl-2022-liabilities-usd-0000320193-22-000108,hybrid,True,tables,1.0,0.3155,0.125,7,1.0,0.3869,0.2,10,1.0,0.4307,0.25,11,1.0,0.4307,0.25,11,1.0,0.4307,0.25,11,1.0,0.5,0.3333,11,1.0,0.4307,0.25,12,1.0,0.4307,0.25,16
xbrl-aapl-2022-finance-lease-liability-to-be-paid-year-two-usd-0000320193-22-000108,bm25,True,tables,0.0,0.0,0.0,1,0.0,0.0,0.0,1,0.5,0.1533,0.0667,2,0.5,0.171,0.0909,2,0.5,0.1772,0.1,2,0.5,0.1846,0.1111,2,0.5,0.2641,0.25,5,0.5,0.3066,0.3333,8
xbrl-aapl-2022-finance-lease-liability-to-be-paid-year-two-usd-0000320193-22-000108,hybrid,True,tables,0.5,0.2641,0.25,6,0.5,0.2641,0.25,7,0.5,0.3869,0.5,8,0.5,0.3869,0.5,8,0.5,0.3869,0.5,9,0.5,0.3869,0.5,9,0.5,0.6131,1.0,11,0.5,0.3869,0.5,14
xbrl-aapl-2022-share-based-payment-arrangement-expense-usd-0000320193-22-000108,bm25,True,tables,0.5,0.2184,0.1667,2,0.5,0.2372,0.2,2,1.0,0.421,0.25,3,1.0,0.4298,0.25,3,1.0,0.4351,0.25,3,1.0,0.4413,0.25,3,1.0,0.8316,1.0,4,1.0,0.9197,1.0,5
xbrl-aapl-2022-share-based-payment-arrangement-expense-usd-0000320193-22-000108,hybrid,True,tables,0.5,0.6131,1.0,2,0.5,0.6131,1.0,9,0.5,0.6131,1.0,10,0.5,0.6131,1.0,10,0.5,0.6131,1.0,11,0.5,0.6131,1.0,11,1.0,0.7664,1.0,13,1.0,0.7788,1.0,14
xbrl-aapl-2022-stockholders-equity-attributable-to-parent-usd-0000320193-22-000108,bm25,True,tables,0.0,0.0,0.0,0,0.0,0.0,0.0,2,0.0,0.0,0.0,3,0.0,0.0,0.0,3,0.0,0.0,0.0,3,0.0,0.0,0.0,3,0.0,0.0,0.0,3,0.0,0.0,0.0,8
xbrl-aapl-2022-stockholders-equity-attributable-to-parent-usd-0000320193-22-000108,hybrid,True,tables,0.5,0.1657,0.0833,4,0.5,0.2184,0.1667,7,0.5,0.2641,0.25,9,0.5,0.2372,0.2,10,0.5,0.2372,0.2,11,0.5,0.2184,0.1667,11,0.5,0.2044,0.1429,12,0.5,0.1934,0.125,14
xbrl-aapl-2023-lessee-operating-lease-liability-to-be-paid-usd-0000320193-23-000106,bm25,True,tables,0.0,0.0,0.0,0,0.0,0.0,0.0,0,0.0,0.0,0.0,0,0.0,0.0,0.0,1,0.0,0.0,0.0,1,0.0,0.0,0.0,3,0.0,0.0,0.0,4,0.0,0.0,0.0,10
xbrl-aapl-2023-lessee-operating-lease-liability-to-be-paid-usd-0000320193-23-000106,hybrid,True,tables,1.0,0.3333,0.1429,6,1.0,0.3562,0.1667,7,1.0,0.3869,0.2,8,1.0,0.3869,0.2,8,1.0,0.3869,0.2,8,1.0,0.3869,0.2,8,1.0,0.5,0.3333,10,1.0,0.5,0.3333,14
xbrl-aapl-2023-increase-decrease-in-other-operating-liabilities-usd-0000320193-23-000106,bm25,True,tables,0.0,0.0,0.0,1,0.0,0.0,0.0,1,0.0,0.0,0.0,1,0.0,0.0,0.0,1,0.0,0.0,0.0,1,0.0,0.0,0.0,1,0.0,0.0,0.0,4,0.0,0.0,0.0,10
xbrl-aapl-2023-increase-decrease-in-other-operating-liabilities-usd-0000320193-23-000106,hybrid,True,tables,0.0,0.0,0.0,3,0.0,0.0,0.0,8,0.0,0.0,0.0,9,0.0,0.0,0.0,10,0.0,0.0,0.0,10,0.0,0.0,0.0,10,0.0,0.0,0.0,12,1.0,0.2891,0.1,15
xbrl-aapl-2023-stockholders-equity-attributable-to-parent-usd-0000320193-23-000106,bm25,True,tables,0.0,0.0,0.0,2,0.0,0.0,0.0,2,0.0,0.0,0.0,3,0.0,0.0,0.0,3,0.0,0.0,0.0,3,0.0,0.0,0.0,3,0.0,0.0,0.0,4,0.0,0.0,0.0,8
xbrl-aapl-2023-stockholders-equity-attributable-to-parent-usd-0000320193-23-000106,hybrid,True,tables,0.0,0.0,0.0,4,1.0,0.319,0.0833,9,1.0,0.328,0.0909,9,1.0,0.3243,0.0909,10,1.0,0.3243,0.0909,10,0.5,0.161,0.0769,10,1.0,0.311,0.0769,13,0.5,0.1569,0.0714,14
xbrl-aapl-2023-gross-profit-usd-0000320193-23-000106,bm25,True,tables,0.0,0.0,0.0,1,0.0,0.0,0.0,1,0.5,0.1533,0.0667,2,0.5,0.1569,0.0714,2,0.5,0.1657,0.0833,2,0.5,0.171,0.0909,2,0.5,0.1846,0.1111,3,0.5,0.3869,0.5,8
xbrl-aapl-2023-gross-profit-usd-0000320193-23-000106,hybrid,True,tables,0.5,0.3066,0.3333,5,0.5,0.3066,0.3333,7,1.0,0.5438,0.3333,8,1.0,0.6241,0.5,8,1.0,0.6509,0.5,9,1.0,0.6509,0.5,9,1.0,0.6509,0.5,10,1.0,0.8772,1.0,13
xbrl-aapl-2023-deferred-tax-assets-net-of-valuation-allowance-usd-0000320193-23-000106,bm25,True,tables,1.0,0.6309,0.5,3,1.0,1.0,1.0,3,1.0,1.0,1.0,4,1.0,1.0,1.0,4,1.0,1.0,1.0,5,1.0,1.0,1.0,5,1.0,1.0,1.0,9,1.0,1.0,1.0,11
xbrl-aapl-2023-deferred-tax-assets-net-of-valuation-allowance-usd-0000320193-23-000106,hybrid,True,tables,1.0,0.5,0.3333,8,1.0,1.0,1.0,11,1.0,1.0,1.0,12,1.0,1.0,1.0,13,1.0,1.0,1.0,13,1.0,1.0,1.0,14,1.0,1.0,1.0,16,1.0,1.0,1.0,16
xbrl-aapl-2023-finance-lease-liability-to-be-paid-year-one-usd-0000320193-23-000106,bm25,True,tables,0.0,0.0,0.0,1,0.0,0.0,0.0,1,1.0,0.2447,0.0625,2,1.0,0.2702,0.0833,2,1.0,0.2891,0.1,2,1.0,0.3155,0.125,2,1.0,0.4307,0.25,5,1.0,0.5,0.3333,8
xbrl-aapl-2023-finance-lease-liability-to-be-paid-year-one-usd-0000320193-23-000106,hybrid,True,tables,1.0,0.4307,0.25,5,1.0,0.5,0.3333,8,1.0,0.5,0.3333,8,1.0,0.6309,0.5,8,1.0,0.6309,0.5,8,1.0,0.6309,0.5,9,1.0,1.0,1.0,10,1.0,0.6309,0.5,14
xbrl-aapl-2023-increase-decrease-in-accounts-payable-usd-0000320193-23-000106,bm25,True,tables,0.0,0.0,0.0,1,0.0,0.0,0.0,1,0.0,0.0,0.0,2,0.0,0.0,0.0,2,0.0,0.0,0.0,2,1.0,0.256,0.0714,3,1.0,0.301,0.1111,4,1.0,0.5,0.3333,10
xbrl-aapl-2023-increase-decrease-in-accounts-payable-usd-0000320193-23-000106,hybrid,True,tables,1.0,0.3333,0.1429,6,1.0,0.6309,0.5,10,1.0,0.5,0.3333,10,1.0,0.6309,0.5,10,1.0,0.6309,0.5,10,1.0,0.5,0.3333,10,1.0,0.4307,0.25,11,1.0,0.4307,0.25,13
xbrl-aapl-2023-lessee-operating-lease-liability-to-be-paid-after-year-five-usd-0000320193-23-000106,bm25,True,tables,0.0,0.0,0.0,0,0.0,0.0,0.0,0,0.0,0.0,0.0,1,0.0,0.0,0.0,1,0.0,0.0,0.0,1,0.0,0.0,0.0,1,0.0,0.0,0.0,4,0.0,0.0,0.0,6
xbrl-aapl-2023-lessee-operating-lease-liability-to-be-paid-after-year-five-usd-0000320193-23-000106,hybrid,True,tables,1.0,0.2702,0.0833,5,1.0,0.2891,0.1,7,1.0,0.3155,0.125,9,1.0,0.3155,0.125,9,1.0,0.3155,0.125,9,1.0,0.3155,0.125,9,1.0,0.2891,0.1,10,1.0,0.3869,0.2,14
xbrl-aapl-2023-unrecorded-unconditional-purchase-obligation-to-be-paid-year-one-usd-0000320193-23-000106,bm25,True,tables,0.0,0.0,0.0,0,0.0,0.0,0.0,0,0.0,0.0,0.0,0,0.0,0.0,0.0,0,0.0,0.0,0.0,0,0.0,0.0,0.0,0,0.0,0.0,0.0,3,0.0,0.0,0.0,6
xbrl-aapl-2023-unrecorded-unconditional-purchase-obligation-to-be-paid-year-one-usd-0000320193-23-000106,hybrid,True,tables,0.0,0.0,0.0,0,0.0,0.0,0.0,4,0.0,0.0,0.0,8,0.0,0.0,0.0,8,0.0,0.0,0.0,8,0.0,0.0,0.0,8,0.0,0.0,0.0,10,0.0,0.0,0.0,13
xbrl-aapl-2023-state-and-local-income-tax-expense-benefit-continuing-operations-usd-0000320193-23-000106,bm25,True,tables,0.0,0.0,0.0,2,0.0,0.0,0.0,3,0.0,0.0,0.0,4,0.0,0.0,0.0,5,0.0,0.0,0.0,6,0.0,0.0,0.0,6,0.0,0.0,0.0,9,0.0,0.0,0.0,11
xbrl-aapl-2023-state-and-local-income-tax-expense-benefit-continuing-operations-usd-0000320193-23-000106,hybrid,True,tables,0.0,0.0,0.0,7,0.0,0.0,0.0,9,0.0,0.0,0.0,11,1.0,0.301,0.1111,13,1.0,0.2891,0.1,13,1.0,0.2891,0.1,13,1.0,0.2891,0.1,14,1.0,0.3155,0.125,16
xbrl-aapl-2023-accumulated-other-comprehensive-income-loss-net-of-tax-usd-0000320193-23-000106,bm25,True,tables,0.0,0.0,0.0,4,0.5,0.1533,0.0667,5,0.5,0.1657,0.0833,7,0.5,0.1657,0.0833,7,0.5,0.171,0.0909,7,1.0,0.3305,0.1,9,1.0,0.4218,0.2,12,1.0,0.4306,0.2,15
xbrl-aapl-2023-accumulated-other-comprehensive-income-loss-net-of-tax-usd-0000320193-23-000106,hybrid,True,tables,0.0,0.0,0.0,6,1.0,0.3367,0.0909,12,1.0,0.378,0.125,14,1.0,0.3707,0.125,14,1.0,0.389,0.1429,16,1.0,0.389,0.1429,16,1.0,0.389,0.1429,16,1.0,0.3701,0.1429,16
xbrl-aapl-2023-long-term-debt-maturity-year-two-usd-0000320193-23-000106,bm25,True,tables,0.0,0.0,0.0,2,0.0,0.0,0.0,2,0.0,0.0,0.0,2,0.0,0.0,0.0,2,0.0,0.0,0.0,3,1.0,0.2447,0.0625,5,1.0,0.2891,0.1,9,1.0,0.3869,0.2,9
xbrl-aapl-2023-long-term-debt-maturity-year-two-usd-0000320193-23-000106,hybrid,True,tables,1.0,0.3155,0.125,9,1.0,0.3869,0.2,11,1.0,0.3869,0.2,12,1.0,0.3869,0.2,12,1.0,0.3869,0.2,12,1.0,0.3869,0.2,12,1.0,0.3869,0.2,13,1.0,0.3869,0.2,16
xbrl-aapl-2023-oci-debt-securities-available-for-sale-gain-loss-after-adjustment-and-tax-usd-0000320193-23-000106,bm25,True,both,0.5,0.6131,1.0,2,0.5,0.6131,1.0,2,0.5,0.6131,1.0,2,0.5,0.6131,1.0,2,0.5,0.6131,1.0,2,0.5,0.6131,1.0,3,0.5,0.6131,1.0,9,0.5,0.6131,1.0,12
xbrl-aapl-2023-oci-debt-securities-available-for-sale-gain-loss-after-adjustment-and-tax-usd-0000320193-23-000106,hybrid,True,both,1.0,0.8175,1.0,5,1.0,0.9197,1.0,9,0.5,0.6131,1.0,11,0.5,0.6131,1.0,11,0.5,0.6131,1.0,11,0.5,0.6131,1.0,11,0.5,0.6131,1.0,11,0.5,0.6131,1.0,16
xbrl-aapl-2023-current-state-and-local-tax-expense-benefit-usd-0000320193-23-000106,bm25,True,tables,0.0,0.0,0.0,1,0.0,0.0,0.0,1,1.0,0.2447,0.0625,2,1.0,0.2626,0.0769,2,1.0,0.2702,0.0833,2,1.0,0.2891,0.1,3,1.0,0.3562,0.1667,5,1.0,0.5,0.3333,12
xbrl-aapl-2023-current-state-and-local-tax-expense-benefit-usd-0000320193-23-000106,hybrid,True,tables,1.0,0.3869,0.2,8,1.0,0.4307,0.25,8,1.0,0.6309,0.5,11,1.0,0.6309,0.5,11,1.0,0.6309,0.5,12,1.0,0.6309,0.5,13,1.0,0.6309,0.5,16,1.0,0.6309,0.5,16
xbrl-aapl-2023-deferred-income-tax-assets-net-usd-0000320193-23-000106,bm25,True,tables,1.0,0.2789,0.0909,5,1.0,0.2789,0.0909,6,1.0,0.2891,0.1,7,1.0,0.2891,0.1,7,1.0,0.301,0.1111,7,1.0,0.3155,0.125,8,1.0,0.3562,0.1667,9,1.0,0.4307,0.25,11
xbrl-aapl-2023-deferred-income-tax-assets-net-usd-0000320193-23-000106,hybrid,True,tables,1.0,0.3869,0.2,9,1.0,0.3869,0.2,12,1.0,0.4307,0.25,14,1.0,0.5,0.3333,14,1.0,0.5,0.3333,15,1.0,0.5,0.3333,16,1.0,0.6309,0.5,16,1.0,0.6309,0.5,16
xbrl-aapl-2023-property-plant-and-equipment-net-usd-0000320193-23-000106,bm25,True,tables,0.6666666666666666,0.4632,0.5,4,0.6666666666666666,0.6364,1.0,4,0.6666666666666666,0.6508,1.0,4,0.6666666666666666,0.6508,1.0,4,0.6666666666666666,0.6508,1.0,4,0.6666666666666666,0.6508,1.0,4,0.6666666666666666,0.6714,1.0,7,0.6666666666666666,0.6714,1.0,10
xbrl-aapl-2023-property-plant-and-equipment-net-usd-0000320193-23-000106,hybrid,True,tables,0.6666666666666666,0.6364,1.0,5,0.6666666666666666,0.7039,1.0,8,0.6666666666666666,0.7039,1.0,11,0.6666666666666666,0.7039,1.0,11,0.6666666666666666,0.7039,1.0,11,0.6666666666666666,0.7039,1.0,11,0.6666666666666666,0.7039,1.0,13,0.6666666666666666,0.7039,1.0,16
xbrl-aapl-2023-other-assets-miscellaneous-noncurrent-usd-0000320193-23-000106,bm25,True,tables,0.0,0.0,0.0,0,0.0,0.0,0.0,0,0.0,0.0,0.0,0,0.0,0.0,0.0,0,0.0,0.0,0.0,0,0.0,0.0,0.0,0,0.0,0.0,0.0,2,1.0,0.256,0.0714,9
xbrl-aapl-2023-other-assets-miscellaneous-noncurrent-usd-0000320193-23-000106,hybrid,True,tables,1.0,0.4307,0.25,7,1.0,0.6309,0.5,8,1.0,1.0,1.0,10,1.0,1.0,1.0,11,1.0,1.0,1.0,11,1.0,1.0,1.0,12,1.0,1.0,1.0,14,1.0,1.0,1.0,16
xbrl-aapl-2023-long-term-debt-current-maturities-usd-0000320193-23-000106,bm25,True,tables,1.0,0.5912,0.5,6,1.0,0.6241,0.5,6,1.0,0.6241,0.5,6,1.0,0.8503,1.0,6,1.0,0.8772,1.0,8,1.0,0.8772,1.0,8,1.0,0.8772,1.0,12,1.0,0.9197,1.0,14
xbrl-aapl-2023-long-term-debt-current-maturities-usd-0000320193-23-000106,hybrid,True,tables,1.0,0.8066,1.0,11,1.0,0.8316,1.0,13,1.0,0.8503,1.0,13,1.0,0.8503,1.0,14,1.0,0.8503,1.0,14,1.0,0.8503,1.0,15,1.0,0.8316,1.0,15,1.0,0.8175,1.0,16
xbrl-aapl-2023-increase-decrease-in-accounts-receivable-usd-0000320193-23-000106,bm25,True,tables,1.0,0.3155,0.125,2,1.0,0.3333,0.1429,2,1.0,0.3562,0.1667,3,1.0,0.3562,0.1667,3,1.0,0.4307,0.25,3,1.0,0.5,0.3333,4,1.0,1.0,1.0,5,1.0,1.0,1.0,10
xbrl-aapl-2023-increase-decrease-in-accounts-receivable-usd-0000320193-23-000106,hybrid,True,tables,1.0,1.0,1.0,3,1.0,1.0,1.0,8,1.0,1.0,1.0,10,1.0,0.6309,0.5,10,1.0,0.6309,0.5,10,1.0,0.6309,0.5,11,1.0,0.6309,0.5,11,1.0,0.6309,0.5,13
xbrl-aapl-2023-cash-and-cash-equivalents-at-carrying-value-usd-0000320193-23-000106,bm25,True,tables,0.5,0.1657,0.0833,14,0.5,0.1657,0.0833,14,0.5,0.1772,0.1,14,0.5,0.1772,0.1,14,0.5,0.1772,0.1,14,0.5,0.1772,0.1,15,0.5,0.1772,0.1,16,0.5,0.1772,0.1,16
xbrl-aapl-2023-cash-and-cash-equivalents-at-carrying-value-usd-0000320193-23-000106,hybrid,True,tables,0.5,0.1846,0.1111,16,0.5,0.1846,0.1111,16,0.5,0.1846,0.1111,16,0.5,0.1846,0.1111,16,0.5,0.1846,0.1111,16,0.5,0.1846,0.1111,16,0.5,0.1846,0.1111,16,1.0,0.3379,0.1111,16
xbrl-aapl-2024-long-term-debt-current-maturities-usd-0000320193-24-000123,bm25,True,tables,1.0,0.525,0.3333,5,1.0,0.525,0.3333,5,1.0,0.5438,0.3333,6,1.0,0.5438,0.3333,6,1.0,0.5438,0.3333,8,1.0,0.6241,0.5,8,1.0,0.6509,0.5,12,1.0,0.6934,0.5,13
xbrl-aapl-2024-long-term-debt-current-maturities-usd-0000320193-24-000123,hybrid,True,tables,1.0,0.5,0.3333,9,1.0,0.6053,0.5,13,1.0,0.6241,0.5,14,1.0,0.6241,0.5,14,1.0,0.6241,0.5,14,1.0,0.6241,0.5,14,1.0,0.6241,0.5,14,1.0,0.5438,0.3333,16
xbrl-aapl-2024-finance-lease-liability-to-be-paid-year-two-usd-0000320193-24-000123,bm25,True,tables,0.3333333333333333,0.1148,0.0625,2,0.3333333333333333,0.1268,0.0833,2,0.3333333333333333,0.1309,0.0909,2,0.3333333333333333,0.1413,0.1111,2,0.3333333333333333,0.1564,0.1429,2,0.3333333333333333,0.1564,0.1429,2,0.3333333333333333,0.2021,0.25,4,0.3333333333333333,0.2346,0.3333,9
xbrl-aapl-2024-finance-lease-liability-to-be-paid-year-two-usd-0000320193-24-000123,hybrid,True,tables,0.3333333333333333,0.2021,0.25,6,0.3333333333333333,0.2021,0.25,7,0.3333333333333333,0.2961,0.5,8,0.3333333333333333,0.2961,0.5,9,0.3333333333333333,0.2961,0.5,9,0.3333333333333333,0.2961,0.5,9,0.3333333333333333,0.4693,1.0,11,0.3333333333333333,0.2961,0.5,13
xbrl-aapl-2024-effective-income-tax-rate-reconciliation-state-and-local-income-taxes-amount-usd-0000320193-24-000123,bm25,True,tables,0.0,0.0,0.0,2,0.5,0.15,0.0625,3,0.5,0.1569,0.0714,4,0.5,0.1569,0.0714,5,0.5,0.1657,0.0833,5,0.5,0.1657,0.0833,6,0.5,0.171,0.0909,8,0.5,0.2184,0.1667,10
xbrl-aapl-2024-effective-income-tax-rate-reconciliation-state-and-local-income-taxes-amount-usd-0000320193-24-000123,hybrid,True,tables,0.5,0.1934,0.125,8,0.5,0.2372,0.2,11,0.5,0.2372,0.2,13,0.5,0.2372,0.2,13,0.5,0.3066,0.3333,13,0.5,0.3066,0.3333,14,0.5,0.3066,0.3333,16,0.5,0.3066,0.3333,16
xbrl-aapl-2024-deferred-tax-liabilities-property-plant-and-equipment-usd-0000320193-24-000123,bm25,True,tables,0.0,0.0,0.0,5,0.0,0.0,0.0,5,0.0,0.0,0.0,5,0.0,0.0,0.0,5,1.0,0.25,0.0667,6,1.0,0.256,0.0714,6,1.0,0.2891,0.1,8,1.0,0.3155,0.125,10
xbrl-aapl-2024-deferred-tax-liabilities-property-plant-and-equipment-usd-0000320193-24-000123,hybrid,True,tables,1.0,0.2789,0.0909,5,1.0,0.3155,0.125,9,1.0,0.3562,0.1667,11,1.0,0.3562,0.1667,12,1.0,0.3869,0.2,13,1.0,0.3869,0.2,13,1.0,0.4307,0.25,15,1.0,0.4307,0.25,16
xbrl-aapl-2024-unrecognized-tax-benefits-usd-0000320193-24-000123,bm25,True,tables,0.0,0.0,0.0,2,0.0,0.0,0.0,3,0.0,0.0,0.0,3,0.0,0.0,0.0,3,0.0,0.0,0.0,4,0.0,0.0,0.0,4,0.0,0.0,0.0,5,0.0,0.0,0.0,7
xbrl-aapl-2024-unrecognized-tax-benefits-usd-0000320193-24-000123,hybrid,True,tables,0.0,0.0,0.0,4,0.0,0.0,0.0,8,0.0,0.0,0.0,11,0.0,0.0,0.0,13,0.0,0.0,0.0,14,0.0,0.0,0.0,14,0.0,0.0,0.0,16,0.0,0.0,0.0,16
xbrl-aapl-2024-operating-lease-liability-usd-0000320193-24-000123,bm25,True,tables,1.0,0.2447,0.0625,2,1.0,0.2626,0.0769,2,1.0,0.2891,0.1,3,1.0,0.2891,0.1,3,1.0,0.3155,0.125,3,1.0,0.3333,0.1429,3,1.0,0.3869,0.2,3,1.0,0.4307,0.25,8
xbrl-aapl-2024-operating-lease-liability-usd-0000320193-24-000123,hybrid,True,tables,1.0,0.4307,0.25,6,1.0,0.4307,0.25,8,1.0,0.4307,0.25,10,1.0,0.6309,0.5,11,1.0,0.6309,0.5,11,1.0,0.6309,0.5,11,1.0,0.6309,0.5,13,1.0,0.6309,0.5,16
xbrl-aapl-2024-finance-lease-right-of-use-asset-after-accumulated-amortization-usd-0000320193-24-000123,bm25,True,tables,1.0,1.0,1.0,2,1.0,1.0,1.0,2,1.0,1.0,1.0,3,1.0,1.0,1.0,3,1.0,1.0,1.0,3,1.0,1.0,1.0,3,1.0,1.0,1.0,5,1.0,1.0,1.0,10
xbrl-aapl-2024-finance-lease-right-of-use-asset-after-accumulated-amortization-usd-0000320193-24-000123,hybrid,True,tables,1.0,1.0,1.0,5,1.0,1.0,1.0,9,1.0,1.0,1.0,11,1.0,1.0,1.0,12,1.0,1.0,1.0,13,1.0,1.0,1.0,13,1.0,1.0,1.0,16,1.0,1.0,1.0,16
xbrl-aapl-2024-lessee-operating-lease-liability-to-be-paid-year-five-usd-0000320193-24-000123,bm25,True,tables,0.0,0.0,0.0,0,0.0,0.0,0.0,0,0.0,0.0,0.0,0,0.0,0.0,0.0,0,0.0,0.0,0.0,0,0.0,0.0,0.0,0,0.0,0.0,0.0,3,0.0,0.0,0.0,7
xbrl-aapl-2024-lessee-operating-lease-liability-to-be-paid-year-five-usd-0000320193-24-000123,hybrid,True,tables,1.0,0.301,0.1111,3,1.0,0.3562,0.1667,6,1.0,0.3562,0.1667,9,1.0,0.3562,0.1667,9,1.0,0.3562,0.1667,9,1.0,0.3333,0.1429,9,1.0,0.5,0.3333,11,1.0,0.5,0.3333,14
xbrl-aapl-2024-long-term-debt-maturity-year-two-usd-0000320193-24-000123,bm25,True,tables,0.0,0.0,0.0,3,0.0,0.0,0.0,3,0.0,0.0,0.0,4,1.0,0.2447,0.0625,5,1.0,0.256,0.0714,6,1.0,0.2702,0.0833,7,1.0,0.3562,0.1667,8,1.0,0.3869,0.2,9
xbrl-aapl-2024-long-term-debt-maturity-year-two-usd-0000320193-24-000123,hybrid,True,tables,1.0,0.3333,0.1429,8,1.0,0.3869,0.2,11,1.0,0.3869,0.2,11,1.0,0.3869,0.2,11,1.0,0.3869,0.2,11,1.0,0.3869,0.2,12,1.0,0.3869,0.2,13,1.0,0.4307,0.25,16
xbrl-aapl-2024-share-based-payment-arrangement-noncash-expense-usd-0000320193-24-000123,bm25,True,tables,0.5,0.2372,0.2,2,0.5,0.2372,0.2,2,1.0,0.4599,0.3333,3,1.0,0.4723,0.3333,3,1.0,0.5525,0.5,3,1.0,0.5525,0.5,3,1.0,0.8175,1.0,5,1.0,0.8772,1.0,6
xbrl-aapl-2024-share-based-payment-arrangement-noncash-expense-usd-0000320193-24-000123,hybrid,True,tables,0.5,0.6131,1.0,5,1.0,0.8066,1.0,8,1.0,0.8175,1.0,10,1.0,0.8772,1.0,12,1.0,0.8772,1.0,12,1.0,0.8772,1.0,12,1.0,0.8772,1.0,13,1.0,0.8503,1.0,15
xbrl-aapl-2024-increase-decrease-in-other-receivables-usd-0000320193-24-000123,bm25,True,tables,0.0,0.0,0.0,1,0.0,0.0,0.0,1,0.0,0.0,0.0,1,0.0,0.0,0.0,2,0.0,0.0,0.0,2,0.0,0.0,0.0,2,0.0,0.0,0.0,5,1.0,0.2447,0.0625,9
xbrl-aapl-2024-increase-decrease-in-other-receivables-usd-0000320193-24-000123,hybrid,True,tables,0.0,0.0,0.0,3,1.0,0.2789,0.0909,7,1.0,0.2891,0.1,9,1.0,0.301,0.1111,9,1.0,0.301,0.1111,9,1.0,0.301,0.1111,9,1.0,0.5,0.3333,11,1.0,0.5,0.3333,13
xbrl-aapl-2024-deferred-tax-assets-valuation-allowance-usd-0000320193-24-000123,bm25,True,tables,1.0,0.6309,0.5,4,1.0,0.6309,0.5,4,1.0,1.0,1.0,4,1.0,1.0,1.0,4,1.0,1.0,1.0,5,1.0,1.0,1.0,5,1.0,1.0,1.0,7,1.0,1.0,1.0,10
xbrl-aapl-2024-deferred-tax-assets-valuation-allowance-usd-0000320193-24-000123,hybrid,True,tables,1.0,0.6309,0.5,8,1.0,0.6309,0.5,12,1.0,1.0,1.0,13,1.0,1.0,1.0,13,1.0,1.0,1.0,14,1.0,1.0,1.0,14,1.0,1.0,1.0,16,1.0,1.0,1.0,16
xbrl-aapl-2024-deferred-foreign-income-tax-expense-benefit-usd-0000320193-24-000123,bm25,True,tables,1.0,0.301,0.1111,4,1.0,0.301,0.1111,4,1.0,0.3562,0.1667,4,1.0,0.3869,0.2,5,1.0,0.4307,0.25,5,1.0,0.4307,0.25,6,1.0,0.5,0.3333,8,1.0,0.6309,0.5,10
xbrl-aapl-2024-deferred-foreign-income-tax-expense-benefit-usd-0000320193-24-000123,hybrid,True,tables,1.0,0.4307,0.25,7,1.0,0.4307,0.25,11,1.0,0.5,0.3333,13,1.0,0.5,0.3333,13,1.0,1.0,1.0,15,1.0,0.6309,0.5,16,1.0,0.6309,0.5,16,1.0,0.6309,0.5,16
xbrl-aapl-2024-other-accrued-liabilities-current-usd-0000320193-24-000123,bm25,True,tables,1.0,0.2789,0.0909,7,1.0,0.2891,0.1,8,1.0,0.3333,0.1429,8,1.0,0.3562,0.1667,8,1.0,0.3562,0.1667,8,1.0,0.3562,0.1667,8,1.0,0.4307,0.25,8,1.0,0.4307,0.25,10
xbrl-aapl-2024-other-accrued-liabilities-current-usd-0000320193-24-000123,hybrid,True,tables,1.0,0.4307,0.25,10,1.0,0.4307,0.25,12,1.0,0.6309,0.5,13,1.0,0.5,0.3333,13,1.0,0.5,0.3333,14,1.0,0.5,0.3333,14,1.0,0.6309,0.5,15,1.0,0.6309,0.5,16
xbrl-aapl-2024-liabilities-noncurrent-usd-0000320193-24-000123,bm25,True,tables,0.0,0.0,0.0,0,0.0,0.0,0.0,0,0.0,0.0,0.0,0,1.0,0.256,0.0714,2,1.0,0.2626,0.0769,2,1.0,0.2626,0.0769,2,1.0,0.301,0.1111,5,1.0,0.5,0.3333,9
xbrl-aapl-2024-liabilities-noncurrent-usd-0000320193-24-000123,hybrid,True,tables,1.0,0.301,0.1111,7,1.0,0.3869,0.2,9,1.0,0.4307,0.25,10,1.0,0.6309,0.5,10,1.0,0.6309,0.5,11,1.0,0.5,0.3333,11,1.0,0.4307,0.25,11,1.0,0.4307,0.25,15
xbrl-aapl-2024-other-accrued-liabilities-noncurrent-usd-0000320193-24-000123,bm25,True,tables,0.0,0.0,0.0,1,0.0,0.0,0.0,1,0.0,0.0,0.0,2,0.0,0.0,0.0,3,0.0,0.0,0.0,3,0.0,0.0,0.0,3,1.0,0.25,0.0667,5,1.0,0.301,0.1111,9
xbrl-aapl-2024-other-accrued-liabilities-noncurrent-usd-0000320193-24-000123,hybrid,True,tables,1.0,0.3869,0.2,6,1.0,0.4307,0.25,9,1.0,0.4307,0.25,10,1.0,0.5,0.3333,10,1.0,0.5,0.3333,12,1.0,0.5,0.3333,12,1.0,0.4307,0.25,13,1.0,0.5,0.3333,16
xbrl-aapl-2024-increase-decrease-in-inventories-usd-0000320193-24-000123,bm25,True,tables,0.0,0.0,0.0,1,0.0,0.0,0.0,1,0.0,0.0,0.0,2,0.0,0.0,0.0,2,0.0,0.0,0.0,2,0.0,0.0,0.0,3,0.0,0.0,0.0,5,1.0,0.3155,0.125,9
xbrl-aapl-2024-increase-decrease-in-inventories-usd-0000320193-24-000123,hybrid,True,tables,0.0,0.0,0.0,6,0.0,0.0,0.0,8,0.0,0.0,0.0,9,0.0,0.0,0.0,10,1.0,0.5,0.3333,10,1.0,0.5,0.3333,10,1.0,0.5,0.3333,12,1.0,0.6309,0.5,15
xbrl-aapl-2024-increase-decrease-in-accounts-payable-usd-0000320193-24-000123,bm25,True,tables,1.0,0.256,0.0714,2,1.0,0.2626,0.0769,2,1.0,0.301,0.1111,3,1.0,0.3333,0.1429,3,1.0,0.3333,0.1429,4,1.0,0.3562,0.1667,4,1.0,0.5,0.3333,5,1.0,0.6309,0.5,11
xbrl-aapl-2024-increase-decrease-in-accounts-payable-usd-0000320193-24-000123,hybrid,True,tables,0.0,0.0,0.0,5,0.0,0.0,0.0,9,0.0,0.0,0.0,10,1.0,0.25,0.0667,11,1.0,0.25,0.0667,11,1.0,0.2626,0.0769,11,1.0,0.3155,0.125,11,1.0,0.3155,0.125,13
xbrl-aapl-2024-payments-to-acquire-property-plant-and-equipment-usd-0000320193-24-000123,bm25,True,tables,1.0,0.6309,0.5,4,1.0,0.6309,0.5,4,1.0,1.0,1.0,4,1.0,1.0,1.0,4,1.0,1.0,1.0,4,1.0,1.0,1.0,4,1.0,1.0,1.0,5,1.0,1.0,1.0,9
xbrl-aapl-2024-payments-to-acquire-property-plant-and-equipment-usd-0000320193-24-000123,hybrid,True,tables,1.0,0.5,0.3333,4,1.0,0.6309,0.5,6,1.0,1.0,1.0,9,1.0,1.0,1.0,10,1.0,0.6309,0.5,10,1.0,0.6309,0.5,10,1.0,0.6309,0.5,12,1.0,0.6309,0.5,15
xbrl-aapl-2024-increase-decrease-in-other-operating-assets-usd-0000320193-24-000123,bm25,True,tables,0.0,0.0,0.0,1,0.0,0.0,0.0,1,0.0,0.0,0.0,1,0.0,0.0,0.0,1,0.0,0.0,0.0,1,0.0,0.0,0.0,2,0.0,0.0,0.0,5,0.0,0.0,0.0,9
xbrl-aapl-2024-increase-decrease-in-other-operating-assets-usd-0000320193-24-000123,hybrid,True,tables,0.0,0.0,0.0,6,0.0,0.0,0.0,9,0.0,0.0,0.0,9,0.0,0.0,0.0,10,0.0,0.0,0.0,10,0.0,0.0,0.0,10,0.0,0.0,0.0,12,0.0,0.0,0.0,14
xbrl-aapl-2025-contract-with-customer-liability-current-usd-0000320193-25-000079,bm25,True,tables,0.0,0.0,0.0,1,0.0,0.0,0.0,1,0.0,0.0,0.0,1,0.0,0.0,0.0,1,0.0,0.0,0.0,1,0.0,0.0,0.0,1,1.0,0.2702,0.0833,5,1.0,0.3155,0.125,10
xbrl-aapl-2025-contract-with-customer-liability-current-usd-0000320193-25-000079,hybrid,True,tables,1.0,0.256,0.0714,2,1.0,0.3869,0.2,7,1.0,0.4307,0.25,10,1.0,0.5,0.3333,10,1.0,0.5,0.3333,10,1.0,0.5,0.3333,10,1.0,0.6309,0.5,11,1.0,0.6309,0.5,13
xbrl-aapl-2025-deferred-tax-assets-tax-deferred-expense-reserves-and-accruals-usd-0000320193-25-000079,bm25,True,tables,1.0,1.0,1.0,3,1.0,1.0,1.0,3,1.0,1.0,1.0,3,1.0,1.0,1.0,5,1.0,1.0,1.0,5,1.0,1.0,1.0,6,1.0,1.0,1.0,8,1.0,1.0,1.0,11
xbrl-aapl-2025-deferred-tax-assets-tax-deferred-expense-reserves-and-accruals-usd-0000320193-25-000079,hybrid,True,tables,1.0,1.0,1.0,9,1.0,1.0,1.0,11,1.0,1.0,1.0,12,1.0,1.0,1.0,12,1.0,1.0,1.0,13,1.0,1.0,1.0,13,1.0,1.0,1.0,15,1.0,0.6309,0.5,16
xbrl-aapl-2025-debt-instrument-unamortized-discount-premium-and-debt-issuance-costs-net-usd-0000320193-25-000079,bm25,True,tables,1.0,1.0,1.0,4,1.0,1.0,1.0,4,1.0,1.0,1.0,4,1.0,1.0,1.0,4,1.0,1.0,1.0,5,1.0,1.0,1.0,6,1.0,1.0,1.0,8,1.0,1.0,1.0,11
xbrl-aapl-2025-debt-instrument-unamortized-discount-premium-and-debt-issuance-costs-net-usd-0000320193-25-000079,hybrid,True,tables,1.0,1.0,1.0,6,1.0,1.0,1.0,9,1.0,1.0,1.0,13,1.0,1.0,1.0,13,1.0,1.0,1.0,14,1.0,1.0,1.0,14,1.0,1.0,1.0,14,1.0,1.0,1.0,16
xbrl-aapl-2025-assets-current-usd-0000320193-25-000079,bm25,True,tables,1.0,0.3562,0.1667,5,1.0,0.3869,0.2,6,1.0,0.6309,0.5,6,1.0,1.0,1.0,6,1.0,1.0,1.0,6,1.0,1.0,1.0,6,1.0,1.0,1.0,6,1.0,1.0,1.0,13
xbrl-aapl-2025-assets-current-usd-0000320193-25-000079,hybrid,True,tables,1.0,0.5,0.3333,6,1.0,0.5,0.3333,11,1.0,0.5,0.3333,11,1.0,0.6309,0.5,11,1.0,0.5,0.3333,11,1.0,0.5,0.3333,12,1.0,0.5,0.3333,13,1.0,0.5,0.3333,16
xbrl-aapl-2025-operating-income-loss-usd-0000320193-25-000079,bm25,True,tables,1.0,0.4566,0.3333,3,1.0,0.5479,0.5,5,1.0,0.5579,0.5,5,1.0,0.5714,0.5,5,1.0,0.5912,0.5,6,1.0,0.6053,0.5,8,1.0,0.8772,1.0,10,1.0,0.9197,1.0,14
xbrl-aapl-2025-operating-income-loss-usd-0000320193-25-000079,hybrid,True,tables,1.0,1.0,1.0,10,1.0,1.0,1.0,12,1.0,1.0,1.0,13,1.0,1.0,1.0,13,1.0,1.0,1.0,13,1.0,1.0,1.0,13,1.0,0.8772,1.0,15,1.0,0.8772,1.0,16
xbrl-aapl-2025-finance-lease-liability-noncurrent-usd-0000320193-25-000079,bm25,True,tables,1.0,0.5,0.3333,2,1.0,0.5,0.3333,2,1.0,0.5,0.3333,2,1.0,0.5,0.3333,2,1.0,0.5,0.3333,2,1.0,0.5,0.3333,2,1.0,1.0,1.0,2,1.0,1.0,1.0,6
xbrl-aapl-2025-finance-lease-liability-noncurrent-usd-0000320193-25-000079,hybrid,True,tables,1.0,0.5,0.3333,6,1.0,0.6309,0.5,8,1.0,1.0,1.0,9,1.0,1.0,1.0,12,1.0,1.0,1.0,12,1.0,1.0,1.0,12,1.0,1.0,1.0,14,1.0,1.0,1.0,16
xbrl-aapl-2025-current-federal-tax-expense-benefit-usd-0000320193-25-000079,bm25,True,tables,1.0,0.301,0.1111,3,1.0,0.3155,0.125,3,1.0,0.3155,0.125,3,1.0,0.3562,0.1667,3,1.0,0.3562,0.1667,4,1.0,0.3869,0.2,4,1.0,0.4307,0.25,7,1.0,0.5,0.3333,9
xbrl-aapl-2025-current-federal-tax-expense-benefit-usd-0000320193-25-000079,hybrid,True,tables,1.0,0.3562,0.1667,7,1.0,0.5,0.3333,10,1.0,0.6309,0.5,12,1.0,0.6309,0.5,13,1.0,0.5,0.3333,14,1.0,0.6309,0.5,15,1.0,0.6309,0.5,16,1.0,0.6309,0.5,16
xbrl-aapl-2025-lessee-operating-lease-liability-to-be-paid-year-one-usd-0000320193-25-000079,bm25,True,tables,0.0,0.0,0.0,0,0.0,0.0,0.0,0,0.0,0.0,0.0,0,0.0,0.0,0.0,0,0.0,0.0,0.0,0,0.0,0.0,0.0,0,0.0,0.0,0.0,3,0.0,0.0,0.0,6
xbrl-aapl-2025-lessee-operating-lease-liability-to-be-paid-year-one-usd-0000320193-25-000079,hybrid,True,tables,1.0,0.2789,0.0909,4,1.0,0.3562,0.1667,7,1.0,0.3869,0.2,8,1.0,0.4307,0.25,8,1.0,0.4307,0.25,8,1.0,0.3869,0.2,9,1.0,0.5,0.3333,10,1.0,0.5,0.3333,13
xbrl-aapl-2025-payments-for-proceeds-from-other-investing-activities-usd-0000320193-25-000079,bm25,True,tables,1.0,1.0,1.0,3,1.0,1.0,1.0,4,1.0,1.0,1.0,4,1.0,1.0,1.0,4,1.0,1.0,1.0,4,1.0,1.0,1.0,5,1.0,1.0,1.0,7,1.0,1.0,1.0,11
xbrl-aapl-2025-payments-for-proceeds-from-other-investing-activities-usd-0000320193-25-000079,hybrid,True,tables,1.0,1.0,1.0,7,1.0,1.0,1.0,8,1.0,1.0,1.0,10,1.0,1.0,1.0,11,1.0,1.0,1.0,11,1.0,1.0,1.0,11,1.0,1.0,1.0,14,1.0,1.0,1.0,16
xbrl-aapl-2025-net-cash-provided-by-used-in-investing-activities-usd-0000320193-25-000079,bm25,True,tables,1.0,0.5,0.3333,2,1.0,0.5,0.3333,4,1.0,0.5,0.3333,5,1.0,0.6309,0.5,5,1.0,0.6309,0.5,6,1.0,0.6309,0.5,7,1.0,0.6309,0.5,8,1.0,0.6309,0.5,11
xbrl-aapl-2025-net-cash-provided-by-used-in-investing-activities-usd-0000320193-25-000079,hybrid,True,tables,1.0,0.5,0.3333,6,1.0,0.6309,0.5,10,1.0,0.6309,0.5,10,1.0,0.6309,0.5,11,1.0,0.6309,0.5,12,1.0,0.6309,0.5,13,1.0,0.6309,0.5,15,1.0,0.6309,0.5,16
xbrl-aapl-2025-stockholders-equity-attributable-to-parent-usd-0000320193-25-000079,bm25,True,tables,0.0,0.0,0.0,1,0.0,0.0,0.0,2,0.0,0.0,0.0,2,0.0,0.0,0.0,3,0.0,0.0,0.0,3,0.0,0.0,0.0,3,0.0,0.0,0.0,4,0.0,0.0,0.0,8
xbrl-aapl-2025-stockholders-equity-attributable-to-parent-usd-0000320193-25-000079,hybrid,True,tables,0.5,0.1569,0.0714,3,1.0,0.3754,0.1429,8,1.0,0.3956,0.1667,8,1.0,0.3754,0.1429,9,1.0,0.3956,0.1667,11,1.0,0.3754,0.1429,12,1.0,0.3816,0.1429,12,1.0,0.3754,0.1429,15
xbrl-aapl-2025-unrecognized-tax-benefits-increase-resulting-from-prior-period-tax-positions-usd-0000320193-25-000079,bm25,True,tables,1.0,0.4307,0.25,2,1.0,0.4307,0.25,2,1.0,0.4307,0.25,2,1.0,0.5,0.3333,3,1.0,0.5,0.3333,3,1.0,0.5,0.3333,3,1.0,0.6309,0.5,4,1.0,1.0,1.0,7
xbrl-aapl-2025-unrecognized-tax-benefits-increase-resulting-from-prior-period-tax-positions-usd-0000320193-25-000079,hybrid,True,tables,1.0,0.4307,0.25,5,1.0,0.5,0.3333,7,1.0,0.6309,0.5,9,1.0,0.6309,0.5,12,1.0,0.6309,0.5,12,1.0,1.0,1.0,13,1.0,1.0,1.0,15,1.0,1.0,1.0,15
xbrl-aapl-2025-comprehensive-income-loss-net-of-tax-attributable-to-parent-usd-0000320193-25-000079,bm25,True,tables,0.0,0.0,0.0,3,0.0,0.0,0.0,3,0.0,0.0,0.0,4,0.0,0.0,0.0,5,1.0,0.25,0.0667,6,1.0,0.2789,0.0909,6,1.0,0.3562,0.1667,8,1.0,0.3562,0.1667,13
xbrl-aapl-2025-comprehensive-income-loss-net-of-tax-attributable-to-parent-usd-0000320193-25-000079,hybrid,True,tables,1.0,0.301,0.1111,5,1.0,0.3562,0.1667,9,1.0,0.4307,0.25,12,1.0,0.4307,0.25,13,1.0,0.4307,0.25,13,1.0,0.4307,0.25,13,1.0,0.4307,0.25,16,1.0,0.4307,0.25,16
xbrl-aapl-2025-liabilities-noncurrent-usd-0000320193-25-000079,bm25,True,tables,0.0,0.0,0.0,0,0.0,0.0,0.0,0,0.0,0.0,0.0,0,0.0,0.0,0.0,0,0.0,0.0,0.0,0,1.0,0.2447,0.0625,2,1.0,0.3562,0.1667,3,1.0,0.6309,0.5,10
xbrl-aapl-2025-liabilities-noncurrent-usd-0000320193-25-000079,hybrid,True,tables,1.0,0.3155,0.125,6,1.0,0.3869,0.2,10,1.0,0.6309,0.5,11,1.0,0.6309,0.5,11,1.0,0.6309,0.5,12,1.0,0.6309,0.5,12,1.0,0.6309,0.5,14,1.0,0.5,0.3333,16
xbrl-aapl-2025-long-term-debt-usd-0000320193-25-000079,bm25,True,tables,1.0,0.3333,0.1429,5,1.0,0.3333,0.1429,6,1.0,0.3562,0.1667,6,1.0,0.3869,0.2,6,1.0,0.4307,0.25,6,1.0,0.5,0.3333,7,1.0,0.6309,0.5,7,1.0,0.6309,0.5,8
xbrl-aapl-2025-long-term-debt-usd-0000320193-25-000079,hybrid,True,tables,1.0,0.3869,0.2,7,1.0,0.6309,0.5,10,1.0,0.6309,0.5,11,1.0,0.6309,0.5,11,1.0,0.6309,0.5,11,1.0,0.6309,0.5,11,1.0,1.0,1.0,14,1.0,1.0,1.0,16
xbrl-aapl-2025-deferred-tax-assets-tax-credit-carryforwards-usd-0000320193-25-000079,bm25,True,tables,1.0,0.6309,0.5,4,1.0,0.6309,0.5,5,1.0,0.6309,0.5,5,1.0,0.6309,0.5,5,1.0,0.6309,0.5,6,1.0,1.0,1.0,6,1.0,1.0,1.0,7,1.0,1.0,1.0,9
xbrl-aapl-2025-deferred-tax-assets-tax-credit-carryforwards-usd-0000320193-25-000079,hybrid,True,tables,1.0,0.6309,0.5,7,1.0,0.6309,0.5,11,1.0,0.6309,0.5,12,1.0,0.6309,0.5,12,1.0,0.6309,0.5,13,1.0,1.0,1.0,13,1.0,1.0,1.0,14,1.0,1.0,1.0,16
xbrl-aapl-2025-finance-lease-liability-payment-due-usd-0000320193-25-000079,bm25,True,tables,1.0,0.4228,0.1667,3,1.0,0.4228,0.1667,3,1.0,0.511,0.3333,5,1.0,0.511,0.3333,6,1.0,0.511,0.3333,7,1.0,0.525,0.3333,8,1.0,0.6509,0.5,11,1.0,0.9197,1.0,14
xbrl-aapl-2025-finance-lease-liability-payment-due-usd-0000320193-25-000079,hybrid,True,tables,1.0,0.5706,0.3333,12,1.0,0.5706,0.3333,13,1.0,1.0,1.0,14,1.0,1.0,1.0,15,1.0,1.0,1.0,16,1.0,1.0,1.0,16,1.0,1.0,1.0,16,1.0,1.0,1.0,16
xbrl-aapl-2025-common-stock-shares-issued-shares-0000320193-25-000079,bm25,True,tables,1.0,0.8503,1.0,5,1.0,0.8503,1.0,5,1.0,0.8772,1.0,6,1.0,0.9197,1.0,7,1.0,0.9197,1.0,7,1.0,0.9197,1.0,7,1.0,1.0,1.0,8,1.0,1.0,1.0,10
xbrl-aapl-2025-common-stock-shares-issued-shares-0000320193-25-000079,hybrid,True,tables,1.0,0.5912,0.5,12,1.0,0.6241,0.5,12,1.0,0.8503,1.0,13,1.0,0.8503,1.0,14,1.0,0.8772,1.0,14,1.0,0.8503,1.0,14,1.0,0.8175,1.0,16,1.0,0.8066,1.0,16
xbrl-aapl-2025-inventory-net-usd-0000320193-25-000079,bm25,True,tables,0.0,0.0,0.0,1,0.0,0.0,0.0,2,0.0,0.0,0.0,3,0.0,0.0,0.0,4,0.0,0.0,0.0,5,0.0,0.0,0.0,6,0.0,0.0,0.0,8,0.0,0.0,0.0,10
xbrl-aapl-2025-inventory-net-usd-0000320193-25-000079,hybrid,True,tables,0.0,0.0,0.0,6,1.0,0.2626,0.0769,10,1.0,0.2626,0.0769,10,1.0,0.2626,0.0769,10,1.0,0.2626,0.0769,10,1.0,0.2626,0.0769,10,1.0,0.2626,0.0769,13,1.0,0.25,0.0667,14
xbrl-aapl-2025-unrecorded-unconditional-purchase-obligation-to-be-paid-year-two-usd-0000320193-25-000079,bm25,True,tables,0.0,0.0,0.0,0,0.0,0.0,0.0,0,0.0,0.0,0.0,0,0.0,0.0,0.0,0,0.0,0.0,0.0,0,0.0,0.0,0.0,0,0.0,0.0,0.0,2,0.0,0.0,0.0,7
xbrl-aapl-2025-unrecorded-unconditional-purchase-obligation-to-be-paid-year-two-usd-0000320193-25-000079,hybrid,True,tables,0.0,0.0,0.0,2,0.0,0.0,0.0,6,0.0,0.0,0.0,8,0.0,0.0,0.0,9,0.0,0.0,0.0,9,0.0,0.0,0.0,9,0.0,0.0,0.0,11,0.0,0.0,0.0,12
xbrl-adbe-2021-property-plant-and-equipment-net-usd-0000796343-22-000032,bm25,True,tables,0.3333333333333333,0.2021,0.25,4,0.3333333333333333,0.2346,0.3333,4,0.3333333333333333,0.2961,0.5,4,0.3333333333333333,0.2961,0.5,4,0.3333333333333333,0.2961,0.5,4,0.3333333333333333,0.2961,0.5,4,0.3333333333333333,0.4693,1.0,6,0.3333333333333333,0.4693,1.0,8
xbrl-adbe-2021-property-plant-and-equipment-net-usd-0000796343-22-000032,hybrid,True,tables,0.3333333333333333,0.2961,0.5,8,0.3333333333333333,0.2961,0.5,10,0.3333333333333333,0.2961,0.5,11,0.3333333333333333,0.4693,1.0,11,0.3333333333333333,0.4693,1.0,12,0.3333333333333333,0.4693,1.0,12,0.3333333333333333,0.4693,1.0,13,0.3333333333333333,0.4693,1.0,15
xbrl-adbe-2021-deferred-tax-assets-operating-loss-carryforwards-usd-0000796343-22-000032,bm25,True,both,1.0,0.6788,0.5,3,1.0,0.6871,0.5,3,1.0,0.6871,0.5,3,1.0,0.8603,1.0,5,1.0,0.8711,1.0,6,1.0,0.8711,1.0,6,1.0,0.8855,1.0,7,1.0,0.9675,1.0,9
xbrl-adbe-2021-deferred-tax-assets-operating-loss-carryforwards-usd-0000796343-22-000032,hybrid,True,both,1.0,0.7328,0.5,4,1.0,0.7328,0.5,7,1.0,0.906,1.0,11,1.0,0.9325,1.0,13,1.0,0.8827,1.0,13,1.0,0.8827,1.0,13,0.6666666666666666,0.7654,1.0,16,0.6666666666666666,0.7654,1.0,16
xbrl-adbe-2021-deferred-tax-assets-net-of-valuation-allowance-usd-0000796343-22-000032,bm25,True,tables,1.0,0.301,0.1111,3,1.0,0.3333,0.1429,3,1.0,0.3333,0.1429,3,1.0,0.3333,0.1429,3,1.0,0.3333,0.1429,3,1.0,0.3333,0.1429,3,1.0,0.3869,0.2,7,1.0,0.6309,0.5,11
xbrl-adbe-2021-deferred-tax-assets-net-of-valuation-allowance-usd-0000796343-22-000032,hybrid,True,tables,1.0,0.3869,0.2,3,1.0,0.5,0.3333,7,1.0,0.5,0.3333,11,1.0,0.6309,0.5,11,1.0,0.6309,0.5,11,1.0,0.5,0.3333,12,1.0,0.6309,0.5,16,1.0,0.6309,0.5,16
xbrl-adbe-2021-income-taxes-paid-net-usd-0000796343-22-000032,bm25,True,tables,0.5,0.3869,0.5,6,0.5,0.3869,0.5,7,0.5,0.6131,1.0,7,0.5,0.6131,1.0,7,0.5,0.6131,1.0,8,0.5,0.6131,1.0,8,1.0,0.7842,1.0,13,1.0,0.7904,1.0,16
xbrl-adbe-2021-income-taxes-paid-net-usd-0000796343-22-000032,hybrid,True,tables,1.0,0.6241,0.5,10,1.0,0.8772,1.0,14,1.0,0.8503,1.0,15,1.0,0.8503,1.0,15,1.0,0.8772,1.0,15,1.0,0.8772,1.0,15,1.0,0.6934,0.5,16,1.0,0.6934,0.5,16
xbrl-adbe-2021-apic-share-based-payment-arrangement-increase-for-cost-recognition-usd-0000796343-22-000032,bm25,True,tables,0.0,0.0,0.0,0,0.0,0.0,0.0,1,0.0,0.0,0.0,1,0.0,0.0,0.0,1,0.0,0.0,0.0,1,0.0,0.0,0.0,1,0.0,0.0,0.0,6,0.5,0.15,0.0625,9
xbrl-adbe-2021-apic-share-based-payment-arrangement-increase-for-cost-recognition-usd-0000796343-22-000032,hybrid,True,tables,0.0,0.0,0.0,0,0.0,0.0,0.0,5,0.0,0.0,0.0,8,0.0,0.0,0.0,10,0.0,0.0,0.0,10,0.0,0.0,0.0,10,0.0,0.0,0.0,12,0.0,0.0,0.0,15
xbrl-adbe-2021-debt-securities-available-for-sale-fair-value-maturity-allocated-and-single-maturity-date-year-one-usd-0000796343-22-000032,bm25,True,tables,0.0,0.0,0.0,3,0.0,0.0,0.0,5,0.0,0.0,0.0,5,0.0,0.0,0.0,5,1.0,0.2702,0.0833,6,1.0,0.2702,0.0833,6,1.0,0.301,0.1111,9,1.0,0.3562,0.1667,13
xbrl-adbe-2021-debt-securities-available-for-sale-fair-value-maturity-allocated-and-single-maturity-date-year-one-usd-0000796343-22-000032,hybrid,True,tables,1.0,0.3333,0.1429,6,1.0,0.3562,0.1667,11,1.0,0.3869,0.2,13,1.0,0.4307,0.25,14,1.0,0.5,0.3333,15,1.0,0.5,0.3333,15,1.0,0.5,0.3333,16,1.0,0.6309,0.5,16
xbrl-adbe-2021-employee-related-liabilities-current-usd-0000796343-22-000032,bm25,True,tables,0.0,0.0,0.0,0,0.0,0.0,0.0,0,0.0,0.0,0.0,0,0.0,0.0,0.0,2,0.0,0.0,0.0,2,0.0,0.0,0.0,2,0.0,0.0,0.0,3,0.0,0.0,0.0,6
xbrl-adbe-2021-employee-related-liabilities-current-usd-0000796343-22-000032,hybrid,True,tables,0.0,0.0,0.0,5,0.0,0.0,0.0,8,0.0,0.0,0.0,8,0.0,0.0,0.0,8,0.0,0.0,0.0,8,0.0,0.0,0.0,8,0.0,0.0,0.0,9,0.0,0.0,0.0,13
xbrl-adbe-2021-income-loss-from-continuing-operations-before-income-taxes-foreign-usd-0000796343-22-000032,bm25,True,tables,1.0,0.5,0.3333,5,1.0,0.6309,0.5,5,1.0,0.6309,0.5,5,1.0,1.0,1.0,7,1.0,1.0,1.0,8,1.0,1.0,1.0,9,1.0,1.0,1.0,12,1.0,1.0,1.0,15
xbrl-adbe-2021-income-loss-from-continuing-operations-before-income-taxes-foreign-usd-0000796343-22-000032,hybrid,True,tables,1.0,0.5,0.3333,7,1.0,1.0,1.0,9,1.0,1.0,1.0,15,1.0,1.0,1.0,16,1.0,1.0,1.0,16,1.0,1.0,1.0,16,1.0,1.0,1.0,16,1.0,1.0,1.0,16
xbrl-adbe-2021-accounts-receivable-after-allowance-for-credit-loss-current-usd-0000796343-22-000032,bm25,True,tables,0.0,0.0,0.0,0,1.0,0.256,0.0714,1,1.0,0.2626,0.0769,1,1.0,0.2789,0.0909,1,1.0,0.3155,0.125,3,1.0,0.3333,0.1429,3,1.0,0.4307,0.25,4,1.0,0.6309,0.5,10
xbrl-adbe-2021-accounts-receivable-after-allowance-for-credit-loss-current-usd-0000796343-22-000032,hybrid,True,tables,1.0,0.5,0.3333,6,1.0,0.6309,0.5,7,1.0,1.0,1.0,8,1.0,1.0,1.0,9,1.0,1.0,1.0,9,1.0,1.0,1.0,10,1.0,1.0,1.0,11,1.0,1.0,1.0,15
xbrl-adbe-2021-payments-to-acquire-property-plant-and-equipment-usd-0000796343-22-000032,bm25,True,both,0.0,0.0,0.0,0,0.0,0.0,0.0,0,0.0,0.0,0.0,0,0.0,0.0,0.0,0,0.5,0.1569,0.0714,2,0.5,0.161,0.0769,3,0.5,0.3066,0.3333,4,0.5,0.6131,1.0,6
xbrl-adbe-2021-payments-to-acquire-property-plant-and-equipment-usd-0000796343-22-000032,hybrid,True,both,1.0,0.3069,0.0714,1,0.5,0.2184,0.1667,5,0.5,0.2641,0.25,8,0.5,0.3066,0.3333,9,0.5,0.3066,0.3333,9,0.5,0.3066,0.3333,9,0.5,0.3066,0.3333,11,0.5,0.3066,0.3333,14
xbrl-adbe-2021-common-stock-shares-outstanding-shares-0000796343-22-000032,bm25,True,prose,0.6666666666666666,0.2921,0.1429,7,0.3333333333333333,0.1564,0.1429,9,0.3333333333333333,0.148,0.125,10,0.0,0.0,0.0,12,0.0,0.0,0.0,13,0.0,0.0,0.0,13,0.0,0.0,0.0,14,0.0,0.0,0.0,14
xbrl-adbe-2021-common-stock-shares-outstanding-shares-0000796343-22-000032,hybrid,True,prose,0.3333333333333333,0.2346,0.3333,11,0.3333333333333333,0.1357,0.1,14,0.0,0.0,0.0,15,0.0,0.0,0.0,15,0.0,0.0,0.0,16,0.0,0.0,0.0,16,0.0,0.0,0.0,16,0.0,0.0,0.0,16
xbrl-adbe-2021-stock-issued-during-period-value-treasury-stock-reissued-usd-0000796343-22-000032,bm25,True,both,1.0,0.4384,0.1667,7,1.0,0.4675,0.25,8,1.0,0.4857,0.3333,8,1.0,0.4888,0.3333,9,1.0,0.4857,0.3333,10,0.6666666666666666,0.6049,1.0,11,0.6666666666666666,0.6257,1.0,14,0.6666666666666666,0.6257,1.0,14
xbrl-adbe-2021-stock-issued-during-period-value-treasury-stock-reissued-usd-0000796343-22-000032,hybrid,True,both,1.0,0.5323,0.3333,11,1.0,0.4708,0.2,12,1.0,0.4733,0.25,13,0.6666666666666666,0.338,0.2,15,0.6666666666666666,0.3487,0.2,16,0.6666666666666666,0.3693,0.25,16,0.6666666666666666,0.3487,0.2,16,0.6666666666666666,0.3487,0.2,16
xbrl-adbe-2021-deferred-tax-assets-valuation-allowance-usd-0000796343-22-000032,bm25,True,prose,1.0,1.0,1.0,2,1.0,1.0,1.0,2,1.0,1.0,1.0,3,1.0,1.0,1.0,4,1.0,0.9675,1.0,4,1.0,0.9675,1.0,5,1.0,0.7328,0.5,5,1.0,0.7123,0.5,8
xbrl-adbe-2021-deferred-tax-assets-valuation-allowance-usd-0000796343-22-000032,hybrid,True,prose,1.0,0.9675,1.0,5,1.0,0.8855,1.0,8,1.0,0.5977,0.5,9,1.0,0.4847,0.3333,11,1.0,0.3702,0.0833,12,1.0,0.3522,0.0714,13,1.0,0.3522,0.0714,13,0.0,0.0,0.0,16
xbrl-adbe-2021-operating-lease-cost-usd-0000796343-22-000032,bm25,True,both,0.3333333333333333,0.4693,1.0,2,0.3333333333333333,0.4693,1.0,3,0.3333333333333333,0.4693,1.0,4,0.3333333333333333,0.4693,1.0,4,0.3333333333333333,0.4693,1.0,4,0.3333333333333333,0.4693,1.0,5,0.3333333333333333,0.2961,0.5,7,0.3333333333333333,0.2961,0.5,8
xbrl-adbe-2021-operating-lease-cost-usd-0000796343-22-000032,hybrid,True,both,0.3333333333333333,0.4693,1.0,8,0.3333333333333333,0.4693,1.0,9,0.3333333333333333,0.4693,1.0,10,0.3333333333333333,0.2961,0.5,11,0.3333333333333333,0.1672,0.1667,11,0.3333333333333333,0.1413,0.1111,11,0.3333333333333333,0.1413,0.1111,11,0.3333333333333333,0.1309,0.0909,13
xbrl-adbe-2021-recorded-unconditional-purchase-obligation-usd-0000796343-22-000032,bm25,True,tables,0.0,0.0,0.0,0,0.0,0.0,0.0,0,0.0,0.0,0.0,0,0.0,0.0,0.0,0,0.0,0.0,0.0,0,0.0,0.0,0.0,0,0.0,0.0,0.0,0,1.0,0.2702,0.0833,2
xbrl-adbe-2021-recorded-unconditional-purchase-obligation-usd-0000796343-22-000032,hybrid,True,tables,1.0,0.25,0.0667,1,1.0,0.301,0.1111,4,1.0,0.4307,0.25,7,1.0,0.5,0.3333,7,1.0,0.6309,0.5,8,1.0,1.0,1.0,8,1.0,1.0,1.0,10,1.0,1.0,1.0,10
xbrl-adbe-2021-treasury-stock-shares-shares-0000796343-22-000032,bm25,True,both,0.3333333333333333,0.1357,0.1,12,0.3333333333333333,0.1564,0.1429,12,0.3333333333333333,0.1564,0.1429,12,0.3333333333333333,0.1564,0.1429,12,0.6666666666666666,0.2712,0.1429,13,0.6666666666666666,0.2765,0.1429,13,0.6666666666666666,0.2797,0.1429,13,0.6666666666666666,0.2797,0.1429,14
xbrl-adbe-2021-treasury-stock-shares-shares-0000796343-22-000032,hybrid,True,both,0.3333333333333333,0.2346,0.3333,12,0.3333333333333333,0.4693,1.0,12,0.6666666666666666,0.5894,1.0,14,0.6666666666666666,0.5894,1.0,16,0.6666666666666666,0.5894,1.0,16,0.6666666666666666,0.5894,1.0,16,0.6666666666666666,0.5925,1.0,16,0.6666666666666666,0.5925,1.0,16
xbrl-adbe-2021-long-term-debt-gross-usd-0000796343-22-000032,bm25,True,tables,0.0,0.0,0.0,5,0.0,0.0,0.0,5,0.0,0.0,0.0,5,0.0,0.0,0.0,5,0.0,0.0,0.0,5,0.0,0.0,0.0,5,0.0,0.0,0.0,8,0.0,0.0,0.0,12
xbrl-adbe-2021-long-term-debt-gross-usd-0000796343-22-000032,hybrid,True,tables,1.0,0.2891,0.1,9,1.0,0.301,0.1111,9,1.0,0.3155,0.125,10,1.0,0.3155,0.125,10,1.0,0.3155,0.125,12,1.0,0.3155,0.125,12,1.0,0.301,0.1111,13,1.0,0.2702,0.0833,16
xbrl-adbe-2021-reclassification-from-accumulated-other-comprehensive-income-current-period-net-of-tax-usd-0000796343-22-000032,bm25,True,prose,0.0,0.0,0.0,4,0.0,0.0,0.0,5,0.0,0.0,0.0,8,0.0,0.0,0.0,9,0.0,0.0,0.0,10,0.0,0.0,0.0,10,0.0,0.0,0.0,13,0.0,0.0,0.0,16
xbrl-adbe-2021-reclassification-from-accumulated-other-comprehensive-income-current-period-net-of-tax-usd-0000796343-22-000032,hybrid,True,prose,0.0,0.0,0.0,9,0.0,0.0,0.0,13,0.0,0.0,0.0,16,0.0,0.0,0.0,16,0.0,0.0,0.0,16,0.0,0.0,0.0,16,0.0,0.0,0.0,16,0.0,0.0,0.0,16
xbrl-adbe-2021-cost-amortization-usd-0000796343-22-000032,bm25,True,prose,1.0,1.0,1.0,0,1.0,1.0,1.0,0,1.0,1.0,1.0,0,1.0,1.0,1.0,0,1.0,1.0,1.0,1,1.0,1.0,1.0,1,1.0,1.0,1.0,3,1.0,1.0,1.0,9
xbrl-adbe-2021-cost-amortization-usd-0000796343-22-000032,hybrid,True,prose,1.0,1.0,1.0,5,1.0,1.0,1.0,7,1.0,0.5,0.3333,7,1.0,0.3869,0.2,8,1.0,0.3869,0.2,8,1.0,0.3562,0.1667,8,1.0,0.2891,0.1,10,0.0,0.0,0.0,16
xbrl-adbe-2021-other-assets-noncurrent-usd-0000796343-22-000032,bm25,True,tables,0.0,0.0,0.0,0,0.0,0.0,0.0,0,0.0,0.0,0.0,1,0.0,0.0,0.0,2,0.0,0.0,0.0,3,0.3333333333333333,0.1173,0.0667,5,0.3333333333333333,0.1564,0.1429,8,0.3333333333333333,0.2021,0.25,10
xbrl-adbe-2021-other-assets-noncurrent-usd-0000796343-22-000032,hybrid,True,tables,0.3333333333333333,0.4693,1.0,5,0.3333333333333333,0.4693,1.0,9,0.3333333333333333,0.4693,1.0,10,0.3333333333333333,0.4693,1.0,10,0.3333333333333333,0.4693,1.0,10,0.3333333333333333,0.4693,1.0,10,0.3333333333333333,0.4693,1.0,13,0.3333333333333333,0.4693,1.0,16
xbrl-adbe-2022-debt-securities-available-for-sale-maturity-allocated-and-single-maturity-date-fair-value-usd-0000796343-23-000007,bm25,True,tables,0.0,0.0,0.0,4,0.0,0.0,0.0,5,0.0,0.0,0.0,5,0.0,0.0,0.0,5,0.0,0.0,0.0,5,0.0,0.0,0.0,5,0.0,0.0,0.0,9,0.0,0.0,0.0,14
xbrl-adbe-2022-debt-securities-available-for-sale-maturity-allocated-and-single-maturity-date-fair-value-usd-0000796343-23-000007,hybrid,True,tables,0.0,0.0,0.0,4,0.0,0.0,0.0,10,0.0,0.0,0.0,14,0.0,0.0,0.0,14,0.0,0.0,0.0,15,0.0,0.0,0.0,15,0.0,0.0,0.0,16,0.0,0.0,0.0,16
xbrl-adbe-2022-lessee-operating-lease-liability-to-be-paid-after-year-five-usd-0000796343-23-000007,bm25,True,tables,0.0,0.0,0.0,1,0.0,0.0,0.0,1,0.0,0.0,0.0,1,0.0,0.0,0.0,1,0.0,0.0,0.0,1,0.0,0.0,0.0,1,0.5,0.1772,0.1,5,0.5,0.2641,0.25,9
xbrl-adbe-2022-lessee-operating-lease-liability-to-be-paid-after-year-five-usd-0000796343-23-000007,hybrid,True,tables,0.5,0.161,0.0769,4,0.5,0.2372,0.2,8,0.5,0.3066,0.3333,9,0.5,0.3869,0.5,9,0.5,0.3869,0.5,9,0.5,0.3869,0.5,9,0.5,0.3869,0.5,11,0.5,0.3869,0.5,14
xbrl-adbe-2022-treasury-stock-shares-shares-0000796343-23-000007,bm25,True,both,0.0,0.0,0.0,13,0.0,0.0,0.0,13,0.0,0.0,0.0,13,0.0,0.0,0.0,13,0.0,0.0,0.0,13,0.3333333333333333,0.1148,0.0625,14,0.3333333333333333,0.1201,0.0714,14,0.3333333333333333,0.1201,0.0714,15
xbrl-adbe-2022-treasury-stock-shares-shares-0000796343-23-000007,hybrid,True,both,0.0,0.0,0.0,12,0.0,0.0,0.0,14,0.3333333333333333,0.1173,0.0667,16,0.3333333333333333,0.1173,0.0667,16,0.3333333333333333,0.1173,0.0667,16,0.3333333333333333,0.1173,0.0667,16,0.3333333333333333,0.1173,0.0667,16,0.3333333333333333,0.1173,0.0667,16
xbrl-adbe-2022-net-cash-provided-by-used-in-financing-activities-usd-0000796343-23-000007,bm25,True,tables,1.0,0.8772,1.0,5,1.0,0.8772,1.0,5,1.0,0.9197,1.0,5,1.0,0.9197,1.0,5,1.0,1.0,1.0,6,1.0,1.0,1.0,7,1.0,1.0,1.0,9,1.0,1.0,1.0,12
xbrl-adbe-2022-net-cash-provided-by-used-in-financing-activities-usd-0000796343-23-000007,hybrid,True,tables,1.0,0.8772,1.0,8,1.0,1.0,1.0,10,1.0,1.0,1.0,11,1.0,1.0,1.0,11,1.0,1.0,1.0,12,1.0,1.0,1.0,13,1.0,1.0,1.0,15,1.0,1.0,1.0,16
xbrl-adbe-2022-cash-cash-equivalents-restricted-cash-and-restricted-cash-equivalents-period-increase-decrease-including-exchange-rate-effect-usd-0000796343-23-000007,bm25,True,tables,1.0,0.9197,1.0,7,1.0,1.0,1.0,9,1.0,1.0,1.0,9,1.0,1.0,1.0,9,1.0,1.0,1.0,9,1.0,1.0,1.0,9,1.0,1.0,1.0,12,1.0,1.0,1.0,14
xbrl-adbe-2022-cash-cash-equivalents-restricted-cash-and-restricted-cash-equivalents-period-increase-decrease-including-exchange-rate-effect-usd-0000796343-23-000007,hybrid,True,tables,1.0,1.0,1.0,5,1.0,1.0,1.0,10,1.0,1.0,1.0,14,1.0,1.0,1.0,16,1.0,1.0,1.0,16,1.0,1.0,1.0,16,1.0,1.0,1.0,16,1.0,1.0,1.0,16
xbrl-adbe-2022-deferred-state-and-local-income-tax-expense-benefit-usd-0000796343-23-000007,bm25,True,prose,0.0,0.0,0.0,2,0.0,0.0,0.0,2,0.0,0.0,0.0,2,0.0,0.0,0.0,2,0.0,0.0,0.0,2,0.0,0.0,0.0,2,0.0,0.0,0.0,6,0.0,0.0,0.0,8
xbrl-adbe-2022-deferred-state-and-local-income-tax-expense-benefit-usd-0000796343-23-000007,hybrid,True,prose,0.0,0.0,0.0,3,0.0,0.0,0.0,6,0.0,0.0,0.0,8,0.0,0.0,0.0,11,0.0,0.0,0.0,11,0.0,0.0,0.0,11,0.0,0.0,0.0,12,0.0,0.0,0.0,16
xbrl-adbe-2022-cash-and-cash-equivalents-at-carrying-value-usd-0000796343-23-000007,bm25,True,tables,0.3333333333333333,0.2346,0.3333,5,0.3333333333333333,0.2961,0.5,5,0.3333333333333333,0.4693,1.0,6,0.3333333333333333,0.4693,1.0,7,0.6666666666666666,0.5841,1.0,8,0.6666666666666666,0.5894,1.0,10,1.0,0.7307,1.0,11,1.0,0.7482,1.0,13
xbrl-adbe-2022-cash-and-cash-equivalents-at-carrying-value-usd-0000796343-23-000007,hybrid,True,tables,1.0,0.5395,0.5,11,1.0,0.7358,1.0,14,1.0,0.7462,1.0,14,1.0,0.7358,1.0,14,1.0,0.5626,0.5,14,1.0,0.573,0.5,14,1.0,0.573,0.5,16,1.0,0.5798,0.5,16
xbrl-adbe-2022-deferred-tax-assets-tax-deferred-expense-compensation-and-benefits-usd-0000796343-23-000007,bm25,True,both,0.3333333333333333,0.1233,0.0769,2,0.3333333333333333,0.1233,0.0769,2,0.3333333333333333,0.1233,0.0769,2,0.3333333333333333,0.1233,0.0769,2,0.3333333333333333,0.1233,0.0769,3,0.3333333333333333,0.1233,0.0769,5,0.0,0.0,0.0,8,0.0,0.0,0.0,10
xbrl-adbe-2022-deferred-tax-assets-tax-deferred-expense-compensation-and-benefits-usd-0000796343-23-000007,hybrid,True,both,0.3333333333333333,0.1309,0.0909,3,0.3333333333333333,0.1173,0.0667,7,0.0,0.0,0.0,11,0.0,0.0,0.0,15,0.0,0.0,0.0,16,0.0,0.0,0.0,16,0.0,0.0,0.0,16,0.0,0.0,0.0,16
xbrl-adbe-2022-finite-lived-intangible-assets-gross-usd-0000796343-23-000007,bm25,True,both,0.0,0.0,0.0,1,0.0,0.0,0.0,2,0.0,0.0,0.0,2,0.0,0.0,0.0,2,0.0,0.0,0.0,2,0.0,0.0,0.0,4,0.0,0.0,0.0,8,0.5,0.15,0.0625,13
xbrl-adbe-2022-finite-lived-intangible-assets-gross-usd-0000796343-23-000007,hybrid,True,both,0.0,0.0,0.0,10,0.5,0.1846,0.1111,12,0.5,0.2184,0.1667,13,0.5,0.2184,0.1667,14,0.5,0.2184,0.1667,14,0.5,0.2184,0.1667,15,0.5,0.2184,0.1667,15,0.5,0.2184,0.1667,16
xbrl-adbe-2022-selling-and-marketing-expense-usd-0000796343-23-000007,bm25,True,tables,0.5,0.1533,0.0667,1,0.5,0.161,0.0769,1,0.5,0.171,0.0909,1,0.5,0.1934,0.125,1,0.5,0.2641,0.25,2,0.5,0.3869,0.5,2,0.5,0.3869,0.5,3,1.0,0.8503,1.0,7
xbrl-adbe-2022-selling-and-marketing-expense-usd-0000796343-23-000007,hybrid,True,tables,0.0,0.0,0.0,4,0.5,0.3066,0.3333,8,0.5,0.2641,0.25,8,0.5,0.2641,0.25,9,0.5,0.3066,0.3333,9,1.0,0.5706,0.3333,9,1.0,0.5438,0.3333,11,1.0,0.5438,0.3333,13
xbrl-adbe-2022-income-loss-from-continuing-operations-before-income-taxes-domestic-usd-0000796343-23-000007,bm25,True,tables,1.0,1.0,1.0,3,1.0,1.0,1.0,3,1.0,1.0,1.0,5,1.0,1.0,1.0,5,1.0,1.0,1.0,6,1.0,1.0,1.0,7,1.0,1.0,1.0,11,1.0,1.0,1.0,14
xbrl-adbe-2022-income-loss-from-continuing-operations-before-income-taxes-domestic-usd-0000796343-23-000007,hybrid,True,tables,1.0,1.0,1.0,5,1.0,1.0,1.0,11,1.0,1.0,1.0,15,1.0,1.0,1.0,16,1.0,1.0,1.0,16,1.0,1.0,1.0,16,1.0,1.0,1.0,16,1.0,1.0,1.0,16
xbrl-adbe-2022-payments-to-acquire-short-term-investments-usd-0000796343-23-000007,bm25,True,tables,0.0,0.0,0.0,2,0.0,0.0,0.0,5,0.0,0.0,0.0,5,0.0,0.0,0.0,6,0.0,0.0,0.0,7,0.0,0.0,0.0,8,0.0,0.0,0.0,9,0.0,0.0,0.0,10
xbrl-adbe-2022-payments-to-acquire-short-term-investments-usd-0000796343-23-000007,hybrid,True,tables,0.0,0.0,0.0,3,0.0,0.0,0.0,8,0.0,0.0,0.0,10,0.0,0.0,0.0,10,0.0,0.0,0.0,10,0.0,0.0,0.0,10,0.0,0.0,0.0,13,0.0,0.0,0.0,16
xbrl-adbe-2022-other-comprehensive-income-loss-cash-flow-hedge-gain-loss-before-reclassification-after-tax-usd-0000796343-23-000007,bm25,True,both,0.6666666666666666,0.3548,0.3333,5,0.6666666666666666,0.3548,0.3333,7,0.6666666666666666,0.3615,0.3333,7,0.6666666666666666,0.3615,0.3333,8,0.6666666666666666,0.3378,0.25,8,0.6666666666666666,0.3028,0.1667,9,0.6666666666666666,0.3028,0.1667,11,0.6666666666666666,0.2873,0.1429,12
xbrl-adbe-2022-other-comprehensive-income-loss-cash-flow-hedge-gain-loss-before-reclassification-after-tax-usd-0000796343-23-000007,hybrid,True,both,0.6666666666666666,0.338,0.2,9,0.6666666666666666,0.3296,0.2,11,0.3333333333333333,0.2021,0.25,14,0.3333333333333333,0.2346,0.3333,15,0.3333333333333333,0.2961,0.5,16,0.3333333333333333,0.2346,0.3333,16,0.3333333333333333,0.2346,0.3333,16,0.3333333333333333,0.2346,0.3333,16
xbrl-adbe-2022-cost-amortization-usd-0000796343-23-000007,bm25,True,both,0.3333333333333333,0.4693,1.0,0,0.3333333333333333,0.4693,1.0,0,0.3333333333333333,0.4693,1.0,0,0.3333333333333333,0.4693,1.0,1,0.3333333333333333,0.4693,1.0,1,0.3333333333333333,0.4693,1.0,2,0.3333333333333333,0.4693,1.0,4,0.3333333333333333,0.4693,1.0,11
xbrl-adbe-2022-cost-amortization-usd-0000796343-23-000007,hybrid,True,both,0.3333333333333333,0.4693,1.0,5,0.3333333333333333,0.1672,0.1667,7,0.3333333333333333,0.1815,0.2,9,0.3333333333333333,0.1672,0.1667,9,0.3333333333333333,0.148,0.125,10,0.3333333333333333,0.148,0.125,10,0.3333333333333333,0.1268,0.0833,12,0.0,0.0,0.0,16
xbrl-adbe-2022-stock-issued-during-period-value-treasury-stock-reissued-usd-0000796343-23-000007,bm25,True,tables,0.3333333333333333,0.1148,0.0625,7,0.3333333333333333,0.1148,0.0625,7,0.3333333333333333,0.1173,0.0667,8,0.3333333333333333,0.1233,0.0769,9,0.3333333333333333,0.1357,0.1,10,0.3333333333333333,0.1357,0.1,13,0.3333333333333333,0.148,0.125,14,0.3333333333333333,0.1564,0.1429,15
xbrl-adbe-2022-stock-issued-during-period-value-treasury-stock-reissued-usd-0000796343-23-000007,hybrid,True,tables,0.3333333333333333,0.2346,0.3333,12,0.3333333333333333,0.2346,0.3333,14,0.3333333333333333,0.2021,0.25,15,0.3333333333333333,0.2346,0.3333,16,0.3333333333333333,0.4693,1.0,16,0.3333333333333333,0.2346,0.3333,16,0.3333333333333333,0.2346,0.3333,16,0.3333333333333333,0.4693,1.0,16
xbrl-adbe-2022-contract-with-customer-refund-liability-usd-0000796343-23-000007,bm25,True,both,0.3333333333333333,0.4693,1.0,1,0.3333333333333333,0.4693,1.0,1,0.3333333333333333,0.4693,1.0,1,0.3333333333333333,0.4693,1.0,1,0.3333333333333333,0.4693,1.0,1,0.3333333333333333,0.4693,1.0,1,0.3333333333333333,0.4693,1.0,1,0.3333333333333333,0.4693,1.0,2
xbrl-adbe-2022-contract-with-customer-refund-liability-usd-0000796343-23-000007,hybrid,True,both,0.3333333333333333,0.2961,0.5,1,0.3333333333333333,0.2961,0.5,2,0.3333333333333333,0.2961,0.5,6,0.3333333333333333,0.2346,0.3333,7,0.3333333333333333,0.2021,0.25,9,0.3333333333333333,0.2346,0.3333,9,0.3333333333333333,0.2346,0.3333,9,0.3333333333333333,0.1672,0.1667,10
xbrl-adbe-2022-cash-cash-equivalents-restricted-cash-and-restricted-cash-equivalents-usd-0000796343-23-000007,bm25,True,tables,1.0,0.555,0.5,9,1.0,0.5586,0.5,9,1.0,0.5683,0.5,9,1.0,0.5683,0.5,9,1.0,0.5683,0.5,9,1.0,0.5882,0.5,11,1.0,0.6113,0.5,12,1.0,0.6113,0.5,14
xbrl-adbe-2022-cash-cash-equivalents-restricted-cash-and-restricted-cash-equivalents-usd-0000796343-23-000007,hybrid,True,tables,1.0,0.5793,0.5,12,1.0,0.5941,0.5,14,1.0,0.5989,0.5,16,1.0,0.5941,0.5,16,1.0,0.5941,0.5,16,1.0,0.5941,0.5,16,1.0,0.6291,0.5,16,1.0,0.6291,0.5,16
xbrl-adbe-2022-accounts-payable-current-usd-0000796343-23-000007,bm25,True,tables,0.3333333333333333,0.1309,0.0909,2,0.3333333333333333,0.148,0.125,2,0.3333333333333333,0.1564,0.1429,2,0.3333333333333333,0.1815,0.2,2,0.3333333333333333,0.2346,0.3333,2,0.3333333333333333,0.2346,0.3333,2,0.3333333333333333,0.2961,0.5,4,0.3333333333333333,0.2961,0.5,7
xbrl-adbe-2022-accounts-payable-current-usd-0000796343-23-000007,hybrid,True,tables,0.3333333333333333,0.4693,1.0,10,0.3333333333333333,0.4693,1.0,10,0.3333333333333333,0.4693,1.0,11,0.3333333333333333,0.4693,1.0,11,0.3333333333333333,0.4693,1.0,11,0.3333333333333333,0.4693,1.0,11,0.3333333333333333,0.4693,1.0,12,0.3333333333333333,0.4693,1.0,14
xbrl-adbe-2022-contract-with-customer-liability-current-usd-0000796343-23-000007,bm25,True,tables,0.0,0.0,0.0,0,0.0,0.0,0.0,0,0.0,0.0,0.0,0,0.0,0.0,0.0,0,0.0,0.0,0.0,0,0.0,0.0,0.0,0,0.0,0.0,0.0,2,0.0,0.0,0.0,5
xbrl-adbe-2022-contract-with-customer-liability-current-usd-0000796343-23-000007,hybrid,True,tables,0.0,0.0,0.0,1,0.0,0.0,0.0,4,0.0,0.0,0.0,7,0.0,0.0,0.0,8,0.0,0.0,0.0,8,0.0,0.0,0.0,9,0.0,0.0,0.0,9,0.0,0.0,0.0,10
xbrl-adbe-2022-other-intangible-assets-net-usd-0000796343-23-000007,bm25,True,tables,0.0,0.0,0.0,2,0.5,0.161,0.0769,4,0.5,0.1772,0.1,5,0.5,0.1934,0.125,5,0.5,0.2044,0.1429,5,0.5,0.2372,0.2,5,0.5,0.3066,0.3333,9,0.5,0.3066,0.3333,14
xbrl-adbe-2022-other-intangible-assets-net-usd-0000796343-23-000007,hybrid,True,tables,0.5,0.2044,0.1429,7,1.0,0.4141,0.25,12,1.0,0.4599,0.3333,12,1.0,0.4635,0.3333,12,1.0,0.4635,0.3333,13,1.0,0.4635,0.3333,14,1.0,0.4599,0.3333,16,0.5,0.3066,0.3333,16
xbrl-adbe-2023-deferred-tax-liabilities-intangible-assets-usd-0000796343-24-000006,bm25,True,tables,1.0,0.6309,0.5,2,1.0,0.6309,0.5,2,1.0,0.6309,0.5,3,1.0,1.0,1.0,3,1.0,1.0,1.0,4,1.0,1.0,1.0,6,1.0,1.0,1.0,9,1.0,1.0,1.0,10
xbrl-adbe-2023-deferred-tax-liabilities-intangible-assets-usd-0000796343-24-000006,hybrid,True,tables,1.0,0.5,0.3333,3,1.0,1.0,1.0,6,1.0,1.0,1.0,11,1.0,1.0,1.0,13,1.0,1.0,1.0,13,1.0,1.0,1.0,14,1.0,1.0,1.0,16,1.0,1.0,1.0,16
xbrl-adbe-2023-deferred-tax-assets-tax-credit-carryforwards-usd-0000796343-24-000006,bm25,True,tables,1.0,0.6309,0.5,2,1.0,0.6309,0.5,2,1.0,0.6309,0.5,2,1.0,0.6309,0.5,3,1.0,0.6309,0.5,3,1.0,1.0,1.0,3,1.0,1.0,1.0,6,1.0,1.0,1.0,9
xbrl-adbe-2023-deferred-tax-assets-tax-credit-carryforwards-usd-0000796343-24-000006,hybrid,True,tables,1.0,0.5,0.3333,4,1.0,0.6309,0.5,7,1.0,0.6309,0.5,10,1.0,1.0,1.0,11,1.0,1.0,1.0,12,1.0,1.0,1.0,12,1.0,1.0,1.0,13,1.0,1.0,1.0,14
xbrl-adbe-2023-increase-decrease-in-income-taxes-payable-usd-0000796343-24-000006,bm25,True,prose,0.0,0.0,0.0,5,0.0,0.0,0.0,5,0.0,0.0,0.0,5,0.0,0.0,0.0,5,0.0,0.0,0.0,5,0.0,0.0,0.0,7,0.0,0.0,0.0,9,0.0,0.0,0.0,12
xbrl-adbe-2023-increase-decrease-in-income-taxes-payable-usd-0000796343-24-000006,hybrid,True,prose,0.0,0.0,0.0,8,0.0,0.0,0.0,11,0.0,0.0,0.0,13,0.0,0.0,0.0,13,0.0,0.0,0.0,14,0.0,0.0,0.0,14,0.0,0.0,0.0,16,0.0,0.0,0.0,16
xbrl-adbe-2023-accrued-income-taxes-noncurrent-usd-0000796343-24-000006,bm25,True,tables,1.0,0.2891,0.1,3,1.0,0.3333,0.1429,3,1.0,0.3562,0.1667,5,1.0,0.3562,0.1667,5,1.0,0.3869,0.2,7,1.0,0.4307,0.25,7,1.0,0.5,0.3333,10,1.0,0.6309,0.5,13
xbrl-adbe-2023-accrued-income-taxes-noncurrent-usd-0000796343-24-000006,hybrid,True,tables,1.0,0.3869,0.2,7,1.0,0.6309,0.5,12,1.0,1.0,1.0,15,1.0,1.0,1.0,15,1.0,1.0,1.0,16,1.0,1.0,1.0,16,1.0,0.6309,0.5,16,1.0,1.0,1.0,16
xbrl-adbe-2023-debt-securities-available-for-sale-maturity-allocated-and-single-maturity-date-fair-value-usd-0000796343-24-000006,bm25,True,both,0.3333333333333333,0.1148,0.0625,2,0.0,0.0,0.0,4,0.0,0.0,0.0,5,0.0,0.0,0.0,5,0.0,0.0,0.0,5,0.0,0.0,0.0,5,0.0,0.0,0.0,9,0.0,0.0,0.0,13
xbrl-adbe-2023-debt-securities-available-for-sale-maturity-allocated-and-single-maturity-date-fair-value-usd-0000796343-24-000006,hybrid,True,both,0.3333333333333333,0.1148,0.0625,4,0.0,0.0,0.0,10,0.0,0.0,0.0,13,0.0,0.0,0.0,14,0.0,0.0,0.0,14,0.0,0.0,0.0,14,0.0,0.0,0.0,16,0.0,0.0,0.0,16
xbrl-adbe-2023-other-intangible-assets-net-usd-0000796343-24-000006,bm25,True,tables,0.5,0.1533,0.0667,4,0.5,0.171,0.0909,5,0.5,0.1772,0.1,5,0.5,0.1934,0.125,5,0.5,0.2044,0.1429,5,0.5,0.2044,0.1429,6,0.5,0.3066,0.3333,9,0.5,0.3066,0.3333,12
xbrl-adbe-2023-other-intangible-assets-net-usd-0000796343-24-000006,hybrid,True,tables,0.5,0.2372,0.2,6,0.5,0.3066,0.3333,12,0.5,0.3869,0.5,12,0.5,0.6131,1.0,12,0.5,0.6131,1.0,12,0.5,0.6131,1.0,13,1.0,0.7632,1.0,16,0.5,0.6131,1.0,16
xbrl-adbe-2023-capitalized-contract-cost-net-noncurrent-usd-0000796343-24-000006,bm25,True,both,0.3333333333333333,0.4693,1.0,0,0.3333333333333333,0.4693,1.0,1,0.3333333333333333,0.4693,1.0,1,0.3333333333333333,0.4693,1.0,1,0.3333333333333333,0.4693,1.0,2,0.3333333333333333,0.4693,1.0,2,0.3333333333333333,0.4693,1.0,3,0.3333333333333333,0.4693,1.0,8
xbrl-adbe-2023-capitalized-contract-cost-net-noncurrent-usd-0000796343-24-000006,hybrid,True,both,0.3333333333333333,0.4693,1.0,4,0.3333333333333333,0.4693,1.0,7,0.3333333333333333,0.4693,1.0,8,0.3333333333333333,0.4693,1.0,9,0.3333333333333333,0.1815,0.2,9,0.3333333333333333,0.1815,0.2,9,0.3333333333333333,0.1564,0.1429,11,0.3333333333333333,0.1233,0.0769,14
xbrl-adbe-2023-unrecorded-unconditional-purchase-obligation-to-be-paid-year-five-usd-0000796343-24-000006,bm25,True,tables,0.0,0.0,0.0,0,0.0,0.0,0.0,0,0.0,0.0,0.0,0,0.0,0.0,0.0,1,0.0,0.0,0.0,1,0.0,0.0,0.0,1,0.0,0.0,0.0,1,0.0,0.0,0.0,5
xbrl-adbe-2023-unrecorded-unconditional-purchase-obligation-to-be-paid-year-five-usd-0000796343-24-000006,hybrid,True,tables,0.0,0.0,0.0,0,1.0,0.301,0.1111,4,1.0,0.3869,0.2,8,1.0,0.5,0.3333,8,1.0,0.4307,0.25,9,1.0,0.3562,0.1667,9,1.0,0.5,0.3333,10,1.0,0.6309,0.5,13
xbrl-adbe-2023-capitalized-contract-cost-net-usd-0000796343-24-000006,bm25,True,prose,1.0,1.0,1.0,0,1.0,1.0,1.0,1,1.0,1.0,1.0,1,1.0,1.0,1.0,1,1.0,1.0,1.0,2,1.0,1.0,1.0,2,1.0,1.0,1.0,3,1.0,1.0,1.0,8
xbrl-adbe-2023-capitalized-contract-cost-net-usd-0000796343-24-000006,hybrid,True,prose,1.0,1.0,1.0,5,1.0,1.0,1.0,7,1.0,1.0,1.0,8,1.0,1.0,1.0,9,1.0,0.5,0.3333,9,1.0,0.3869,0.2,9,1.0,0.3333,0.1429,11,1.0,0.2626,0.0769,14
xbrl-adbe-2023-unrecorded-unconditional-purchase-obligation-to-be-paid-year-three-usd-0000796343-24-000006,bm25,True,tables,0.0,0.0,0.0,0,0.0,0.0,0.0,0,0.0,0.0,0.0,0,0.0,0.0,0.0,0,0.0,0.0,0.0,1,0.0,0.0,0.0,1,0.0,0.0,0.0,1,0.0,0.0,0.0,6
xbrl-adbe-2023-unrecorded-unconditional-purchase-obligation-to-be-paid-year-three-usd-0000796343-24-000006,hybrid,True,tables,0.0,0.0,0.0,0,1.0,0.3155,0.125,6,1.0,0.4307,0.25,8,1.0,0.5,0.3333,8,1.0,0.5,0.3333,8,1.0,0.5,0.3333,8,1.0,0.3333,0.1429,11,1.0,0.6309,0.5,14
xbrl-adbe-2023-operating-lease-liability-usd-0000796343-24-000006,bm25,True,both,1.0,0.3841,0.1667,3,1.0,0.3956,0.1667,3,1.0,0.403,0.1667,4,1.0,0.4228,0.1667,4,1.0,0.4228,0.1667,5,1.0,0.4118,0.1667,6,1.0,0.4082,0.2,8,1.0,0.5438,0.5,9
xbrl-adbe-2023-operating-lease-liability-usd-0000796343-24-000006,hybrid,True,both,1.0,0.5013,0.25,8,1.0,0.4486,0.25,11,1.0,0.4566,0.3333,11,0.5,0.3869,0.5,12,0.5,0.3869,0.5,12,0.5,0.3869,0.5,12,0.5,0.3869,0.5,13,0.5,0.3869,0.5,14
xbrl-adbe-2023-interest-expense-usd-0000796343-24-000006,bm25,True,both,0.3333333333333333,0.2961,0.5,1,0.3333333333333333,0.2961,0.5,1,0.6666666666666666,0.4109,0.5,2,0.6666666666666666,0.4229,0.5,2,0.6666666666666666,0.4317,0.5,3,0.6666666666666666,0.4373,0.5,4,0.6666666666666666,0.4367,0.3333,7,0.6666666666666666,0.4373,0.5,8
xbrl-adbe-2023-interest-expense-usd-0000796343-24-000006,hybrid,True,both,0.3333333333333333,0.4693,1.0,5,0.3333333333333333,0.4693,1.0,9,0.3333333333333333,0.4693,1.0,9,0.3333333333333333,0.1672,0.1667,9,0.3333333333333333,0.1672,0.1667,10,0.3333333333333333,0.1672,0.1667,10,0.6666666666666666,0.2722,0.1111,13,0.3333333333333333,0.1268,0.0833,15
xbrl-adbe-2023-payments-to-acquire-property-plant-and-equipment-usd-0000796343-24-000006,bm25,True,both,0.0,0.0,0.0,0,0.0,0.0,0.0,0,0.0,0.0,0.0,0,0.3333333333333333,0.1173,0.0667,1,0.3333333333333333,0.1309,0.0909,2,0.3333333333333333,0.1564,0.1429,3,0.3333333333333333,0.2346,0.3333,4,0.3333333333333333,0.4693,1.0,8
xbrl-adbe-2023-payments-to-acquire-property-plant-and-equipment-usd-0000796343-24-000006,hybrid,True,both,0.3333333333333333,0.1233,0.0769,3,0.3333333333333333,0.2961,0.5,6,0.3333333333333333,0.4693,1.0,8,0.3333333333333333,0.2961,0.5,8,0.3333333333333333,0.2961,0.5,8,0.3333333333333333,0.4693,1.0,9,0.3333333333333333,0.2961,0.5,11,0.3333333333333333,0.2346,0.3333,13
xbrl-adbe-2023-contract-with-customer-refund-liability-usd-0000796343-24-000006,bm25,True,both,0.3333333333333333,0.2961,0.5,0,0.6666666666666666,0.4162,0.5,1,0.6666666666666666,0.427,0.5,1,0.6666666666666666,0.4441,0.5,1,0.6666666666666666,0.4525,0.5,1,0.6666666666666666,0.4525,0.5,1,0.6666666666666666,0.4776,0.5,1,0.6666666666666666,0.5307,0.5,2
xbrl-adbe-2023-contract-with-customer-refund-liability-usd-0000796343-24-000006,hybrid,True,both,0.3333333333333333,0.2961,0.5,0,0.6666666666666666,0.4441,0.5,1,1.0,0.5977,0.5,5,1.0,0.6616,0.5,8,1.0,0.767,1.0,9,1.0,0.7845,1.0,9,1.0,0.7845,1.0,9,1.0,0.7586,1.0,10
xbrl-adbe-2023-nonoperating-income-expense-usd-0000796343-24-000006,bm25,True,both,0.6666666666666666,0.2977,0.1429,2,0.6666666666666666,0.3296,0.2,2,0.6666666666666666,0.3296,0.2,2,0.6666666666666666,0.3434,0.25,2,0.6666666666666666,0.3759,0.3333,3,0.6666666666666666,0.3759,0.3333,3,0.6666666666666666,0.5925,1.0,7,0.6666666666666666,0.6002,1.0,12
xbrl-adbe-2023-nonoperating-income-expense-usd-0000796343-24-000006,hybrid,True,both,1.0,0.4961,0.25,8,0.6666666666666666,0.6105,1.0,10,0.6666666666666666,0.6364,1.0,11,0.6666666666666666,0.4632,0.5,12,0.6666666666666666,0.4632,0.5,12,0.6666666666666666,0.4525,0.5,13,0.6666666666666666,0.3911,0.3333,15,0.6666666666666666,0.3487,0.2,16
xbrl-adbe-2023-unrecognized-tax-benefits-increase-resulting-from-prior-period-tax-positions-usd-0000796343-24-000006,bm25,True,both,0.3333333333333333,0.4693,1.0,2,0.3333333333333333,0.4693,1.0,2,0.3333333333333333,0.2961,0.5,2,0.3333333333333333,0.2961,0.5,2,0.3333333333333333,0.2961,0.5,2,0.3333333333333333,0.2961,0.5,2,0.3333333333333333,0.2961,0.5,3,0.3333333333333333,0.2961,0.5,5
xbrl-adbe-2023-unrecognized-tax-benefits-increase-resulting-from-prior-period-tax-positions-usd-0000796343-24-000006,hybrid,True,both,0.3333333333333333,0.4693,1.0,3,0.3333333333333333,0.2961,0.5,4,0.3333333333333333,0.2961,0.5,9,0.3333333333333333,0.2346,0.3333,9,0.3333333333333333,0.1815,0.2,11,0.3333333333333333,0.1357,0.1,11,0.3333333333333333,0.1357,0.1,12,0.3333333333333333,0.1201,0.0714,15
xbrl-adbe-2023-operating-expenses-usd-0000796343-24-000006,bm25,True,tables,0.0,0.0,0.0,0,0.0,0.0,0.0,0,0.0,0.0,0.0,1,0.5,0.1569,0.0714,2,0.5,0.171,0.0909,3,0.5,0.1934,0.125,3,0.5,0.2641,0.25,8,1.0,0.5641,0.5,12
xbrl-adbe-2023-operating-expenses-usd-0000796343-24-000006,hybrid,True,tables,0.5,0.2044,0.1429,6,1.0,0.4351,0.25,9,1.0,0.5641,0.5,11,1.0,0.5803,0.5,12,1.0,0.5714,0.5,12,1.0,0.5714,0.5,12,1.0,0.5641,0.5,13,1.0,0.5579,0.5,16
xbrl-adbe-2023-accrued-marketing-costs-current-usd-0000796343-24-000006,bm25,True,tables,0.3333333333333333,0.2346,0.3333,1,0.3333333333333333,0.2961,0.5,1,0.3333333333333333,0.2961,0.5,2,0.3333333333333333,0.2961,0.5,2,0.3333333333333333,0.2961,0.5,3,0.3333333333333333,0.2961,0.5,3,0.6666666666666666,0.6002,1.0,7,0.6666666666666666,0.6508,1.0,9
xbrl-adbe-2023-accrued-marketing-costs-current-usd-0000796343-24-000006,hybrid,True,tables,0.3333333333333333,0.4693,1.0,5,0.3333333333333333,0.4693,1.0,9,0.3333333333333333,0.4693,1.0,9,0.3333333333333333,0.4693,1.0,9,0.3333333333333333,0.4693,1.0,10,0.3333333333333333,0.4693,1.0,10,0.3333333333333333,0.4693,1.0,11,0.6666666666666666,0.5866,1.0,15
xbrl-adbe-2023-gross-profit-usd-0000796343-24-000006,bm25,True,tables,1.0,0.5438,0.3333,4,1.0,0.5438,0.3333,5,1.0,0.5706,0.3333,6,1.0,0.5706,0.3333,7,1.0,0.5706,0.3333,7,1.0,0.5706,0.3333,7,1.0,0.5706,0.3333,8,1.0,0.5706,0.3333,11
xbrl-adbe-2023-gross-profit-usd-0000796343-24-000006,hybrid,True,tables,1.0,0.6509,0.5,9,1.0,0.6509,0.5,11,1.0,0.6509,0.5,12,1.0,0.6509,0.5,12,1.0,0.6509,0.5,12,1.0,0.6509,0.5,13,1.0,0.6509,0.5,14,1.0,0.6509,0.5,16
xbrl-adbe-2023-net-cash-provided-by-used-in-financing-activities-usd-0000796343-24-000006,bm25,True,tables,1.0,0.8772,1.0,5,1.0,0.8772,1.0,5,1.0,0.8772,1.0,5,1.0,0.8772,1.0,5,1.0,0.8772,1.0,7,1.0,0.8772,1.0,7,1.0,0.9197,1.0,8,1.0,0.9197,1.0,12
xbrl-adbe-2023-net-cash-provided-by-used-in-financing-activities-usd-0000796343-24-000006,hybrid,True,tables,1.0,0.9197,1.0,6,1.0,0.9197,1.0,10,1.0,1.0,1.0,11,1.0,1.0,1.0,11,1.0,1.0,1.0,12,1.0,1.0,1.0,14,1.0,1.0,1.0,15,1.0,1.0,1.0,16
xbrl-adbe-2024-accounts-receivable-after-allowance-for-credit-loss-current-usd-0000796343-25-000004,bm25,True,tables,1.0,0.25,0.0667,1,1.0,0.2702,0.0833,1,1.0,0.2789,0.0909,2,1.0,0.2789,0.0909,2,1.0,0.2891,0.1,3,1.0,0.301,0.1111,3,1.0,0.3562,0.1667,4,1.0,0.6309,0.5,8
xbrl-adbe-2024-accounts-receivable-after-allowance-for-credit-loss-current-usd-0000796343-25-000004,hybrid,True,tables,1.0,0.5,0.3333,3,1.0,0.6309,0.5,7,1.0,0.6309,0.5,8,1.0,1.0,1.0,9,1.0,1.0,1.0,10,1.0,1.0,1.0,11,1.0,1.0,1.0,12,1.0,1.0,1.0,14
xbrl-adbe-2024-payments-to-acquire-long-term-investments-usd-0000796343-25-000004,bm25,True,both,0.6666666666666666,0.2645,0.1111,1,0.6666666666666666,0.2713,0.125,1,0.6666666666666666,0.2797,0.1429,1,0.6666666666666666,0.2797,0.1429,1,0.6666666666666666,0.3048,0.2,1,0.6666666666666666,0.3579,0.3333,1,0.6666666666666666,0.4193,0.5,1,0.3333333333333333,0.4693,1.0,6
xbrl-adbe-2024-payments-to-acquire-long-term-investments-usd-0000796343-25-000004,hybrid,True,both,0.3333333333333333,0.2961,0.5,1,0.6666666666666666,0.5894,1.0,6,0.6666666666666666,0.6049,1.0,8,0.6666666666666666,0.6049,1.0,8,0.6666666666666666,0.6049,1.0,9,0.6666666666666666,0.6049,1.0,9,0.6666666666666666,0.5961,1.0,10,0.6666666666666666,0.5894,1.0,11
xbrl-adbe-2024-unrecorded-unconditional-purchase-obligation-to-be-paid-year-five-usd-0000796343-25-000004,bm25,True,tables,0.0,0.0,0.0,0,0.0,0.0,0.0,0,0.0,0.0,0.0,0,0.0,0.0,0.0,1,0.0,0.0,0.0,1,0.0,0.0,0.0,1,0.0,0.0,0.0,2,1.0,0.2626,0.0769,4
xbrl-adbe-2024-unrecorded-unconditional-purchase-obligation-to-be-paid-year-five-usd-0000796343-25-000004,hybrid,True,tables,0.0,0.0,0.0,1,1.0,0.301,0.1111,4,1.0,0.3562,0.1667,8,1.0,0.5,0.3333,8,1.0,0.4307,0.25,9,1.0,0.3869,0.2,9,1.0,0.5,0.3333,9,1.0,0.5,0.3333,11
xbrl-adbe-2024-lessee-operating-lease-liability-to-be-paid-usd-0000796343-25-000004,bm25,True,both,0.5,0.2641,0.25,1,0.5,0.2641,0.25,1,0.5,0.2641,0.25,2,0.5,0.2641,0.25,2,0.5,0.2641,0.25,2,0.5,0.2641,0.25,2,0.5,0.2372,0.2,3,1.0,0.3707,0.125,8
xbrl-adbe-2024-lessee-operating-lease-liability-to-be-paid-usd-0000796343-25-000004,hybrid,True,both,1.0,0.3894,0.1667,5,1.0,0.3978,0.1429,9,1.0,0.4306,0.2,9,1.0,0.4306,0.2,9,1.0,0.5,0.3333,10,1.0,0.4911,0.3333,10,1.0,0.5579,0.5,10,0.5,0.3869,0.5,14
xbrl-adbe-2024-deferred-foreign-income-tax-expense-benefit-usd-0000796343-25-000004,bm25,True,tables,1.0,0.25,0.0667,2,1.0,0.2702,0.0833,2,1.0,0.2702,0.0833,2,1.0,0.2702,0.0833,2,1.0,0.301,0.1111,2,1.0,0.3155,0.125,2,1.0,0.5,0.3333,6,1.0,0.6309,0.5,10
xbrl-adbe-2024-deferred-foreign-income-tax-expense-benefit-usd-0000796343-25-000004,hybrid,True,tables,1.0,0.2702,0.0833,2,1.0,0.3333,0.1429,5,1.0,0.6309,0.5,9,1.0,0.6309,0.5,13,1.0,0.6309,0.5,15,1.0,0.6309,0.5,16,1.0,0.6309,0.5,16,1.0,0.6309,0.5,16
xbrl-adbe-2024-treasury-stock-common-shares-shares-0000796343-25-000004,bm25,True,tables,0.3333333333333333,0.1268,0.0833,11,0.6666666666666666,0.2457,0.0909,12,0.6666666666666666,0.2505,0.1,12,0.6666666666666666,0.253,0.1,12,0.6666666666666666,0.2558,0.1,12,0.6666666666666666,0.2558,0.1,12,0.6666666666666666,0.2625,0.1,13,0.6666666666666666,0.2625,0.1,14
xbrl-adbe-2024-treasury-stock-common-shares-shares-0000796343-25-000004,hybrid,True,tables,0.6666666666666666,0.2845,0.1667,12,0.6666666666666666,0.2873,0.1667,13,0.6666666666666666,0.2904,0.1667,14,0.6666666666666666,0.294,0.1667,16,0.6666666666666666,0.294,0.1667,16,0.6666666666666666,0.294,0.1667,16,0.6666666666666666,0.294,0.1667,16,0.6666666666666666,0.294,0.1667,16
xbrl-adbe-2024-share-based-payment-arrangement-noncash-expense-usd-0000796343-25-000004,bm25,True,tables,0.0,0.0,0.0,1,0.0,0.0,0.0,1,0.0,0.0,0.0,1,0.0,0.0,0.0,1,0.0,0.0,0.0,2,0.0,0.0,0.0,2,0.0,0.0,0.0,2,0.0,0.0,0.0,3
xbrl-adbe-2024-share-based-payment-arrangement-noncash-expense-usd-0000796343-25-000004,hybrid,True,tables,0.0,0.0,0.0,2,0.0,0.0,0.0,7,0.0,0.0,0.0,9,0.0,0.0,0.0,9,0.0,0.0,0.0,9,0.0,0.0,0.0,9,0.0,0.0,0.0,12,0.0,0.0,0.0,16
xbrl-adbe-2024-selling-and-marketing-expense-usd-0000796343-25-000004,bm25,True,tables,0.0,0.0,0.0,0,0.0,0.0,0.0,0,0.0,0.0,0.0,0,0.5,0.1657,0.0833,1,0.5,0.1846,0.1111,1,0.5,0.1934,0.125,2,0.5,0.3066,0.3333,4,1.0,0.8066,1.0,9
xbrl-adbe-2024-selling-and-marketing-expense-usd-0000796343-25-000004,hybrid,True,tables,0.0,0.0,0.0,3,0.5,0.3066,0.3333,7,0.5,0.3066,0.3333,8,0.5,0.3066,0.3333,8,0.5,0.3066,0.3333,8,0.5,0.3066,0.3333,9,1.0,0.5013,0.25,11,1.0,0.5013,0.25,13
xbrl-adbe-2024-liabilities-usd-0000796343-25-000004,bm25,True,tables,0.0,0.0,0.0,1,0.0,0.0,0.0,1,0.0,0.0,0.0,1,0.0,0.0,0.0,1,0.0,0.0,0.0,1,0.0,0.0,0.0,1,0.0,0.0,0.0,1,0.0,0.0,0.0,8
xbrl-adbe-2024-liabilities-usd-0000796343-25-000004,hybrid,True,tables,0.0,0.0,0.0,5,0.0,0.0,0.0,8,0.0,0.0,0.0,8,0.0,0.0,0.0,8,0.0,0.0,0.0,8,0.0,0.0,0.0,8,0.0,0.0,0.0,12,0.0,0.0,0.0,14
xbrl-adbe-2024-operating-lease-cost-usd-0000796343-25-000004,bm25,True,both,0.3333333333333333,0.4693,1.0,2,0.3333333333333333,0.4693,1.0,3,0.3333333333333333,0.4693,1.0,4,0.3333333333333333,0.4693,1.0,5,0.3333333333333333,0.4693,1.0,5,0.3333333333333333,0.4693,1.0,5,0.3333333333333333,0.2961,0.5,7,0.3333333333333333,0.2961,0.5,8
xbrl-adbe-2024-operating-lease-cost-usd-0000796343-25-000004,hybrid,True,both,0.3333333333333333,0.2346,0.3333,7,0.3333333333333333,0.1815,0.2,10,0.3333333333333333,0.1268,0.0833,10,0.3333333333333333,0.1357,0.1,11,0.3333333333333333,0.1357,0.1,11,0.3333333333333333,0.1357,0.1,11,0.3333333333333333,0.1357,0.1,13,0.3333333333333333,0.1268,0.0833,14
xbrl-adbe-2024-investment-income-interest-usd-0000796343-25-000004,bm25,True,tables,1.0,0.5,0.3333,3,1.0,0.6309,0.5,4,1.0,0.6309,0.5,4,1.0,1.0,1.0,4,1.0,1.0,1.0,4,1.0,1.0,1.0,4,1.0,1.0,1.0,5,1.0,1.0,1.0,7
xbrl-adbe-2024-investment-income-interest-usd-0000796343-25-000004,hybrid,True,tables,1.0,0.6309,0.5,10,1.0,1.0,1.0,10,1.0,1.0,1.0,10,1.0,1.0,1.0,11,1.0,1.0,1.0,11,1.0,0.6309,0.5,11,1.0,0.6309,0.5,14,1.0,0.6309,0.5,16
xbrl-adbe-2024-income-loss-from-continuing-operations-before-income-taxes-domestic-usd-0000796343-25-000004,bm25,True,tables,1.0,0.6309,0.5,3,1.0,1.0,1.0,3,1.0,1.0,1.0,3,1.0,1.0,1.0,5,1.0,1.0,1.0,5,1.0,1.0,1.0,6,1.0,1.0,1.0,9,1.0,1.0,1.0,13
xbrl-adbe-2024-income-loss-from-continuing-operations-before-income-taxes-domestic-usd-0000796343-25-000004,hybrid,True,tables,1.0,1.0,1.0,5,1.0,1.0,1.0,9,1.0,1.0,1.0,13,1.0,0.6309,0.5,14,1.0,0.6309,0.5,14,1.0,0.6309,0.5,14,1.0,0.6309,0.5,16,1.0,0.6309,0.5,16
xbrl-adbe-2024-assets-current-usd-0000796343-25-000004,bm25,True,tables,1.0,0.301,0.1111,2,1.0,0.3333,0.1429,2,1.0,0.4307,0.25,3,1.0,0.5,0.3333,3,1.0,0.6309,0.5,3,1.0,0.6309,0.5,3,1.0,1.0,1.0,7,1.0,1.0,1.0,11
xbrl-adbe-2024-assets-current-usd-0000796343-25-000004,hybrid,True,tables,1.0,1.0,1.0,8,1.0,1.0,1.0,11,1.0,1.0,1.0,11,1.0,1.0,1.0,11,1.0,1.0,1.0,12,1.0,1.0,1.0,12,1.0,1.0,1.0,13,1.0,1.0,1.0,16
xbrl-adbe-2024-deferred-tax-assets-net-of-valuation-allowance-usd-0000796343-25-000004,bm25,True,both,1.0,0.8503,1.0,3,1.0,0.8772,1.0,3,1.0,0.9197,1.0,3,1.0,0.9197,1.0,3,1.0,0.9197,1.0,4,1.0,1.0,1.0,5,1.0,1.0,1.0,9,1.0,0.9197,1.0,10
xbrl-adbe-2024-deferred-tax-assets-net-of-valuation-allowance-usd-0000796343-25-000004,hybrid,True,both,1.0,0.8503,1.0,4,1.0,1.0,1.0,8,1.0,0.8772,1.0,10,1.0,0.8316,1.0,12,1.0,0.7842,1.0,12,1.0,0.7701,1.0,14,0.5,0.6131,1.0,16,0.5,0.3066,0.3333,16
xbrl-adbe-2024-current-state-and-local-tax-expense-benefit-usd-0000796343-25-000004,bm25,True,prose,0.0,0.0,0.0,2,0.0,0.0,0.0,2,0.0,0.0,0.0,2,0.0,0.0,0.0,2,0.0,0.0,0.0,2,0.0,0.0,0.0,2,0.0,0.0,0.0,4,0.0,0.0,0.0,6
xbrl-adbe-2024-current-state-and-local-tax-expense-benefit-usd-0000796343-25-000004,hybrid,True,prose,0.3333333333333333,0.1233,0.0769,2,0.3333333333333333,0.1672,0.1667,4,0.3333333333333333,0.1672,0.1667,8,0.3333333333333333,0.1815,0.2,9,0.0,0.0,0.0,9,0.0,0.0,0.0,9,0.0,0.0,0.0,10,0.0,0.0,0.0,14
xbrl-adbe-2024-proceeds-from-sale-of-short-term-investments-usd-0000796343-25-000004,bm25,True,prose,0.0,0.0,0.0,8,0.0,0.0,0.0,8,0.0,0.0,0.0,8,0.0,0.0,0.0,9,0.0,0.0,0.0,10,0.0,0.0,0.0,10,0.0,0.0,0.0,11,0.0,0.0,0.0,12
xbrl-adbe-2024-proceeds-from-sale-of-short-term-investments-usd-0000796343-25-000004,hybrid,True,prose,0.0,0.0,0.0,5,0.0,0.0,0.0,10,0.0,0.0,0.0,11,0.0,0.0,0.0,11,0.0,0.0,0.0,12,0.0,0.0,0.0,13,0.0,0.0,0.0,13,0.0,0.0,0.0,16
xbrl-adbe-2024-sales-and-excise-tax-payable-current-usd-0000796343-25-000004,bm25,True,both,0.0,0.0,0.0,0,0.0,0.0,0.0,0,0.0,0.0,0.0,1,0.0,0.0,0.0,1,0.0,0.0,0.0,1,0.0,0.0,0.0,1,0.0,0.0,0.0,4,0.0,0.0,0.0,9
xbrl-adbe-2024-sales-and-excise-tax-payable-current-usd-0000796343-25-000004,hybrid,True,both,0.0,0.0,0.0,5,0.5,0.1569,0.0714,7,0.5,0.171,0.0909,8,0.5,0.1657,0.0833,9,0.5,0.1657,0.0833,9,0.5,0.1657,0.0833,9,0.5,0.1533,0.0667,12,0.5,0.2044,0.1429,16
xbrl-adbe-2024-comprehensive-income-loss-net-of-tax-attributable-to-parent-usd-0000796343-25-000004,bm25,True,tables,0.0,0.0,0.0,1,0.0,0.0,0.0,1,0.0,0.0,0.0,2,1.0,0.2702,0.0833,5,1.0,0.2789,0.0909,5,1.0,0.301,0.1111,5,1.0,0.5,0.3333,8,1.0,0.5,0.3333,16
xbrl-adbe-2024-comprehensive-income-loss-net-of-tax-attributable-to-parent-usd-0000796343-25-000004,hybrid,True,tables,1.0,0.3869,0.2,6,1.0,0.6309,0.5,9,1.0,0.6309,0.5,13,1.0,0.6309,0.5,16,1.0,0.6309,0.5,16,1.0,0.6309,0.5,16,1.0,0.6309,0.5,16,1.0,0.6309,0.5,16
xbrl-adbe-2024-capitalized-contract-cost-net-usd-0000796343-25-000004,bm25,True,prose,1.0,1.0,1.0,0,1.0,1.0,1.0,0,1.0,1.0,1.0,0,1.0,1.0,1.0,1,1.0,1.0,1.0,1,1.0,1.0,1.0,1,1.0,1.0,1.0,3,1.0,1.0,1.0,8
xbrl-adbe-2024-capitalized-contract-cost-net-usd-0000796343-25-000004,hybrid,True,prose,1.0,1.0,1.0,4,1.0,1.0,1.0,7,1.0,1.0,1.0,8,1.0,1.0,1.0,8,1.0,0.6309,0.5,9,1.0,0.4307,0.25,9,1.0,0.3562,0.1667,11,1.0,0.2702,0.0833,14
xbrl-adbe-2024-gross-profit-usd-0000796343-25-000004,bm25,True,tables,1.0,0.525,0.3333,4,1.0,0.525,0.3333,4,1.0,0.5438,0.3333,4,1.0,0.5706,0.3333,5,1.0,0.5706,0.3333,5,1.0,0.5706,0.3333,6,1.0,0.5706,0.3333,7,1.0,0.5706,0.3333,10
xbrl-adbe-2024-gross-profit-usd-0000796343-25-000004,hybrid,True,tables,1.0,0.6509,0.5,9,1.0,0.6509,0.5,11,1.0,0.6509,0.5,11,1.0,0.6509,0.5,11,1.0,0.6509,0.5,12,1.0,0.6509,0.5,12,1.0,0.6509,0.5,14,1.0,0.6509,0.5,14
xbrl-adbe-2025-accumulated-depreciation-depletion-and-amortization-property-plant-and-equipment-usd-0000796343-26-000003,bm25,True,both,1.0,1.0,1.0,3,1.0,1.0,1.0,4,1.0,1.0,1.0,5,1.0,1.0,1.0,5,1.0,1.0,1.0,5,1.0,1.0,1.0,7,1.0,1.0,1.0,8,1.0,1.0,1.0,14
xbrl-adbe-2025-accumulated-depreciation-depletion-and-amortization-property-plant-and-equipment-usd-0000796343-26-000003,hybrid,True,both,1.0,0.9197,1.0,7,1.0,0.8316,1.0,9,1.0,0.7977,1.0,10,1.0,0.8066,1.0,11,1.0,0.7977,1.0,12,1.0,0.7904,1.0,12,1.0,0.7742,1.0,14,0.5,0.6131,1.0,16
xbrl-adbe-2025-cash-cash-equivalents-and-short-term-investments-usd-0000796343-26-000003,bm25,True,tables,1.0,0.4307,0.25,7,1.0,0.5,0.3333,7,1.0,0.5,0.3333,8,1.0,0.6309,0.5,8,1.0,1.0,1.0,8,1.0,1.0,1.0,9,1.0,1.0,1.0,10,1.0,1.0,1.0,10
xbrl-adbe-2025-cash-cash-equivalents-and-short-term-investments-usd-0000796343-26-000003,hybrid,True,tables,1.0,0.2626,0.0769,10,1.0,0.2891,0.1,10,1.0,0.3155,0.125,12,1.0,0.3869,0.2,13,1.0,0.3869,0.2,14,1.0,0.3869,0.2,15,1.0,0.3333,0.1429,16,1.0,0.3333,0.1429,16
xbrl-adbe-2025-contract-with-customer-asset-after-allowance-for-credit-loss-usd-0000796343-26-000003,bm25,True,prose,1.0,1.0,1.0,0,1.0,1.0,1.0,0,1.0,1.0,1.0,0,1.0,1.0,1.0,0,1.0,1.0,1.0,0,1.0,1.0,1.0,1,1.0,1.0,1.0,2,1.0,1.0,1.0,4
xbrl-adbe-2025-contract-with-customer-asset-after-allowance-for-credit-loss-usd-0000796343-26-000003,hybrid,True,prose,1.0,1.0,1.0,1,1.0,1.0,1.0,5,1.0,1.0,1.0,7,1.0,0.6309,0.5,8,1.0,0.5,0.3333,8,1.0,0.5,0.3333,8,1.0,0.3562,0.1667,9,1.0,0.3155,0.125,11
xbrl-adbe-2025-increase-decrease-in-accrued-liabilities-usd-0000796343-26-000003,bm25,True,both,0.3333333333333333,0.1233,0.0769,4,0.3333333333333333,0.1201,0.0714,4,0.3333333333333333,0.1201,0.0714,5,0.3333333333333333,0.1173,0.0667,6,0.3333333333333333,0.1148,0.0625,6,0.3333333333333333,0.1148,0.0625,7,0.3333333333333333,0.148,0.125,9,0.3333333333333333,0.1564,0.1429,11
xbrl-adbe-2025-increase-decrease-in-accrued-liabilities-usd-0000796343-26-000003,hybrid,True,both,0.3333333333333333,0.1413,0.1111,7,0.3333333333333333,0.1815,0.2,11,0.3333333333333333,0.1815,0.2,13,0.3333333333333333,0.1672,0.1667,13,0.3333333333333333,0.1672,0.1667,13,0.3333333333333333,0.1672,0.1667,15,0.3333333333333333,0.1815,0.2,16,0.3333333333333333,0.1564,0.1429,16
xbrl-adbe-2025-liabilities-current-usd-0000796343-26-000003,bm25,True,tables,1.0,0.2626,0.0769,1,1.0,0.2891,0.1,3,1.0,0.301,0.1111,4,1.0,0.301,0.1111,4,1.0,0.3155,0.125,5,1.0,0.3155,0.125,5,1.0,0.6309,0.5,7,1.0,1.0,1.0,9
xbrl-adbe-2025-liabilities-current-usd-0000796343-26-000003,hybrid,True,tables,1.0,1.0,1.0,6,1.0,1.0,1.0,10,1.0,1.0,1.0,10,1.0,1.0,1.0,10,1.0,1.0,1.0,10,1.0,1.0,1.0,10,1.0,1.0,1.0,13,1.0,1.0,1.0,16
xbrl-adbe-2025-proceeds-from-payments-for-other-financing-activities-usd-0000796343-26-000003,bm25,True,both,0.6666666666666666,0.4776,0.5,3,0.6666666666666666,0.4776,0.5,4,0.6666666666666666,0.4982,0.5,4,0.6666666666666666,0.4982,0.5,4,0.6666666666666666,0.4367,0.3333,5,0.6666666666666666,0.4367,0.3333,5,0.6666666666666666,0.4367,0.3333,6,0.6666666666666666,0.4776,0.5,10
xbrl-adbe-2025-proceeds-from-payments-for-other-financing-activities-usd-0000796343-26-000003,hybrid,True,both,0.6666666666666666,0.4018,0.3333,5,0.6666666666666666,0.4525,0.5,9,0.6666666666666666,0.6257,1.0,10,0.6666666666666666,0.6173,1.0,11,0.6666666666666666,0.4441,0.5,11,0.6666666666666666,0.4441,0.5,11,0.6666666666666666,0.4317,0.5,13,0.6666666666666666,0.5866,1.0,14
xbrl-adbe-2025-increase-decrease-in-receivables-usd-0000796343-26-000003,bm25,True,both,0.0,0.0,0.0,3,0.0,0.0,0.0,3,0.0,0.0,0.0,3,0.0,0.0,0.0,3,0.0,0.0,0.0,3,0.0,0.0,0.0,4,0.0,0.0,0.0,7,0.0,0.0,0.0,12
xbrl-adbe-2025-increase-decrease-in-receivables-usd-0000796343-26-000003,hybrid,True,both,0.0,0.0,0.0,5,0.0,0.0,0.0,10,0.0,0.0,0.0,11,0.0,0.0,0.0,11,0.0,0.0,0.0,12,0.0,0.0,0.0,12,0.0,0.0,0.0,12,0.0,0.0,0.0,14
xbrl-adbe-2025-debt-securities-available-for-sale-realized-loss-usd-0000796343-26-000003,bm25,True,both,0.0,0.0,0.0,3,0.0,0.0,0.0,3,0.0,0.0,0.0,6,0.0,0.0,0.0,6,0.0,0.0,0.0,6,0.0,0.0,0.0,6,0.0,0.0,0.0,7,0.0,0.0,0.0,9
xbrl-adbe-2025-debt-securities-available-for-sale-realized-loss-usd-0000796343-26-000003,hybrid,True,both,0.0,0.0,0.0,4,0.0,0.0,0.0,6,0.0,0.0,0.0,10,0.0,0.0,0.0,11,0.0,0.0,0.0,11,0.0,0.0,0.0,12,0.0,0.0,0.0,16,0.0,0.0,0.0,16
xbrl-adbe-2025-effective-income-tax-rate-reconciliation-at-federal-statutory-income-tax-rate-amount-usd-0000796343-26-000003,bm25,True,tables,1.0,0.4307,0.25,2,1.0,0.6309,0.5,2,1.0,0.6309,0.5,2,1.0,0.6309,0.5,2,1.0,1.0,1.0,2,1.0,1.0,1.0,2,1.0,1.0,1.0,4,1.0,1.0,1.0,7
xbrl-adbe-2025-effective-income-tax-rate-reconciliation-at-federal-statutory-income-tax-rate-amount-usd-0000796343-26-000003,hybrid,True,tables,1.0,0.4307,0.25,4,1.0,1.0,1.0,8,1.0,1.0,1.0,11,1.0,1.0,1.0,12,1.0,1.0,1.0,12,1.0,1.0,1.0,12,1.0,1.0,1.0,12,1.0,0.6309,0.5,15
xbrl-adbe-2025-operating-lease-right-of-use-asset-usd-0000796343-26-000003,bm25,True,tables,1.0,0.3333,0.1429,3,1.0,0.3562,0.1667,4,1.0,0.3869,0.2,4,1.0,0.4307,0.25,5,1.0,0.4307,0.25,5,1.0,0.4307,0.25,5,1.0,0.6309,0.5,6,1.0,0.6309,0.5,9
xbrl-adbe-2025-operating-lease-right-of-use-asset-usd-0000796343-26-000003,hybrid,True,tables,1.0,0.3155,0.125,6,1.0,0.3869,0.2,8,1.0,0.4307,0.25,10,1.0,0.5,0.3333,11,1.0,0.5,0.3333,11,1.0,0.5,0.3333,11,1.0,0.5,0.3333,13,1.0,0.5,0.3333,16
xbrl-adbe-2025-operating-lease-liability-noncurrent-usd-0000796343-26-000003,bm25,True,tables,0.3333333333333333,0.1173,0.0667,4,0.3333333333333333,0.1201,0.0714,4,0.3333333333333333,0.1268,0.0833,5,0.3333333333333333,0.1309,0.0909,5,0.3333333333333333,0.1309,0.0909,6,0.3333333333333333,0.1357,0.1,7,0.3333333333333333,0.148,0.125,8,0.3333333333333333,0.1815,0.2,10
xbrl-adbe-2025-operating-lease-liability-noncurrent-usd-0000796343-26-000003,hybrid,True,tables,0.3333333333333333,0.148,0.125,6,0.3333333333333333,0.1815,0.2,8,0.3333333333333333,0.1815,0.2,9,0.3333333333333333,0.2346,0.3333,11,0.3333333333333333,0.2346,0.3333,11,0.3333333333333333,0.2346,0.3333,11,0.3333333333333333,0.2346,0.3333,12,0.3333333333333333,0.2346,0.3333,14
xbrl-adbe-2025-long-term-debt-usd-0000796343-26-000003,bm25,True,tables,1.0,0.4838,0.3333,2,1.0,0.511,0.3333,2,1.0,0.5438,0.3333,4,1.0,0.5438,0.3333,4,1.0,0.6509,0.5,4,1.0,0.6509,0.5,4,1.0,0.9197,1.0,7,1.0,1.0,1.0,11
xbrl-adbe-2025-long-term-debt-usd-0000796343-26-000003,hybrid,True,tables,1.0,1.0,1.0,5,1.0,1.0,1.0,8,1.0,1.0,1.0,11,1.0,1.0,1.0,11,1.0,1.0,1.0,11,1.0,1.0,1.0,13,1.0,1.0,1.0,13,1.0,1.0,1.0,15
xbrl-adbe-2025-contract-with-customer-liability-noncurrent-usd-0000796343-26-000003,bm25,True,tables,0.0,0.0,0.0,0,0.0,0.0,0.0,0,0.0,0.0,0.0,0,0.0,0.0,0.0,0,0.0,0.0,0.0,0,0.0,0.0,0.0,0,0.0,0.0,0.0,1,0.0,0.0,0.0,1
xbrl-adbe-2025-contract-with-customer-liability-noncurrent-usd-0000796343-26-000003,hybrid,True,tables,0.0,0.0,0.0,0,0.0,0.0,0.0,1,0.0,0.0,0.0,4,0.0,0.0,0.0,8,0.0,0.0,0.0,8,0.0,0.0,0.0,8,0.0,0.0,0.0,8,0.0,0.0,0.0,9
xbrl-adbe-2025-other-accrued-liabilities-current-usd-0000796343-26-000003,bm25,True,tables,0.5,0.2641,0.25,4,0.5,0.2641,0.25,4,0.5,0.3066,0.3333,4,0.5,0.3066,0.3333,4,0.5,0.3869,0.5,4,0.5,0.3869,0.5,5,0.5,0.6131,1.0,7,0.5,0.6131,1.0,9
xbrl-adbe-2025-other-accrued-liabilities-current-usd-0000796343-26-000003,hybrid,True,tables,0.5,0.3869,0.5,8,0.5,0.6131,1.0,10,0.5,0.6131,1.0,11,0.5,0.6131,1.0,11,0.5,0.6131,1.0,11,0.5,0.6131,1.0,11,0.5,0.6131,1.0,12,0.5,0.6131,1.0,15
xbrl-adbe-2025-oci-debt-securities-available-for-sale-gain-loss-after-adjustment-and-tax-usd-0000796343-26-000003,bm25,True,both,0.0,0.0,0.0,2,0.0,0.0,0.0,3,0.0,0.0,0.0,3,0.0,0.0,0.0,3,0.0,0.0,0.0,3,0.0,0.0,0.0,4,0.0,0.0,0.0,5,0.0,0.0,0.0,10
xbrl-adbe-2025-oci-debt-securities-available-for-sale-gain-loss-after-adjustment-and-tax-usd-0000796343-26-000003,hybrid,True,both,0.0,0.0,0.0,3,0.0,0.0,0.0,9,0.0,0.0,0.0,10,0.0,0.0,0.0,11,0.0,0.0,0.0,12,0.0,0.0,0.0,12,0.0,0.0,0.0,14,0.0,0.0,0.0,16
xbrl-adbe-2025-gross-profit-usd-0000796343-26-000003,bm25,True,tables,1.0,0.511,0.3333,4,1.0,0.5438,0.3333,4,1.0,0.5706,0.3333,4,1.0,0.5706,0.3333,5,1.0,0.5706,0.3333,5,1.0,0.5706,0.3333,6,1.0,0.5706,0.3333,7,1.0,0.5706,0.3333,10
xbrl-adbe-2025-gross-profit-usd-0000796343-26-000003,hybrid,True,tables,1.0,0.6509,0.5,8,1.0,0.6934,0.5,11,1.0,0.6934,0.5,11,1.0,0.6934,0.5,11,1.0,0.6934,0.5,12,1.0,0.6934,0.5,12,1.0,0.6934,0.5,13,1.0,0.6934,0.5,15
xbrl-adbe-2025-operating-income-loss-usd-0000796343-26-000003,bm25,True,tables,0.0,0.0,0.0,2,0.0,0.0,0.0,2,0.0,0.0,0.0,2,0.0,0.0,0.0,3,0.0,0.0,0.0,4,0.0,0.0,0.0,4,0.0,0.0,0.0,8,0.0,0.0,0.0,14
xbrl-adbe-2025-operating-income-loss-usd-0000796343-26-000003,hybrid,True,tables,1.0,0.2447,0.0625,7,1.0,0.256,0.0714,11,1.0,0.25,0.0667,11,1.0,0.25,0.0667,12,1.0,0.25,0.0667,12,1.0,0.3869,0.2,13,1.0,0.3869,0.2,16,1.0,0.3869,0.2,16
xbrl-adbe-2025-unrecorded-unconditional-purchase-obligation-usd-0000796343-26-000003,bm25,True,tables,0.0,0.0,0.0,0,0.0,0.0,0.0,0,0.0,0.0,0.0,0,0.0,0.0,0.0,0,0.0,0.0,0.0,0,0.0,0.0,0.0,1,0.0,0.0,0.0,1,1.0,0.2891,0.1,5
xbrl-adbe-2025-unrecorded-unconditional-purchase-obligation-usd-0000796343-26-000003,hybrid,True,tables,1.0,0.25,0.0667,1,1.0,0.3562,0.1667,5,1.0,1.0,1.0,7,1.0,1.0,1.0,9,1.0,1.0,1.0,10,1.0,1.0,1.0,10,1.0,1.0,1.0,10,1.0,1.0,1.0,12
xbrl-adbe-2025-income-loss-from-continuing-operations-before-income-taxes-foreign-usd-0000796343-26-000003,bm25,True,prose,0.0,0.0,0.0,4,0.0,0.0,0.0,4,0.0,0.0,0.0,4,0.0,0.0,0.0,6,0.0,0.0,0.0,7,0.0,0.0,0.0,8,0.0,0.0,0.0,10,0.0,0.0,0.0,14
xbrl-adbe-2025-income-loss-from-continuing-operations-before-income-taxes-foreign-usd-0000796343-26-000003,hybrid,True,prose,0.0,0.0,0.0,4,0.0,0.0,0.0,9,0.0,0.0,0.0,13,0.0,0.0,0.0,16,0.0,0.0,0.0,16,0.0,0.0,0.0,16,0.0,0.0,0.0,16,0.0,0.0,0.0,16
xbrl-adbe-2025-liabilities-and-equity-usd-0000796343-26-000003,bm25,True,tables,0.0,0.0,0.0,0,0.0,0.0,0.0,0,0.5,0.161,0.0769,1,1.0,0.3415,0.1111,2,1.0,0.4413,0.25,3,1.0,0.5013,0.25,3,1.0,0.9197,1.0,6,1.0,1.0,1.0,13
xbrl-adbe-2025-liabilities-and-equity-usd-0000796343-26-000003,hybrid,True,tables,1.0,0.9197,1.0,4,1.0,1.0,1.0,7,1.0,1.0,1.0,8,1.0,1.0,1.0,8,1.0,1.0,1.0,9,1.0,1.0,1.0,10,1.0,1.0,1.0,13,1.0,1.0,1.0,16
xbrl-amzn-2021-accrued-liabilities-current-usd-0001018724-22-000005,bm25,True,tables,1.0,0.5,0.3333,7,1.0,0.5,0.3333,7,1.0,0.5,0.3333,8,1.0,0.5,0.3333,8,1.0,0.6309,0.5,9,1.0,0.6309,0.5,9,1.0,0.6309,0.5,9,1.0,1.0,1.0,10
xbrl-amzn-2021-accrued-liabilities-current-usd-0001018724-22-000005,hybrid,True,tables,1.0,0.6309,0.5,7,1.0,0.6309,0.5,9,1.0,1.0,1.0,11,1.0,1.0,1.0,12,1.0,1.0,1.0,12,1.0,1.0,1.0,13,1.0,1.0,1.0,14,1.0,1.0,1.0,15
xbrl-amzn-2021-liabilities-current-usd-0001018724-22-000005,bm25,True,tables,1.0,0.2447,0.0625,7,1.0,0.25,0.0667,7,1.0,0.2702,0.0833,7,1.0,0.2702,0.0833,7,1.0,0.2789,0.0909,7,1.0,0.2789,0.0909,7,1.0,0.301,0.1111,8,1.0,0.3333,0.1429,11
xbrl-amzn-2021-liabilities-current-usd-0001018724-22-000005,hybrid,True,tables,1.0,0.301,0.1111,6,1.0,0.4307,0.25,10,1.0,0.4307,0.25,12,1.0,0.4307,0.25,12,1.0,0.4307,0.25,12,1.0,0.4307,0.25,12,1.0,0.4307,0.25,14,1.0,0.3869,0.2,16
xbrl-amzn-2021-unrecognized-tax-benefits-increase-resulting-from-current-period-tax-positions-usd-0001018724-22-000005,bm25,True,both,0.5,0.3869,0.5,1,0.5,0.3869,0.5,1,0.5,0.3869,0.5,1,0.5,0.6131,1.0,1,0.5,0.6131,1.0,1,0.5,0.6131,1.0,1,0.5,0.6131,1.0,5,0.5,0.6131,1.0,7
xbrl-amzn-2021-unrecognized-tax-benefits-increase-resulting-from-current-period-tax-positions-usd-0001018724-22-000005,hybrid,True,both,0.5,0.2641,0.25,1,0.5,0.6131,1.0,3,0.5,0.6131,1.0,5,0.5,0.6131,1.0,10,0.5,0.6131,1.0,11,0.5,0.6131,1.0,11,0.5,0.6131,1.0,11,0.5,0.6131,1.0,14
xbrl-amzn-2021-cash-cash-equivalents-restricted-cash-and-restricted-cash-equivalents-period-increase-decrease-including-exchange-rate-effect-usd-0001018724-22-000005,bm25,True,both,1.0,0.8066,1.0,5,1.0,0.8066,1.0,5,1.0,0.7977,1.0,5,1.0,0.7977,1.0,5,1.0,0.7977,1.0,6,1.0,0.7977,1.0,6,1.0,0.7842,1.0,8,1.0,0.7664,1.0,12
xbrl-amzn-2021-cash-cash-equivalents-restricted-cash-and-restricted-cash-equivalents-period-increase-decrease-including-exchange-rate-effect-usd-0001018724-22-000005,hybrid,True,both,1.0,0.5369,0.5,3,0.5,0.6131,1.0,5,0.5,0.6131,1.0,7,0.5,0.6131,1.0,13,0.5,0.6131,1.0,14,0.5,0.6131,1.0,15,0.5,0.6131,1.0,16,0.5,0.6131,1.0,16
xbrl-amzn-2021-deferred-tax-liabilities-investments-usd-0001018724-22-000005,bm25,True,tables,1.0,0.6309,0.5,2,1.0,0.6309,0.5,2,1.0,0.6309,0.5,2,1.0,1.0,1.0,2,1.0,1.0,1.0,2,1.0,1.0,1.0,3,1.0,1.0,1.0,4,1.0,1.0,1.0,7
xbrl-amzn-2021-deferred-tax-liabilities-investments-usd-0001018724-22-000005,hybrid,True,tables,1.0,0.6309,0.5,3,1.0,1.0,1.0,5,1.0,1.0,1.0,10,1.0,1.0,1.0,10,1.0,1.0,1.0,10,1.0,1.0,1.0,10,1.0,1.0,1.0,12,1.0,1.0,1.0,14
xbrl-amzn-2021-long-term-debt-maturity-year-three-usd-0001018724-22-000005,bm25,True,tables,0.0,0.0,0.0,4,0.0,0.0,0.0,4,0.0,0.0,0.0,4,0.0,0.0,0.0,5,0.0,0.0,0.0,5,0.0,0.0,0.0,6,0.0,0.0,0.0,8,0.0,0.0,0.0,9
xbrl-amzn-2021-long-term-debt-maturity-year-three-usd-0001018724-22-000005,hybrid,True,tables,0.0,0.0,0.0,7,0.0,0.0,0.0,10,0.0,0.0,0.0,10,0.0,0.0,0.0,11,0.0,0.0,0.0,11,0.0,0.0,0.0,12,0.0,0.0,0.0,13,0.0,0.0,0.0,16
xbrl-amzn-2021-debt-securities-available-for-sale-fair-value-maturity-allocated-and-single-maturity-date-after-year-5-through-10-usd-0001018724-22-000005,bm25,True,tables,0.0,0.0,0.0,2,0.0,0.0,0.0,2,1.0,0.256,0.0714,3,1.0,0.301,0.1111,3,1.0,0.3155,0.125,4,1.0,0.3155,0.125,4,1.0,0.3562,0.1667,10,1.0,0.5,0.3333,12
xbrl-amzn-2021-debt-securities-available-for-sale-fair-value-maturity-allocated-and-single-maturity-date-after-year-5-through-10-usd-0001018724-22-000005,hybrid,True,tables,1.0,0.4307,0.25,7,1.0,1.0,1.0,11,1.0,1.0,1.0,12,1.0,1.0,1.0,13,1.0,1.0,1.0,14,1.0,1.0,1.0,15,1.0,0.6309,0.5,16,1.0,0.6309,0.5,16
xbrl-amzn-2021-equity-securities-without-readily-determinable-fair-value-amount-usd-0001018724-22-000005,bm25,True,both,0.3333333333333333,0.1672,0.1667,4,0.3333333333333333,0.1672,0.1667,4,0.3333333333333333,0.1672,0.1667,4,0.3333333333333333,0.1672,0.1667,5,0.3333333333333333,0.1672,0.1667,6,0.3333333333333333,0.1672,0.1667,7,0.3333333333333333,0.1357,0.1,10,0.0,0.0,0.0,11
xbrl-amzn-2021-equity-securities-without-readily-determinable-fair-value-amount-usd-0001018724-22-000005,hybrid,True,both,0.3333333333333333,0.1672,0.1667,5,0.3333333333333333,0.1357,0.1,9,0.0,0.0,0.0,11,0.0,0.0,0.0,14,0.0,0.0,0.0,16,0.0,0.0,0.0,16,0.0,0.0,0.0,16,0.0,0.0,0.0,16
xbrl-amzn-2021-deferred-tax-assets-operating-loss-carryforwards-domestic-usd-0001018724-22-000005,bm25,True,both,0.6666666666666666,0.7039,1.0,2,0.6666666666666666,0.7039,1.0,3,0.6666666666666666,0.5307,0.5,4,0.6666666666666666,0.5307,0.5,4,0.6666666666666666,0.5307,0.5,4,0.6666666666666666,0.5307,0.5,4,0.6666666666666666,0.4982,0.5,8,0.6666666666666666,0.4367,0.3333,8
xbrl-amzn-2021-deferred-tax-assets-operating-loss-carryforwards-domestic-usd-0001018724-22-000005,hybrid,True,both,0.6666666666666666,0.6508,1.0,3,0.6666666666666666,0.6508,1.0,6,0.6666666666666666,0.6173,1.0,9,0.6666666666666666,0.4373,0.5,10,0.6666666666666666,0.4373,0.5,10,0.6666666666666666,0.3703,0.3333,11,0.6666666666666666,0.2542,0.0909,12,0.6666666666666666,0.2349,0.0714,14
xbrl-amzn-2021-debt-securities-available-for-sale-amortized-cost-maturity-allocated-and-single-maturity-date-year-one-usd-0001018724-22-000005,bm25,True,tables,0.0,0.0,0.0,3,0.0,0.0,0.0,3,0.0,0.0,0.0,3,0.0,0.0,0.0,5,0.0,0.0,0.0,6,1.0,0.256,0.0714,7,1.0,0.2789,0.0909,8,1.0,0.3333,0.1429,12
xbrl-amzn-2021-debt-securities-available-for-sale-amortized-cost-maturity-allocated-and-single-maturity-date-year-one-usd-0001018724-22-000005,hybrid,True,tables,1.0,0.4307,0.25,10,1.0,0.5,0.3333,11,1.0,0.6309,0.5,11,1.0,0.6309,0.5,11,1.0,0.6309,0.5,11,1.0,0.6309,0.5,12,1.0,0.6309,0.5,13,1.0,0.6309,0.5,16
xbrl-amzn-2021-increase-decrease-in-contract-with-customer-liability-usd-0001018724-22-000005,bm25,True,tables,0.0,0.0,0.0,0,0.0,0.0,0.0,0,0.0,0.0,0.0,1,0.0,0.0,0.0,1,0.0,0.0,0.0,1,0.0,0.0,0.0,1,0.0,0.0,0.0,1,0.0,0.0,0.0,3
xbrl-amzn-2021-increase-decrease-in-contract-with-customer-liability-usd-0001018724-22-000005,hybrid,True,tables,0.0,0.0,0.0,0,0.0,0.0,0.0,5,0.0,0.0,0.0,7,0.0,0.0,0.0,8,0.0,0.0,0.0,9,0.0,0.0,0.0,9,0.0,0.0,0.0,9,0.0,0.0,0.0,10
xbrl-amzn-2021-payments-to-acquire-marketable-securities-usd-0001018724-22-000005,bm25,True,tables,0.0,0.0,0.0,0,0.0,0.0,0.0,0,0.0,0.0,0.0,0,0.0,0.0,0.0,0,0.0,0.0,0.0,0,0.0,0.0,0.0,1,1.0,0.256,0.0714,4,1.0,0.4307,0.25,9
xbrl-amzn-2021-payments-to-acquire-marketable-securities-usd-0001018724-22-000005,hybrid,True,tables,1.0,0.2789,0.0909,3,1.0,0.3562,0.1667,7,1.0,0.6309,0.5,10,1.0,1.0,1.0,10,1.0,1.0,1.0,10,1.0,1.0,1.0,10,1.0,1.0,1.0,12,1.0,1.0,1.0,13
xbrl-amzn-2021-finite-lived-intangible-asset-expected-amortization-year-one-usd-0001018724-22-000005,bm25,True,tables,0.0,0.0,0.0,2,0.0,0.0,0.0,2,0.0,0.0,0.0,2,0.0,0.0,0.0,2,0.0,0.0,0.0,2,0.0,0.0,0.0,2,0.0,0.0,0.0,4,0.0,0.0,0.0,8
xbrl-amzn-2021-finite-lived-intangible-asset-expected-amortization-year-one-usd-0001018724-22-000005,hybrid,True,tables,0.0,0.0,0.0,4,0.0,0.0,0.0,9,0.0,0.0,0.0,10,0.0,0.0,0.0,10,0.0,0.0,0.0,11,0.0,0.0,0.0,11,0.0,0.0,0.0,12,0.0,0.0,0.0,13
xbrl-amzn-2021-finance-lease-liability-to-be-paid-year-two-usd-0001018724-22-000005,bm25,True,tables,0.0,0.0,0.0,2,0.0,0.0,0.0,3,0.0,0.0,0.0,3,0.0,0.0,0.0,3,0.0,0.0,0.0,5,1.0,0.2447,0.0625,6,1.0,0.2891,0.1,8,1.0,0.3562,0.1667,11
xbrl-amzn-2021-finance-lease-liability-to-be-paid-year-two-usd-0001018724-22-000005,hybrid,True,tables,1.0,0.256,0.0714,7,1.0,0.301,0.1111,8,1.0,0.3333,0.1429,11,1.0,0.3333,0.1429,11,1.0,0.3333,0.1429,11,1.0,0.3562,0.1667,12,1.0,0.3333,0.1429,13,1.0,0.3333,0.1429,16
xbrl-amzn-2021-lessee-operating-lease-liability-to-be-paid-after-year-five-usd-0001018724-22-000005,bm25,True,tables,0.0,0.0,0.0,2,0.0,0.0,0.0,2,0.0,0.0,0.0,2,0.0,0.0,0.0,3,0.0,0.0,0.0,3,0.0,0.0,0.0,3,0.0,0.0,0.0,6,1.0,0.2626,0.0769,12
xbrl-amzn-2021-lessee-operating-lease-liability-to-be-paid-after-year-five-usd-0001018724-22-000005,hybrid,True,tables,0.0,0.0,0.0,6,0.0,0.0,0.0,9,0.0,0.0,0.0,9,1.0,0.2447,0.0625,11,1.0,0.2447,0.0625,12,1.0,0.2447,0.0625,12,1.0,0.301,0.1111,13,1.0,0.301,0.1111,16
xbrl-amzn-2021-indefinite-lived-intangible-assets-excluding-goodwill-usd-0001018724-22-000005,bm25,True,tables,0.0,0.0,0.0,2,0.0,0.0,0.0,2,0.0,0.0,0.0,2,0.0,0.0,0.0,3,0.0,0.0,0.0,3,0.0,0.0,0.0,3,0.0,0.0,0.0,5,0.0,0.0,0.0,7
xbrl-amzn-2021-indefinite-lived-intangible-assets-excluding-goodwill-usd-0001018724-22-000005,hybrid,True,tables,0.0,0.0,0.0,2,1.0,0.2447,0.0625,6,1.0,0.2702,0.0833,8,1.0,0.2789,0.0909,9,1.0,0.2891,0.1,10,1.0,0.2891,0.1,10,1.0,0.2626,0.0769,11,1.0,0.25,0.0667,12
xbrl-amzn-2021-finance-lease-liability-noncurrent-usd-0001018724-22-000005,bm25,True,tables,1.0,0.2891,0.1,6,1.0,0.301,0.1111,6,1.0,0.301,0.1111,6,1.0,0.301,0.1111,6,1.0,0.3333,0.1429,6,1.0,0.3869,0.2,6,1.0,0.3869,0.2,8,1.0,0.4307,0.25,9
xbrl-amzn-2021-finance-lease-liability-noncurrent-usd-0001018724-22-000005,hybrid,True,tables,1.0,0.3562,0.1667,7,1.0,0.4307,0.25,9,1.0,0.4307,0.25,11,1.0,0.4307,0.25,11,1.0,0.4307,0.25,12,1.0,0.5,0.3333,12,1.0,0.4307,0.25,15,1.0,0.4307,0.25,16
xbrl-amzn-2021-increase-decrease-in-accounts-payable-usd-0001018724-22-000005,bm25,True,tables,1.0,0.2891,0.1,2,1.0,0.3333,0.1429,2,1.0,0.3333,0.1429,2,1.0,0.3333,0.1429,2,1.0,0.3869,0.2,2,1.0,0.4307,0.25,2,1.0,1.0,1.0,4,1.0,1.0,1.0,5
xbrl-amzn-2021-increase-decrease-in-accounts-payable-usd-0001018724-22-000005,hybrid,True,tables,1.0,0.4307,0.25,3,1.0,0.6309,0.5,9,1.0,0.6309,0.5,9,1.0,0.6309,0.5,9,1.0,0.6309,0.5,10,1.0,0.6309,0.5,10,1.0,0.6309,0.5,10,1.0,0.6309,0.5,12
xbrl-amzn-2021-other-liabilities-noncurrent-usd-0001018724-22-000005,bm25,True,tables,0.0,0.0,0.0,1,0.0,0.0,0.0,1,0.0,0.0,0.0,1,0.0,0.0,0.0,1,0.0,0.0,0.0,1,0.0,0.0,0.0,1,0.0,0.0,0.0,4,1.0,0.301,0.1111,10
xbrl-amzn-2021-other-liabilities-noncurrent-usd-0001018724-22-000005,hybrid,True,tables,0.0,0.0,0.0,2,0.0,0.0,0.0,6,1.0,0.2626,0.0769,8,1.0,0.4307,0.25,9,1.0,0.4307,0.25,9,1.0,0.4307,0.25,9,1.0,0.5,0.3333,10,1.0,0.5,0.3333,13
xbrl-amzn-2021-long-term-debt-usd-0001018724-22-000005,bm25,True,tables,0.5,0.2641,0.25,4,0.5,0.2641,0.25,6,0.5,0.2641,0.25,6,0.5,0.3066,0.3333,6,0.5,0.3066,0.3333,7,0.5,0.6131,1.0,7,0.5,0.6131,1.0,8,0.5,0.6131,1.0,10
xbrl-amzn-2021-long-term-debt-usd-0001018724-22-000005,hybrid,True,tables,0.5,0.3066,0.3333,6,0.5,0.3066,0.3333,8,0.5,0.6131,1.0,9,0.5,0.6131,1.0,11,0.5,0.6131,1.0,12,0.5,0.6131,1.0,12,0.5,0.6131,1.0,13,0.5,0.6131,1.0,15
xbrl-amzn-2022-contractual-obligation-to-be-paid-year-four-usd-0001018724-23-000004,bm25,True,tables,0.0,0.0,0.0,1,0.0,0.0,0.0,1,0.0,0.0,0.0,2,0.0,0.0,0.0,2,0.0,0.0,0.0,2,0.0,0.0,0.0,2,0.0,0.0,0.0,3,0.0,0.0,0.0,6
xbrl-amzn-2022-contractual-obligation-to-be-paid-year-four-usd-0001018724-23-000004,hybrid,True,tables,0.0,0.0,0.0,3,0.0,0.0,0.0,5,1.0,0.2626,0.0769,8,1.0,0.2626,0.0769,9,1.0,0.2702,0.0833,10,1.0,0.2626,0.0769,10,1.0,0.2626,0.0769,11,1.0,0.2447,0.0625,15
xbrl-amzn-2022-weighted-average-number-of-shares-outstanding-basic-shares-0001018724-23-000004,bm25,True,tables,1.0,0.5912,0.5,3,1.0,0.6241,0.5,4,1.0,0.8772,1.0,4,1.0,0.8772,1.0,5,1.0,0.8772,1.0,7,1.0,0.8772,1.0,8,1.0,0.9197,1.0,11,1.0,0.9197,1.0,14
xbrl-amzn-2022-weighted-average-number-of-shares-outstanding-basic-shares-0001018724-23-000004,hybrid,True,tables,1.0,0.6934,0.5,10,1.0,0.6934,0.5,16,1.0,0.6934,0.5,16,1.0,0.6934,0.5,16,1.0,0.6934,0.5,16,1.0,0.6934,0.5,16,1.0,0.6934,0.5,16,1.0,0.6934,0.5,16
xbrl-amzn-2022-contractual-obligation-to-be-paid-year-two-usd-0001018724-23-000004,bm25,True,tables,0.0,0.0,0.0,1,0.0,0.0,0.0,2,0.0,0.0,0.0,2,0.0,0.0,0.0,2,0.0,0.0,0.0,2,0.0,0.0,0.0,3,0.0,0.0,0.0,3,0.0,0.0,0.0,6
xbrl-amzn-2022-contractual-obligation-to-be-paid-year-two-usd-0001018724-23-000004,hybrid,True,tables,1.0,0.2702,0.0833,4,1.0,0.3869,0.2,7,1.0,0.3869,0.2,9,1.0,0.4307,0.25,9,1.0,0.4307,0.25,9,1.0,0.4307,0.25,10,1.0,0.4307,0.25,11,1.0,0.301,0.1111,15
xbrl-amzn-2022-income-loss-from-continuing-operations-before-income-taxes-foreign-usd-0001018724-23-000004,bm25,True,tables,1.0,0.3869,0.2,5,1.0,0.4307,0.25,6,1.0,0.4307,0.25,6,1.0,0.4307,0.25,6,1.0,0.5,0.3333,7,1.0,0.5,0.3333,7,1.0,0.6309,0.5,8,1.0,0.6309,0.5,12
xbrl-amzn-2022-income-loss-from-continuing-operations-before-income-taxes-foreign-usd-0001018724-23-000004,hybrid,True,tables,1.0,0.3869,0.2,6,1.0,0.5,0.3333,6,1.0,0.6309,0.5,12,1.0,0.6309,0.5,12,1.0,0.6309,0.5,13,1.0,0.6309,0.5,13,1.0,0.6309,0.5,15,1.0,0.5,0.3333,16
xbrl-amzn-2022-goodwill-usd-0001018724-23-000004,bm25,True,tables,0.5,0.2184,0.1667,1,0.5,0.2372,0.2,1,0.5,0.2372,0.2,1,0.5,0.2372,0.2,1,0.5,0.2641,0.25,1,1.0,0.4141,0.25,2,1.0,0.8175,1.0,4,1.0,0.8503,1.0,8
xbrl-amzn-2022-goodwill-usd-0001018724-23-000004,hybrid,True,tables,1.0,0.6934,0.5,5,1.0,0.9197,1.0,9,1.0,0.9197,1.0,10,1.0,1.0,1.0,10,1.0,1.0,1.0,10,1.0,1.0,1.0,10,1.0,1.0,1.0,11,1.0,0.9197,1.0,13
xbrl-amzn-2022-debt-securities-available-for-sale-fair-value-maturity-allocated-and-single-maturity-date-year-one-usd-0001018724-23-000004,bm25,True,tables,0.0,0.0,0.0,2,0.0,0.0,0.0,2,0.0,0.0,0.0,2,0.0,0.0,0.0,2,0.0,0.0,0.0,2,0.0,0.0,0.0,4,0.0,0.0,0.0,6,1.0,0.256,0.0714,11
xbrl-amzn-2022-debt-securities-available-for-sale-fair-value-maturity-allocated-and-single-maturity-date-year-one-usd-0001018724-23-000004,hybrid,True,tables,0.0,0.0,0.0,7,0.0,0.0,0.0,11,0.0,0.0,0.0,12,1.0,0.3333,0.1429,12,1.0,0.3155,0.125,14,1.0,0.3155,0.125,14,1.0,0.301,0.1111,16,1.0,0.301,0.1111,16
xbrl-amzn-2022-other-comprehensive-income-loss-net-of-tax-usd-0001018724-23-000004,bm25,True,tables,0.3333333333333333,0.4693,1.0,5,0.3333333333333333,0.4693,1.0,5,0.3333333333333333,0.4693,1.0,6,0.3333333333333333,0.4693,1.0,7,0.6666666666666666,0.5866,1.0,8,0.6666666666666666,0.5925,1.0,9,0.6666666666666666,0.6173,1.0,12,0.6666666666666666,0.6173,1.0,16
xbrl-amzn-2022-other-comprehensive-income-loss-net-of-tax-usd-0001018724-23-000004,hybrid,True,tables,0.6666666666666666,0.4162,0.5,6,0.6666666666666666,0.4373,0.5,11,0.6666666666666666,0.4632,0.5,12,0.6666666666666666,0.4776,0.5,13,0.6666666666666666,0.4776,0.5,14,0.6666666666666666,0.4776,0.5,15,0.6666666666666666,0.4982,0.5,16,0.6666666666666666,0.4982,0.5,16
xbrl-amzn-2022-finite-lived-intangible-assets-gross-usd-0001018724-23-000004,bm25,True,tables,1.0,0.5,0.3333,2,1.0,0.5,0.3333,3,1.0,0.5,0.3333,3,1.0,0.5,0.3333,3,1.0,0.5,0.3333,4,1.0,0.6309,0.5,4,1.0,0.6309,0.5,6,1.0,0.6309,0.5,8
xbrl-amzn-2022-finite-lived-intangible-assets-gross-usd-0001018724-23-000004,hybrid,True,tables,1.0,0.4307,0.25,4,1.0,0.5,0.3333,10,1.0,0.5,0.3333,13,1.0,0.6309,0.5,14,1.0,1.0,1.0,14,1.0,0.6309,0.5,14,1.0,0.6309,0.5,15,1.0,0.6309,0.5,16
xbrl-amzn-2022-finance-lease-liability-undiscounted-excess-amount-usd-0001018724-23-000004,bm25,True,tables,1.0,0.2702,0.0833,4,1.0,0.2702,0.0833,5,1.0,0.2702,0.0833,5,1.0,0.2702,0.0833,6,1.0,0.2789,0.0909,6,1.0,0.301,0.1111,6,1.0,0.3869,0.2,7,1.0,0.4307,0.25,8
xbrl-amzn-2022-finance-lease-liability-undiscounted-excess-amount-usd-0001018724-23-000004,hybrid,True,tables,1.0,0.3562,0.1667,6,1.0,0.3562,0.1667,8,1.0,0.4307,0.25,10,1.0,0.4307,0.25,11,1.0,0.4307,0.25,11,1.0,0.4307,0.25,11,1.0,0.4307,0.25,12,1.0,0.4307,0.25,15
xbrl-amzn-2022-debt-securities-available-for-sale-amortized-cost-maturity-allocated-and-single-maturity-date-after-year-5-through-10-usd-0001018724-23-000004,bm25,True,tables,0.3333333333333333,0.1564,0.1429,3,0.3333333333333333,0.1672,0.1667,4,0.3333333333333333,0.1672,0.1667,7,0.3333333333333333,0.1815,0.2,7,0.3333333333333333,0.1815,0.2,7,0.3333333333333333,0.2346,0.3333,8,0.3333333333333333,0.2346,0.3333,11,0.3333333333333333,0.2346,0.3333,14
xbrl-amzn-2022-debt-securities-available-for-sale-amortized-cost-maturity-allocated-and-single-maturity-date-after-year-5-through-10-usd-0001018724-23-000004,hybrid,True,tables,0.3333333333333333,0.4693,1.0,10,0.3333333333333333,0.4693,1.0,12,0.3333333333333333,0.4693,1.0,12,0.3333333333333333,0.4693,1.0,13,0.3333333333333333,0.4693,1.0,13,0.3333333333333333,0.4693,1.0,14,0.3333333333333333,0.4693,1.0,16,0.3333333333333333,0.4693,1.0,16
xbrl-amzn-2022-intangible-assets-net-excluding-goodwill-usd-0001018724-23-000004,bm25,True,tables,0.0,0.0,0.0,1,0.0,0.0,0.0,1,0.0,0.0,0.0,2,0.0,0.0,0.0,2,0.0,0.0,0.0,2,0.0,0.0,0.0,2,0.0,0.0,0.0,6,0.0,0.0,0.0,8
xbrl-amzn-2022-intangible-assets-net-excluding-goodwill-usd-0001018724-23-000004,hybrid,True,tables,0.0,0.0,0.0,3,0.0,0.0,0.0,7,0.0,0.0,0.0,10,0.0,0.0,0.0,10,0.0,0.0,0.0,10,0.0,0.0,0.0,10,0.0,0.0,0.0,11,0.0,0.0,0.0,14
xbrl-amzn-2022-effective-income-tax-rate-reconciliation-foreign-income-tax-rate-differential-amount-usd-0001018724-23-000004,bm25,True,tables,0.3333333333333333,0.1672,0.1667,2,0.3333333333333333,0.1815,0.2,2,0.3333333333333333,0.1815,0.2,2,0.3333333333333333,0.1815,0.2,3,0.3333333333333333,0.1815,0.2,4,0.3333333333333333,0.1815,0.2,4,0.3333333333333333,0.2961,0.5,5,0.3333333333333333,0.4693,1.0,7
xbrl-amzn-2022-effective-income-tax-rate-reconciliation-foreign-income-tax-rate-differential-amount-usd-0001018724-23-000004,hybrid,True,tables,0.3333333333333333,0.1815,0.2,2,0.3333333333333333,0.2346,0.3333,6,0.3333333333333333,0.2961,0.5,10,0.3333333333333333,0.4693,1.0,11,0.3333333333333333,0.4693,1.0,12,0.3333333333333333,0.4693,1.0,12,0.3333333333333333,0.4693,1.0,12,0.3333333333333333,0.4693,1.0,14
xbrl-amzn-2022-long-term-debt-maturity-year-two-usd-0001018724-23-000004,bm25,True,tables,0.0,0.0,0.0,4,0.0,0.0,0.0,4,0.0,0.0,0.0,4,0.0,0.0,0.0,5,0.0,0.0,0.0,6,0.0,0.0,0.0,6,0.5,0.15,0.0625,8,0.5,0.1772,0.1,9
xbrl-amzn-2022-long-term-debt-maturity-year-two-usd-0001018724-23-000004,hybrid,True,tables,0.5,0.1934,0.125,9,0.5,0.2184,0.1667,11,0.5,0.2372,0.2,12,0.5,0.2372,0.2,13,0.5,0.2372,0.2,13,0.5,0.2641,0.25,13,0.5,0.2641,0.25,14,0.5,0.2641,0.25,16
xbrl-amzn-2022-cash-and-cash-equivalents-at-carrying-value-usd-0001018724-23-000004,bm25,True,tables,0.0,0.0,0.0,2,0.5,0.161,0.0769,4,0.5,0.1657,0.0833,4,0.5,0.171,0.0909,5,0.5,0.1846,0.1111,6,0.5,0.2044,0.1429,6,1.0,0.4174,0.25,9,1.0,0.4838,0.3333,12
xbrl-amzn-2022-cash-and-cash-equivalents-at-carrying-value-usd-0001018724-23-000004,hybrid,True,tables,0.5,0.171,0.0909,4,0.5,0.3066,0.3333,8,1.0,0.5641,0.5,12,1.0,0.5714,0.5,12,1.0,0.5714,0.5,12,1.0,0.5714,0.5,13,1.0,0.5714,0.5,16,1.0,0.5641,0.5,16
xbrl-amzn-2022-payments-to-acquire-productive-assets-usd-0001018724-23-000004,bm25,True,tables,0.0,0.0,0.0,0,0.0,0.0,0.0,0,0.0,0.0,0.0,0,0.0,0.0,0.0,0,0.0,0.0,0.0,0,0.0,0.0,0.0,0,0.0,0.0,0.0,1,0.0,0.0,0.0,5
xbrl-amzn-2022-payments-to-acquire-productive-assets-usd-0001018724-23-000004,hybrid,True,tables,0.0,0.0,0.0,2,0.0,0.0,0.0,6,1.0,0.2447,0.0625,7,1.0,0.25,0.0667,7,1.0,0.256,0.0714,8,1.0,0.25,0.0667,8,0.0,0.0,0.0,9,0.0,0.0,0.0,13
xbrl-amzn-2022-unrecorded-unconditional-purchase-obligation-to-be-paid-year-three-usd-0001018724-23-000004,bm25,True,tables,1.0,0.3869,0.2,1,1.0,0.5,0.3333,2,1.0,0.5,0.3333,3,1.0,0.6309,0.5,3,1.0,0.6309,0.5,3,1.0,0.6309,0.5,3,1.0,1.0,1.0,4,1.0,1.0,1.0,7
xbrl-amzn-2022-unrecorded-unconditional-purchase-obligation-to-be-paid-year-three-usd-0001018724-23-000004,hybrid,True,tables,1.0,0.6309,0.5,3,1.0,0.6309,0.5,6,1.0,0.6309,0.5,8,1.0,1.0,1.0,9,1.0,1.0,1.0,9,1.0,1.0,1.0,9,1.0,1.0,1.0,11,1.0,1.0,1.0,14
xbrl-amzn-2022-unrecognized-tax-benefits-increase-resulting-from-prior-period-tax-positions-usd-0001018724-23-000004,bm25,True,both,0.5,0.3869,0.5,1,0.5,0.6131,1.0,1,0.5,0.6131,1.0,1,0.5,0.6131,1.0,1,0.5,0.6131,1.0,1,0.5,0.6131,1.0,1,0.5,0.6131,1.0,3,0.5,0.6131,1.0,6
xbrl-amzn-2022-unrecognized-tax-benefits-increase-resulting-from-prior-period-tax-positions-usd-0001018724-23-000004,hybrid,True,both,0.5,0.2372,0.2,1,0.5,0.6131,1.0,2,0.5,0.6131,1.0,6,0.5,0.6131,1.0,10,0.5,0.6131,1.0,11,0.5,0.6131,1.0,11,0.5,0.6131,1.0,12,0.5,0.6131,1.0,13
xbrl-amzn-2022-unrecognized-tax-benefits-income-tax-penalties-and-interest-accrued-usd-0001018724-23-000004,bm25,True,prose,0.0,0.0,0.0,0,0.0,0.0,0.0,0,0.0,0.0,0.0,1,0.0,0.0,0.0,3,0.0,0.0,0.0,3,0.0,0.0,0.0,3,0.0,0.0,0.0,7,0.0,0.0,0.0,9
xbrl-amzn-2022-unrecognized-tax-benefits-income-tax-penalties-and-interest-accrued-usd-0001018724-23-000004,hybrid,True,prose,0.0,0.0,0.0,1,0.0,0.0,0.0,4,0.0,0.0,0.0,10,0.0,0.0,0.0,11,0.0,0.0,0.0,11,0.0,0.0,0.0,11,0.0,0.0,0.0,14,0.0,0.0,0.0,15
xbrl-amzn-2022-stockholders-equity-attributable-to-parent-usd-0001018724-23-000004,bm25,True,both,0.0,0.0,0.0,1,0.0,0.0,0.0,2,0.0,0.0,0.0,2,0.0,0.0,0.0,2,0.0,0.0,0.0,2,0.3333333333333333,0.1201,0.0714,3,0.3333333333333333,0.1672,0.1667,6,0.3333333333333333,0.2346,0.3333,10
xbrl-amzn-2022-stockholders-equity-attributable-to-parent-usd-0001018724-23-000004,hybrid,True,both,0.6666666666666666,0.3703,0.3333,3,0.6666666666666666,0.3911,0.3333,7,0.3333333333333333,0.4693,1.0,11,0.3333333333333333,0.4693,1.0,11,0.3333333333333333,0.4693,1.0,11,0.3333333333333333,0.4693,1.0,11,0.3333333333333333,0.4693,1.0,13,0.3333333333333333,0.2961,0.5,16
xbrl-amzn-2022-cash-cash-equivalents-restricted-cash-and-restricted-cash-equivalents-period-increase-decrease-including-exchange-rate-effect-usd-0001018724-23-000004,bm25,True,both,1.0,0.8772,1.0,5,1.0,0.8772,1.0,5,1.0,0.8772,1.0,5,1.0,0.8503,1.0,5,1.0,0.8316,1.0,5,1.0,0.8316,1.0,6,1.0,0.8175,1.0,9,1.0,0.7842,1.0,11
xbrl-amzn-2022-cash-cash-equivalents-restricted-cash-and-restricted-cash-equivalents-period-increase-decrease-including-exchange-rate-effect-usd-0001018724-23-000004,hybrid,True,both,1.0,0.8316,1.0,3,1.0,0.8316,1.0,5,1.0,0.8066,1.0,7,0.5,0.6131,1.0,13,1.0,0.7632,1.0,14,0.5,0.6131,1.0,15,0.5,0.6131,1.0,16,0.5,0.6131,1.0,16
xbrl-amzn-2023-operating-lease-liability-usd-0001018724-24-000008,bm25,True,tables,0.0,0.0,0.0,2,1.0,0.256,0.0714,4,1.0,0.2626,0.0769,4,1.0,0.2702,0.0833,4,1.0,0.2789,0.0909,5,1.0,0.3155,0.125,5,1.0,0.4307,0.25,8,1.0,0.4307,0.25,12
xbrl-amzn-2023-operating-lease-liability-usd-0001018724-24-000008,hybrid,True,tables,1.0,0.3333,0.1429,7,1.0,0.6309,0.5,9,1.0,0.5,0.3333,12,1.0,0.6309,0.5,12,1.0,0.5,0.3333,12,1.0,0.6309,0.5,12,1.0,1.0,1.0,13,1.0,1.0,1.0,16
xbrl-amzn-2023-increase-decrease-in-accounts-receivable-and-other-operating-assets-usd-0001018724-24-000008,bm25,True,tables,1.0,0.3562,0.1667,3,1.0,0.5,0.3333,3,1.0,1.0,1.0,3,1.0,1.0,1.0,3,1.0,1.0,1.0,3,1.0,1.0,1.0,4,1.0,1.0,1.0,4,1.0,1.0,1.0,5
xbrl-amzn-2023-increase-decrease-in-accounts-receivable-and-other-operating-assets-usd-0001018724-24-000008,hybrid,True,tables,1.0,0.3869,0.2,5,1.0,0.5,0.3333,8,1.0,0.6309,0.5,10,1.0,0.6309,0.5,10,1.0,0.6309,0.5,10,1.0,0.6309,0.5,10,1.0,0.6309,0.5,11,1.0,0.5,0.3333,16
xbrl-amzn-2023-investment-income-interest-usd-0001018724-24-000008,bm25,True,tables,1.0,0.4307,0.25,3,1.0,0.4307,0.25,3,1.0,0.4307,0.25,3,1.0,0.5,0.3333,3,1.0,0.6309,0.5,3,1.0,1.0,1.0,3,1.0,1.0,1.0,3,1.0,1.0,1.0,6
xbrl-amzn-2023-investment-income-interest-usd-0001018724-24-000008,hybrid,True,tables,1.0,0.2891,0.1,10,1.0,0.2702,0.0833,11,1.0,0.5,0.3333,11,1.0,0.5,0.3333,11,1.0,0.5,0.3333,11,1.0,0.5,0.3333,12,1.0,0.5,0.3333,13,1.0,0.3155,0.125,16
xbrl-amzn-2023-weighted-average-number-of-shares-outstanding-diluted-shares-0001018724-24-000008,bm25,True,tables,1.0,0.525,0.3333,4,1.0,0.6241,0.5,4,1.0,0.6241,0.5,5,1.0,0.6241,0.5,7,1.0,0.8503,1.0,8,1.0,0.8772,1.0,8,1.0,0.9197,1.0,11,1.0,0.9197,1.0,14
xbrl-amzn-2023-weighted-average-number-of-shares-outstanding-diluted-shares-0001018724-24-000008,hybrid,True,tables,1.0,0.5706,0.3333,8,1.0,1.0,1.0,13,1.0,1.0,1.0,15,1.0,0.9197,1.0,16,1.0,0.9197,1.0,16,1.0,1.0,1.0,16,1.0,1.0,1.0,16,1.0,1.0,1.0,16
xbrl-amzn-2023-deferred-income-tax-expense-benefit-usd-0001018724-24-000008,bm25,True,tables,0.0,0.0,0.0,3,0.0,0.0,0.0,3,0.0,0.0,0.0,4,0.0,0.0,0.0,4,0.0,0.0,0.0,5,0.0,0.0,0.0,5,0.0,0.0,0.0,6,1.0,0.301,0.1111,8
xbrl-amzn-2023-deferred-income-tax-expense-benefit-usd-0001018724-24-000008,hybrid,True,tables,1.0,0.256,0.0714,5,1.0,0.2626,0.0769,7,1.0,0.3333,0.1429,10,1.0,0.3869,0.2,13,1.0,0.4307,0.25,13,1.0,0.4307,0.25,14,1.0,0.4307,0.25,15,1.0,0.4307,0.25,16
xbrl-amzn-2023-preferred-stock-shares-authorized-shares-0001018724-24-000008,bm25,True,prose,1.0,0.8529,1.0,3,1.0,0.6797,0.5,3,1.0,0.6797,0.5,3,1.0,0.6797,0.5,4,1.0,0.6797,0.5,5,1.0,0.6797,0.5,5,1.0,0.6797,0.5,6,1.0,0.6797,0.5,8
xbrl-amzn-2023-preferred-stock-shares-authorized-shares-0001018724-24-000008,hybrid,True,prose,1.0,0.8711,1.0,5,1.0,0.575,0.5,6,0.6666666666666666,0.4162,0.5,9,1.0,0.379,0.1,10,1.0,0.3913,0.1111,10,1.0,0.3913,0.1111,10,1.0,0.3683,0.0909,12,1.0,0.3589,0.0833,12
xbrl-amzn-2023-amortization-of-intangible-assets-usd-0001018724-24-000008,bm25,True,both,0.3333333333333333,0.4693,1.0,2,0.3333333333333333,0.4693,1.0,3,0.3333333333333333,0.4693,1.0,3,0.3333333333333333,0.4693,1.0,3,0.3333333333333333,0.4693,1.0,4,0.3333333333333333,0.4693,1.0,4,0.3333333333333333,0.2346,0.3333,6,0.3333333333333333,0.2021,0.25,12
xbrl-amzn-2023-amortization-of-intangible-assets-usd-0001018724-24-000008,hybrid,True,both,0.3333333333333333,0.4693,1.0,3,0.3333333333333333,0.4693,1.0,8,0.3333333333333333,0.4693,1.0,10,0.3333333333333333,0.4693,1.0,11,0.3333333333333333,0.2346,0.3333,11,0.3333333333333333,0.1309,0.0909,12,0.0,0.0,0.0,16,0.0,0.0,0.0,16
xbrl-amzn-2023-increase-decrease-in-accrued-liabilities-and-other-operating-liabilities-usd-0001018724-24-000008,bm25,True,tables,0.0,0.0,0.0,0,1.0,0.2891,0.1,1,1.0,0.3333,0.1429,2,1.0,0.3562,0.1667,2,1.0,0.3869,0.2,3,1.0,0.4307,0.25,3,1.0,1.0,1.0,5,1.0,1.0,1.0,10
xbrl-amzn-2023-increase-decrease-in-accrued-liabilities-and-other-operating-liabilities-usd-0001018724-24-000008,hybrid,True,tables,1.0,0.301,0.1111,3,1.0,0.6309,0.5,10,1.0,1.0,1.0,10,1.0,1.0,1.0,10,1.0,0.6309,0.5,11,1.0,0.6309,0.5,12,1.0,0.5,0.3333,13,1.0,0.3562,0.1667,16
xbrl-amzn-2023-lease-cost-usd-0001018724-24-000008,bm25,True,tables,1.0,0.5,0.3333,1,1.0,0.6309,0.5,1,1.0,1.0,1.0,3,1.0,1.0,1.0,4,1.0,1.0,1.0,4,1.0,1.0,1.0,4,1.0,1.0,1.0,6,1.0,1.0,1.0,8
xbrl-amzn-2023-lease-cost-usd-0001018724-24-000008,hybrid,True,tables,1.0,0.6309,0.5,6,1.0,1.0,1.0,8,1.0,1.0,1.0,8,1.0,1.0,1.0,9,1.0,1.0,1.0,9,1.0,1.0,1.0,10,1.0,1.0,1.0,14,1.0,1.0,1.0,16
xbrl-amzn-2023-debt-securities-available-for-sale-maturity-allocated-and-single-maturity-date-amortized-cost-usd-0001018724-24-000008,bm25,True,tables,0.0,0.0,0.0,3,0.0,0.0,0.0,3,0.0,0.0,0.0,3,0.0,0.0,0.0,3,0.0,0.0,0.0,5,0.0,0.0,0.0,5,0.0,0.0,0.0,5,0.0,0.0,0.0,7
xbrl-amzn-2023-debt-securities-available-for-sale-maturity-allocated-and-single-maturity-date-amortized-cost-usd-0001018724-24-000008,hybrid,True,tables,0.0,0.0,0.0,3,1.0,0.2789,0.0909,10,1.0,0.2891,0.1,11,1.0,0.2891,0.1,11,1.0,0.2891,0.1,11,1.0,0.2891,0.1,11,1.0,0.2891,0.1,13,1.0,0.4307,0.25,14
xbrl-amzn-2023-finance-lease-liability-current-usd-0001018724-24-000008,bm25,True,both,0.3333333333333333,0.2346,0.3333,5,0.3333333333333333,0.2961,0.5,5,0.3333333333333333,0.2961,0.5,6,0.3333333333333333,0.2961,0.5,7,0.3333333333333333,0.2961,0.5,7,0.3333333333333333,0.2961,0.5,7,0.3333333333333333,0.2961,0.5,7,0.3333333333333333,0.2961,0.5,10
xbrl-amzn-2023-finance-lease-liability-current-usd-0001018724-24-000008,hybrid,True,both,0.3333333333333333,0.4693,1.0,8,0.3333333333333333,0.2961,0.5,11,0.3333333333333333,0.2961,0.5,11,0.3333333333333333,0.2961,0.5,11,0.3333333333333333,0.2961,0.5,12,0.3333333333333333,0.2961,0.5,12,0.3333333333333333,0.2961,0.5,14,0.3333333333333333,0.2961,0.5,16
xbrl-amzn-2023-unrecognized-tax-benefits-increase-resulting-from-prior-period-tax-positions-usd-0001018724-24-000008,bm25,True,tables,1.0,1.0,1.0,1,1.0,1.0,1.0,1,1.0,1.0,1.0,1,1.0,1.0,1.0,1,1.0,1.0,1.0,1,1.0,1.0,1.0,1,1.0,1.0,1.0,4,1.0,1.0,1.0,6
xbrl-amzn-2023-unrecognized-tax-benefits-increase-resulting-from-prior-period-tax-positions-usd-0001018724-24-000008,hybrid,True,tables,1.0,0.5,0.3333,1,1.0,1.0,1.0,2,1.0,1.0,1.0,5,1.0,1.0,1.0,9,1.0,1.0,1.0,11,1.0,1.0,1.0,11,1.0,1.0,1.0,12,1.0,1.0,1.0,13
xbrl-amzn-2023-contract-with-customer-refund-liability-usd-0001018724-24-000008,bm25,True,prose,0.0,0.0,0.0,0,0.0,0.0,0.0,0,0.0,0.0,0.0,0,0.0,0.0,0.0,0,0.0,0.0,0.0,0,0.0,0.0,0.0,0,0.0,0.0,0.0,0,0.0,0.0,0.0,3
xbrl-amzn-2023-contract-with-customer-refund-liability-usd-0001018724-24-000008,hybrid,True,prose,0.0,0.0,0.0,1,0.0,0.0,0.0,6,0.0,0.0,0.0,8,0.0,0.0,0.0,8,0.0,0.0,0.0,8,0.0,0.0,0.0,8,0.0,0.0,0.0,8,0.0,0.0,0.0,10
xbrl-amzn-2023-unrecorded-unconditional-purchase-obligation-usd-0001018724-24-000008,bm25,True,tables,1.0,0.6309,0.5,1,1.0,0.6309,0.5,1,1.0,0.6309,0.5,1,1.0,0.6309,0.5,1,1.0,0.6309,0.5,1,1.0,0.6309,0.5,1,1.0,1.0,1.0,3,1.0,1.0,1.0,5
xbrl-amzn-2023-unrecorded-unconditional-purchase-obligation-usd-0001018724-24-000008,hybrid,True,tables,1.0,1.0,1.0,1,1.0,1.0,1.0,5,1.0,1.0,1.0,10,1.0,1.0,1.0,10,1.0,1.0,1.0,10,1.0,1.0,1.0,10,1.0,1.0,1.0,10,1.0,1.0,1.0,11
xbrl-amzn-2023-contract-with-customer-liability-current-usd-0001018724-24-000008,bm25,True,tables,0.0,0.0,0.0,0,0.0,0.0,0.0,0,0.0,0.0,0.0,0,0.0,0.0,0.0,0,0.0,0.0,0.0,0,0.0,0.0,0.0,0,0.0,0.0,0.0,1,0.0,0.0,0.0,5
xbrl-amzn-2023-contract-with-customer-liability-current-usd-0001018724-24-000008,hybrid,True,tables,0.0,0.0,0.0,3,0.0,0.0,0.0,5,0.0,0.0,0.0,8,0.0,0.0,0.0,8,0.0,0.0,0.0,8,0.0,0.0,0.0,8,0.0,0.0,0.0,10,0.0,0.0,0.0,13
xbrl-amzn-2023-effective-income-tax-rate-reconciliation-state-and-local-income-taxes-amount-usd-0001018724-24-000008,bm25,True,tables,1.0,0.3155,0.125,1,1.0,0.3562,0.1667,1,1.0,0.3562,0.1667,1,1.0,0.3562,0.1667,1,1.0,0.3869,0.2,1,1.0,0.3869,0.2,2,1.0,1.0,1.0,5,1.0,1.0,1.0,8
xbrl-amzn-2023-effective-income-tax-rate-reconciliation-state-and-local-income-taxes-amount-usd-0001018724-24-000008,hybrid,True,tables,1.0,0.3562,0.1667,2,1.0,0.6309,0.5,7,1.0,1.0,1.0,9,1.0,1.0,1.0,10,1.0,1.0,1.0,10,1.0,1.0,1.0,11,1.0,1.0,1.0,11,1.0,1.0,1.0,14
xbrl-amzn-2023-operating-lease-right-of-use-asset-usd-0001018724-24-000008,bm25,True,tables,0.0,0.0,0.0,0,0.0,0.0,0.0,0,0.0,0.0,0.0,2,0.0,0.0,0.0,3,0.0,0.0,0.0,4,0.0,0.0,0.0,4,0.0,0.0,0.0,7,0.0,0.0,0.0,14
xbrl-amzn-2023-operating-lease-right-of-use-asset-usd-0001018724-24-000008,hybrid,True,tables,0.0,0.0,0.0,5,0.0,0.0,0.0,7,0.0,0.0,0.0,11,0.0,0.0,0.0,11,0.0,0.0,0.0,13,0.0,0.0,0.0,13,0.0,0.0,0.0,16,0.0,0.0,0.0,16
xbrl-amzn-2023-other-comprehensive-income-loss-net-of-tax-usd-0001018724-24-000008,bm25,True,tables,0.5,0.6131,1.0,5,0.5,0.6131,1.0,5,0.5,0.6131,1.0,6,0.5,0.6131,1.0,6,1.0,0.7632,1.0,7,1.0,0.7904,1.0,8,1.0,0.8175,1.0,12,1.0,0.8175,1.0,16
xbrl-amzn-2023-other-comprehensive-income-loss-net-of-tax-usd-0001018724-24-000008,hybrid,True,tables,1.0,0.7842,1.0,6,1.0,0.8503,1.0,10,1.0,0.8503,1.0,12,1.0,0.8503,1.0,14,1.0,0.8503,1.0,15,1.0,0.8503,1.0,16,1.0,0.8772,1.0,16,1.0,0.8772,1.0,16
xbrl-amzn-2023-other-comprehensive-income-loss-reclassification-adjustment-from-aoci-for-sale-of-securities-net-of-tax-usd-0001018724-24-000008,bm25,True,prose,0.0,0.0,0.0,2,0.0,0.0,0.0,3,0.0,0.0,0.0,5,0.0,0.0,0.0,5,0.0,0.0,0.0,5,0.0,0.0,0.0,6,0.0,0.0,0.0,11,0.0,0.0,0.0,16
xbrl-amzn-2023-other-comprehensive-income-loss-reclassification-adjustment-from-aoci-for-sale-of-securities-net-of-tax-usd-0001018724-24-000008,hybrid,True,prose,0.0,0.0,0.0,4,0.0,0.0,0.0,6,0.0,0.0,0.0,9,0.0,0.0,0.0,11,0.0,0.0,0.0,12,0.0,0.0,0.0,12,0.0,0.0,0.0,16,0.0,0.0,0.0,16
xbrl-amzn-2023-contract-with-customer-right-to-recover-product-usd-0001018724-24-000008,bm25,True,prose,1.0,0.6309,0.5,0,1.0,0.6309,0.5,0,1.0,0.6309,0.5,0,1.0,0.6309,0.5,0,1.0,0.6309,0.5,0,1.0,0.6309,0.5,0,1.0,0.6309,0.5,1,1.0,0.6309,0.5,3
xbrl-amzn-2023-contract-with-customer-right-to-recover-product-usd-0001018724-24-000008,hybrid,True,prose,1.0,1.0,1.0,0,1.0,0.3333,0.1429,4,1.0,0.5,0.3333,8,1.0,0.5,0.3333,8,1.0,0.4307,0.25,8,1.0,0.3869,0.2,8,1.0,0.3869,0.2,8,1.0,0.3869,0.2,10
xbrl-amzn-2024-deferred-tax-assets-tax-credit-carryforwards-usd-0001018724-25-000004,bm25,True,tables,1.0,0.5,0.3333,2,1.0,0.5,0.3333,2,1.0,0.6309,0.5,2,1.0,0.6309,0.5,2,1.0,1.0,1.0,3,1.0,1.0,1.0,3,1.0,1.0,1.0,4,1.0,1.0,1.0,8
xbrl-amzn-2024-deferred-tax-assets-tax-credit-carryforwards-usd-0001018724-25-000004,hybrid,True,tables,1.0,0.5,0.3333,2,1.0,0.6309,0.5,4,1.0,0.6309,0.5,8,1.0,1.0,1.0,11,1.0,1.0,1.0,11,1.0,1.0,1.0,11,1.0,1.0,1.0,11,1.0,1.0,1.0,13
xbrl-amzn-2024-oci-debt-securities-available-for-sale-gain-loss-after-adjustment-and-tax-usd-0001018724-25-000004,bm25,True,tables,1.0,0.301,0.1111,2,1.0,0.3155,0.125,2,1.0,0.3333,0.1429,2,1.0,0.3869,0.2,2,1.0,0.5,0.3333,2,1.0,0.5,0.3333,2,1.0,0.6309,0.5,2,1.0,0.6309,0.5,8
xbrl-amzn-2024-oci-debt-securities-available-for-sale-gain-loss-after-adjustment-and-tax-usd-0001018724-25-000004,hybrid,True,tables,1.0,0.5,0.3333,2,1.0,0.6309,0.5,6,1.0,0.6309,0.5,9,1.0,0.6309,0.5,9,1.0,0.6309,0.5,9,1.0,0.6309,0.5,9,1.0,0.6309,0.5,10,1.0,0.6309,0.5,14
xbrl-amzn-2024-incremental-common-shares-attributable-to-dilutive-effect-of-share-based-payment-arrangements-shares-0001018724-25-000004,bm25,True,both,0.3333333333333333,0.4693,1.0,1,0.3333333333333333,0.4693,1.0,1,0.3333333333333333,0.4693,1.0,1,0.3333333333333333,0.4693,1.0,1,0.3333333333333333,0.4693,1.0,1,0.3333333333333333,0.4693,1.0,2,0.3333333333333333,0.4693,1.0,4,0.3333333333333333,0.2961,0.5,9
xbrl-amzn-2024-incremental-common-shares-attributable-to-dilutive-effect-of-share-based-payment-arrangements-shares-0001018724-25-000004,hybrid,True,both,0.3333333333333333,0.4693,1.0,1,0.6666666666666666,0.4109,0.5,3,0.6666666666666666,0.3084,0.1667,7,0.6666666666666666,0.3501,0.25,7,0.6666666666666666,0.3296,0.2,8,0.6666666666666666,0.3296,0.2,9,0.6666666666666666,0.2789,0.125,11,1.0,0.4122,0.1429,15
xbrl-amzn-2024-finance-lease-interest-payment-on-liability-usd-0001018724-25-000004,bm25,True,tables,0.5,0.2184,0.1667,6,0.5,0.2641,0.25,6,0.5,0.3869,0.5,6,0.5,0.3869,0.5,6,0.5,0.3869,0.5,6,0.5,0.3869,0.5,7,0.5,0.3869,0.5,7,0.5,0.3869,0.5,10
xbrl-amzn-2024-finance-lease-interest-payment-on-liability-usd-0001018724-25-000004,hybrid,True,tables,0.5,0.1846,0.1111,7,0.5,0.2641,0.25,7,0.5,0.2641,0.25,8,0.5,0.2641,0.25,10,0.5,0.2641,0.25,11,0.5,0.2641,0.25,11,0.5,0.2372,0.2,11,0.5,0.2372,0.2,12
xbrl-amzn-2024-finite-lived-intangible-asset-expected-amortization-after-year-five-usd-0001018724-25-000004,bm25,True,tables,0.0,0.0,0.0,3,0.0,0.0,0.0,3,0.0,0.0,0.0,3,0.0,0.0,0.0,3,0.0,0.0,0.0,3,0.0,0.0,0.0,3,0.0,0.0,0.0,4,0.0,0.0,0.0,6
xbrl-amzn-2024-finite-lived-intangible-asset-expected-amortization-after-year-five-usd-0001018724-25-000004,hybrid,True,tables,0.0,0.0,0.0,4,0.0,0.0,0.0,7,0.0,0.0,0.0,10,0.0,0.0,0.0,10,0.0,0.0,0.0,10,0.0,0.0,0.0,10,0.0,0.0,0.0,11,0.0,0.0,0.0,14
xbrl-amzn-2024-intangible-assets-gross-excluding-goodwill-usd-0001018724-25-000004,bm25,True,tables,0.0,0.0,0.0,2,0.0,0.0,0.0,2,0.0,0.0,0.0,2,0.0,0.0,0.0,2,0.0,0.0,0.0,3,0.0,0.0,0.0,3,0.0,0.0,0.0,5,0.0,0.0,0.0,9
xbrl-amzn-2024-intangible-assets-gross-excluding-goodwill-usd-0001018724-25-000004,hybrid,True,tables,0.0,0.0,0.0,5,1.0,0.256,0.0714,9,1.0,0.2626,0.0769,11,1.0,0.2702,0.0833,11,1.0,0.4307,0.25,12,1.0,0.4307,0.25,12,1.0,0.4307,0.25,14,1.0,0.5,0.3333,16
xbrl-amzn-2024-effective-income-tax-rate-reconciliation-state-and-local-income-taxes-amount-usd-0001018724-25-000004,bm25,True,tables,1.0,0.301,0.1111,1,1.0,0.3333,0.1429,1,1.0,0.3562,0.1667,1,1.0,0.3562,0.1667,1,1.0,0.3869,0.2,3,1.0,0.3869,0.2,3,1.0,1.0,1.0,5,1.0,1.0,1.0,8
xbrl-amzn-2024-effective-income-tax-rate-reconciliation-state-and-local-income-taxes-amount-usd-0001018724-25-000004,hybrid,True,tables,1.0,0.4307,0.25,4,1.0,1.0,1.0,7,1.0,1.0,1.0,9,1.0,1.0,1.0,10,1.0,1.0,1.0,10,1.0,1.0,1.0,11,1.0,1.0,1.0,11,1.0,1.0,1.0,14
xbrl-amzn-2024-general-and-administrative-expense-usd-0001018724-25-000004,bm25,True,tables,1.0,0.3816,0.1429,4,1.0,0.3978,0.1429,4,1.0,0.3978,0.1429,4,1.0,0.3978,0.1429,4,1.0,0.4118,0.1667,5,1.0,0.4306,0.2,5,1.0,0.5438,0.3333,6,1.0,0.5706,0.3333,9
xbrl-amzn-2024-general-and-administrative-expense-usd-0001018724-25-000004,hybrid,True,tables,1.0,0.4144,0.2,3,1.0,0.6241,0.5,8,1.0,0.6509,0.5,10,1.0,0.6509,0.5,11,1.0,0.6934,0.5,11,1.0,0.6934,0.5,11,1.0,0.6934,0.5,12,1.0,0.6934,0.5,13
xbrl-amzn-2024-unrecognized-tax-benefits-increase-resulting-from-current-period-tax-positions-usd-0001018724-25-000004,bm25,True,tables,1.0,0.5,0.3333,1,1.0,1.0,1.0,1,1.0,1.0,1.0,1,1.0,1.0,1.0,1,1.0,1.0,1.0,1,1.0,1.0,1.0,2,1.0,1.0,1.0,4,1.0,1.0,1.0,6
xbrl-amzn-2024-unrecognized-tax-benefits-increase-resulting-from-current-period-tax-positions-usd-0001018724-25-000004,hybrid,True,tables,1.0,0.5,0.3333,1,1.0,1.0,1.0,2,1.0,1.0,1.0,7,1.0,1.0,1.0,10,1.0,1.0,1.0,11,1.0,1.0,1.0,11,1.0,1.0,1.0,11,1.0,1.0,1.0,13
xbrl-amzn-2024-finite-lived-intangible-assets-gross-usd-0001018724-25-000004,bm25,True,tables,1.0,0.5,0.3333,3,1.0,0.5,0.3333,3,1.0,0.5,0.3333,3,1.0,0.5,0.3333,3,1.0,0.5,0.3333,3,1.0,0.5,0.3333,4,1.0,0.6309,0.5,5,1.0,0.6309,0.5,9
xbrl-amzn-2024-finite-lived-intangible-assets-gross-usd-0001018724-25-000004,hybrid,True,tables,1.0,0.3869,0.2,4,1.0,0.5,0.3333,7,1.0,0.5,0.3333,10,1.0,0.6309,0.5,11,1.0,0.6309,0.5,11,1.0,0.6309,0.5,11,1.0,0.6309,0.5,13,1.0,0.6309,0.5,15
xbrl-amzn-2024-contractual-obligation-to-be-paid-year-one-usd-0001018724-25-000004,bm25,True,tables,0.0,0.0,0.0,0,0.0,0.0,0.0,1,0.0,0.0,0.0,1,0.0,0.0,0.0,2,0.0,0.0,0.0,2,0.0,0.0,0.0,2,0.0,0.0,0.0,4,0.0,0.0,0.0,9
xbrl-amzn-2024-contractual-obligation-to-be-paid-year-one-usd-0001018724-25-000004,hybrid,True,tables,0.0,0.0,0.0,3,1.0,0.25,0.0667,7,1.0,0.2702,0.0833,9,1.0,0.2702,0.0833,9,1.0,0.2702,0.0833,9,1.0,0.2789,0.0909,10,1.0,0.2789,0.0909,10,1.0,0.2626,0.0769,14
xbrl-amzn-2024-unrecognized-tax-benefits-decrease-resulting-from-settlements-with-taxing-authorities-usd-0001018724-25-000004,bm25,True,tables,0.0,0.0,0.0,1,0.0,0.0,0.0,1,0.0,0.0,0.0,1,0.0,0.0,0.0,1,0.0,0.0,0.0,1,0.0,0.0,0.0,1,0.0,0.0,0.0,2,0.0,0.0,0.0,4
xbrl-amzn-2024-unrecognized-tax-benefits-decrease-resulting-from-settlements-with-taxing-authorities-usd-0001018724-25-000004,hybrid,True,tables,0.0,0.0,0.0,1,0.0,0.0,0.0,2,0.0,0.0,0.0,3,0.0,0.0,0.0,7,0.0,0.0,0.0,8,0.0,0.0,0.0,9,0.0,0.0,0.0,11,0.0,0.0,0.0,13
xbrl-amzn-2024-unrecognized-tax-benefits-reduction-resulting-from-lapse-of-applicable-statute-of-limitations-usd-0001018724-25-000004,bm25,True,both,0.0,0.0,0.0,1,0.0,0.0,0.0,1,0.0,0.0,0.0,1,0.0,0.0,0.0,1,0.0,0.0,0.0,1,0.0,0.0,0.0,3,0.0,0.0,0.0,4,0.0,0.0,0.0,14
xbrl-amzn-2024-unrecognized-tax-benefits-reduction-resulting-from-lapse-of-applicable-statute-of-limitations-usd-0001018724-25-000004,hybrid,True,both,0.0,0.0,0.0,1,0.0,0.0,0.0,4,0.0,0.0,0.0,7,0.0,0.0,0.0,10,0.0,0.0,0.0,11,0.0,0.0,0.0,12,0.0,0.0,0.0,13,0.0,0.0,0.0,16
xbrl-amzn-2024-revenue-from-contract-with-customer-excluding-assessed-tax-usd-0001018724-25-000004,bm25,True,tables,0.0,0.0,0.0,0,0.0,0.0,0.0,0,0.0,0.0,0.0,0,0.0,0.0,0.0,0,0.0,0.0,0.0,0,0.0,0.0,0.0,0,0.3333333333333333,0.1268,0.0833,2,0.3333333333333333,0.2346,0.3333,5
xbrl-amzn-2024-revenue-from-contract-with-customer-excluding-assessed-tax-usd-0001018724-25-000004,hybrid,True,tables,0.0,0.0,0.0,0,0.0,0.0,0.0,3,0.0,0.0,0.0,8,0.0,0.0,0.0,10,0.0,0.0,0.0,10,0.0,0.0,0.0,10,0.0,0.0,0.0,10,0.3333333333333333,0.1201,0.0714,13
xbrl-amzn-2024-finance-lease-liability-to-be-paid-after-year-five-usd-0001018724-25-000004,bm25,True,tables,0.0,0.0,0.0,4,0.0,0.0,0.0,4,0.0,0.0,0.0,5,0.0,0.0,0.0,5,0.0,0.0,0.0,5,0.0,0.0,0.0,6,1.0,0.2447,0.0625,9,1.0,0.301,0.1111,12
xbrl-amzn-2024-finance-lease-liability-to-be-paid-after-year-five-usd-0001018724-25-000004,hybrid,True,tables,1.0,0.2702,0.0833,8,1.0,0.2789,0.0909,8,1.0,0.3333,0.1429,10,1.0,0.3333,0.1429,12,1.0,0.3155,0.125,12,1.0,0.3155,0.125,12,1.0,0.3155,0.125,14,1.0,0.3869,0.2,16
xbrl-amzn-2024-finance-lease-interest-expense-usd-0001018724-25-000004,bm25,True,both,0.0,0.0,0.0,6,0.0,0.0,0.0,7,0.0,0.0,0.0,8,0.0,0.0,0.0,8,0.0,0.0,0.0,8,0.0,0.0,0.0,8,0.0,0.0,0.0,8,0.0,0.0,0.0,10
xbrl-amzn-2024-finance-lease-interest-expense-usd-0001018724-25-000004,hybrid,True,both,0.0,0.0,0.0,7,0.0,0.0,0.0,9,0.0,0.0,0.0,11,0.0,0.0,0.0,12,0.0,0.0,0.0,12,0.0,0.0,0.0,12,0.0,0.0,0.0,13,0.0,0.0,0.0,16
xbrl-amzn-2024-effective-income-tax-rate-reconciliation-at-federal-statutory-income-tax-rate-amount-usd-0001018724-25-000004,bm25,True,tables,1.0,0.4307,0.25,1,1.0,0.5,0.3333,1,1.0,0.6309,0.5,3,1.0,0.6309,0.5,3,1.0,0.6309,0.5,4,1.0,1.0,1.0,4,1.0,1.0,1.0,5,1.0,1.0,1.0,7
xbrl-amzn-2024-effective-income-tax-rate-reconciliation-at-federal-statutory-income-tax-rate-amount-usd-0001018724-25-000004,hybrid,True,tables,1.0,0.3869,0.2,3,1.0,1.0,1.0,8,1.0,1.0,1.0,10,1.0,1.0,1.0,10,1.0,1.0,1.0,10,1.0,1.0,1.0,11,1.0,1.0,1.0,11,1.0,1.0,1.0,12
xbrl-amzn-2024-repayments-of-long-term-debt-usd-0001018724-25-000004,bm25,True,tables,1.0,1.0,1.0,4,1.0,1.0,1.0,5,1.0,1.0,1.0,6,1.0,1.0,1.0,6,1.0,1.0,1.0,6,1.0,1.0,1.0,7,1.0,1.0,1.0,8,1.0,1.0,1.0,13
xbrl-amzn-2024-repayments-of-long-term-debt-usd-0001018724-25-000004,hybrid,True,tables,1.0,0.5,0.3333,9,1.0,1.0,1.0,11,1.0,1.0,1.0,12,1.0,1.0,1.0,14,1.0,0.6309,0.5,15,1.0,0.6309,0.5,15,1.0,0.6309,0.5,16,1.0,0.6309,0.5,16
xbrl-amzn-2024-other-comprehensive-income-other-net-of-tax-usd-0001018724-25-000004,bm25,True,tables,0.0,0.0,0.0,4,0.0,0.0,0.0,4,0.0,0.0,0.0,4,0.0,0.0,0.0,5,0.0,0.0,0.0,5,0.0,0.0,0.0,8,0.0,0.0,0.0,11,0.0,0.0,0.0,14
xbrl-amzn-2024-other-comprehensive-income-other-net-of-tax-usd-0001018724-25-000004,hybrid,True,tables,0.0,0.0,0.0,7,0.0,0.0,0.0,11,0.0,0.0,0.0,11,0.0,0.0,0.0,11,0.0,0.0,0.0,12,0.0,0.0,0.0,12,0.0,0.0,0.0,16,0.0,0.0,0.0,16
xbrl-amzn-2024-long-term-debt-current-maturities-usd-0001018724-25-000004,bm25,True,both,1.0,1.0,1.0,4,1.0,1.0,1.0,4,1.0,1.0,1.0,4,1.0,1.0,1.0,5,1.0,1.0,1.0,6,1.0,0.9197,1.0,6,1.0,0.8503,1.0,7,1.0,0.8175,1.0,9
xbrl-amzn-2024-long-term-debt-current-maturities-usd-0001018724-25-000004,hybrid,True,both,1.0,1.0,1.0,8,1.0,0.9197,1.0,10,1.0,0.8316,1.0,11,1.0,0.7788,1.0,12,1.0,0.7701,1.0,13,1.0,0.7664,1.0,14,0.5,0.6131,1.0,16,0.5,0.6131,1.0,16
xbrl-amzn-2025-lease-cost-usd-0001018724-26-000004,bm25,True,tables,1.0,0.5,0.3333,2,1.0,0.5,0.3333,3,1.0,0.6309,0.5,5,1.0,0.6309,0.5,5,1.0,1.0,1.0,5,1.0,1.0,1.0,5,1.0,1.0,1.0,6,1.0,1.0,1.0,10
xbrl-amzn-2025-lease-cost-usd-0001018724-26-000004,hybrid,True,tables,1.0,0.6309,0.5,6,1.0,1.0,1.0,8,1.0,1.0,1.0,9,1.0,1.0,1.0,10,1.0,1.0,1.0,10,1.0,1.0,1.0,11,1.0,1.0,1.0,15,1.0,1.0,1.0,16
xbrl-amzn-2025-common-stock-shares-authorized-shares-0001018724-26-000004,bm25,True,tables,1.0,0.6309,0.5,3,1.0,0.6309,0.5,3,1.0,0.6309,0.5,3,1.0,0.6309,0.5,3,1.0,0.6309,0.5,3,1.0,0.6309,0.5,5,1.0,1.0,1.0,6,1.0,1.0,1.0,8
xbrl-amzn-2025-common-stock-shares-authorized-shares-0001018724-26-000004,hybrid,True,tables,1.0,0.6309,0.5,6,1.0,1.0,1.0,8,1.0,1.0,1.0,9,1.0,1.0,1.0,10,1.0,1.0,1.0,10,1.0,1.0,1.0,11,1.0,1.0,1.0,12,1.0,1.0,1.0,14
xbrl-amzn-2025-finite-lived-intangible-asset-expected-amortization-after-year-five-usd-0001018724-26-000004,bm25,True,tables,0.0,0.0,0.0,3,0.0,0.0,0.0,3,0.0,0.0,0.0,4,0.0,0.0,0.0,4,0.0,0.0,0.0,4,0.0,0.0,0.0,4,0.0,0.0,0.0,5,0.0,0.0,0.0,10
xbrl-amzn-2025-finite-lived-intangible-asset-expected-amortization-after-year-five-usd-0001018724-26-000004,hybrid,True,tables,0.0,0.0,0.0,5,0.0,0.0,0.0,8,0.0,0.0,0.0,10,0.0,0.0,0.0,10,0.0,0.0,0.0,11,0.0,0.0,0.0,11,0.0,0.0,0.0,13,0.0,0.0,0.0,15
xbrl-amzn-2025-other-noncash-income-expense-usd-0001018724-26-000004,bm25,True,tables,0.0,0.0,0.0,2,0.0,0.0,0.0,2,0.0,0.0,0.0,2,0.0,0.0,0.0,2,0.0,0.0,0.0,2,0.0,0.0,0.0,3,0.0,0.0,0.0,6,1.0,0.2626,0.0769,8
xbrl-amzn-2025-other-noncash-income-expense-usd-0001018724-26-000004,hybrid,True,tables,0.0,0.0,0.0,4,0.0,0.0,0.0,6,1.0,0.301,0.1111,10,1.0,0.3869,0.2,11,1.0,0.3869,0.2,11,1.0,0.3869,0.2,11,1.0,0.4307,0.25,12,1.0,0.4307,0.25,14
xbrl-amzn-2025-accounts-payable-current-usd-0001018724-26-000004,bm25,True,tables,1.0,1.0,1.0,3,1.0,1.0,1.0,4,1.0,1.0,1.0,4,1.0,1.0,1.0,4,1.0,1.0,1.0,4,1.0,1.0,1.0,4,1.0,1.0,1.0,6,1.0,1.0,1.0,9
xbrl-amzn-2025-accounts-payable-current-usd-0001018724-26-000004,hybrid,True,tables,1.0,1.0,1.0,8,1.0,1.0,1.0,10,1.0,1.0,1.0,10,1.0,1.0,1.0,11,1.0,1.0,1.0,11,1.0,1.0,1.0,11,1.0,1.0,1.0,15,1.0,1.0,1.0,16
xbrl-amzn-2025-effective-income-tax-rate-reconciliation-nondeductible-expense-other-amount-usd-0001018724-26-000004,bm25,True,tables,1.0,0.301,0.1111,2,1.0,0.3155,0.125,3,1.0,0.3562,0.1667,3,1.0,0.3562,0.1667,3,1.0,0.3869,0.2,4,1.0,0.3869,0.2,4,1.0,0.5,0.3333,6,1.0,0.6309,0.5,8
xbrl-amzn-2025-effective-income-tax-rate-reconciliation-nondeductible-expense-other-amount-usd-0001018724-26-000004,hybrid,True,tables,1.0,0.2891,0.1,3,1.0,0.5,0.3333,6,1.0,1.0,1.0,8,1.0,0.6309,0.5,10,1.0,0.6309,0.5,11,1.0,0.6309,0.5,11,1.0,1.0,1.0,14,1.0,0.6309,0.5,15
xbrl-amzn-2025-deferred-tax-liabilities-net-usd-0001018724-26-000004,bm25,True,tables,1.0,0.6309,0.5,2,1.0,1.0,1.0,3,1.0,1.0,1.0,5,1.0,1.0,1.0,6,1.0,1.0,1.0,6,1.0,1.0,1.0,6,1.0,1.0,1.0,8,1.0,1.0,1.0,10
xbrl-amzn-2025-deferred-tax-liabilities-net-usd-0001018724-26-000004,hybrid,True,tables,1.0,0.5,0.3333,5,1.0,1.0,1.0,7,1.0,1.0,1.0,11,1.0,1.0,1.0,11,1.0,1.0,1.0,12,1.0,1.0,1.0,12,1.0,1.0,1.0,14,1.0,1.0,1.0,16
xbrl-amzn-2025-effect-of-exchange-rate-on-cash-cash-equivalents-restricted-cash-and-restricted-cash-equivalents-including-disposal-group-and-discontinued-operations-usd-0001018724-26-000004,bm25,True,both,0.6666666666666666,0.4162,0.5,6,0.6666666666666666,0.5894,1.0,6,0.6666666666666666,0.5894,1.0,6,0.6666666666666666,0.5894,1.0,6,0.6666666666666666,0.5894,1.0,6,0.6666666666666666,0.5894,1.0,6,0.3333333333333333,0.4693,1.0,9,0.3333333333333333,0.4693,1.0,14
xbrl-amzn-2025-effect-of-exchange-rate-on-cash-cash-equivalents-restricted-cash-and-restricted-cash-equivalents-including-disposal-group-and-discontinued-operations-usd-0001018724-26-000004,hybrid,True,both,0.6666666666666666,0.6002,1.0,4,0.6666666666666666,0.5925,1.0,6,0.6666666666666666,0.5925,1.0,8,0.3333333333333333,0.4693,1.0,10,0.3333333333333333,0.4693,1.0,13,0.3333333333333333,0.4693,1.0,14,0.3333333333333333,0.4693,1.0,15,0.3333333333333333,0.4693,1.0,16
xbrl-amzn-2025-deferred-income-tax-expense-benefit-usd-0001018724-26-000004,bm25,True,tables,0.0,0.0,0.0,2,0.0,0.0,0.0,2,0.0,0.0,0.0,3,0.0,0.0,0.0,3,0.0,0.0,0.0,4,0.0,0.0,0.0,4,1.0,0.2626,0.0769,6,1.0,0.3155,0.125,10
xbrl-amzn-2025-deferred-income-tax-expense-benefit-usd-0001018724-26-000004,hybrid,True,tables,0.0,0.0,0.0,3,1.0,0.2626,0.0769,6,1.0,0.3155,0.125,9,1.0,0.3562,0.1667,12,1.0,0.3869,0.2,12,1.0,0.3869,0.2,13,1.0,0.4307,0.25,16,1.0,0.3869,0.2,16
xbrl-amzn-2025-operating-lease-liability-noncurrent-usd-0001018724-26-000004,bm25,True,tables,1.0,0.25,0.0667,5,1.0,0.2626,0.0769,5,1.0,0.2789,0.0909,5,1.0,0.2789,0.0909,5,1.0,0.2789,0.0909,5,1.0,0.2789,0.0909,6,1.0,0.3562,0.1667,8,1.0,0.3869,0.2,11
xbrl-amzn-2025-operating-lease-liability-noncurrent-usd-0001018724-26-000004,hybrid,True,tables,1.0,0.3562,0.1667,7,1.0,0.3869,0.2,9,1.0,0.6309,0.5,10,1.0,0.6309,0.5,10,1.0,0.5,0.3333,12,1.0,0.5,0.3333,12,1.0,0.5,0.3333,13,1.0,0.6309,0.5,16
xbrl-amzn-2025-operating-lease-payments-usd-0001018724-26-000004,bm25,True,tables,0.0,0.0,0.0,5,0.0,0.0,0.0,5,0.0,0.0,0.0,5,0.0,0.0,0.0,5,0.0,0.0,0.0,5,0.0,0.0,0.0,5,1.0,0.2789,0.0909,8,1.0,0.3155,0.125,11
xbrl-amzn-2025-operating-lease-payments-usd-0001018724-26-000004,hybrid,True,tables,0.0,0.0,0.0,7,1.0,0.2702,0.0833,8,1.0,0.2891,0.1,10,1.0,0.2891,0.1,11,1.0,0.3155,0.125,12,1.0,0.3155,0.125,12,1.0,0.3333,0.1429,12,1.0,0.3155,0.125,15
xbrl-amzn-2025-finite-lived-intangible-assets-accumulated-amortization-usd-0001018724-26-000004,bm25,True,tables,1.0,0.4723,0.3333,5,1.0,0.4776,0.3333,6,1.0,0.4776,0.3333,6,1.0,0.4838,0.3333,6,1.0,0.4911,0.3333,6,1.0,0.4911,0.3333,6,1.0,0.5714,0.5,6,1.0,0.6241,0.5,10
xbrl-amzn-2025-finite-lived-intangible-assets-accumulated-amortization-usd-0001018724-26-000004,hybrid,True,tables,1.0,0.3816,0.1429,5,1.0,0.5706,0.3333,7,1.0,0.5706,0.3333,9,1.0,0.5706,0.3333,10,1.0,0.5706,0.3333,11,1.0,0.6934,0.5,11,1.0,0.6934,0.5,11,1.0,0.6934,0.5,14
xbrl-amzn-2025-weighted-average-number-of-shares-outstanding-diluted-shares-0001018724-26-000004,bm25,True,tables,1.0,0.511,0.3333,4,1.0,0.5912,0.5,4,1.0,0.6053,0.5,5,1.0,0.6241,0.5,6,1.0,0.6509,0.5,8,1.0,0.6509,0.5,9,1.0,0.8772,1.0,9,1.0,0.9197,1.0,13
xbrl-amzn-2025-weighted-average-number-of-shares-outstanding-diluted-shares-0001018724-26-000004,hybrid,True,tables,1.0,0.6934,0.5,8,1.0,1.0,1.0,11,1.0,1.0,1.0,13,1.0,1.0,1.0,15,1.0,1.0,1.0,16,1.0,1.0,1.0,16,1.0,1.0,1.0,16,1.0,1.0,1.0,16
xbrl-amzn-2025-finance-lease-right-of-use-asset-amortization-usd-0001018724-26-000004,bm25,True,tables,1.0,0.5,0.3333,4,1.0,0.5,0.3333,4,1.0,0.6309,0.5,5,1.0,0.6309,0.5,5,1.0,1.0,1.0,6,1.0,1.0,1.0,6,1.0,1.0,1.0,8,1.0,1.0,1.0,12
xbrl-amzn-2025-finance-lease-right-of-use-asset-amortization-usd-0001018724-26-000004,hybrid,True,tables,1.0,0.5,0.3333,8,1.0,1.0,1.0,10,1.0,1.0,1.0,11,1.0,1.0,1.0,12,1.0,1.0,1.0,12,1.0,1.0,1.0,12,1.0,1.0,1.0,16,1.0,1.0,1.0,16
xbrl-amzn-2025-debt-securities-available-for-sale-realized-loss-usd-0001018724-26-000004,bm25,True,tables,0.0,0.0,0.0,3,0.0,0.0,0.0,3,0.0,0.0,0.0,3,0.0,0.0,0.0,3,0.0,0.0,0.0,3,0.0,0.0,0.0,3,0.0,0.0,0.0,4,0.0,0.0,0.0,4
xbrl-amzn-2025-debt-securities-available-for-sale-realized-loss-usd-0001018724-26-000004,hybrid,True,tables,0.0,0.0,0.0,3,0.0,0.0,0.0,4,0.0,0.0,0.0,9,0.0,0.0,0.0,11,0.0,0.0,0.0,12,0.0,0.0,0.0,12,0.0,0.0,0.0,14,0.0,0.0,0.0,16
xbrl-amzn-2025-other-commitment-to-be-paid-year-four-usd-0001018724-26-000004,bm25,True,tables,0.0,0.0,0.0,1,0.0,0.0,0.0,2,0.0,0.0,0.0,2,0.0,0.0,0.0,2,0.0,0.0,0.0,2,0.0,0.0,0.0,2,0.0,0.0,0.0,5,0.0,0.0,0.0,10
xbrl-amzn-2025-other-commitment-to-be-paid-year-four-usd-0001018724-26-000004,hybrid,True,tables,0.0,0.0,0.0,3,0.0,0.0,0.0,8,1.0,0.2447,0.0625,10,1.0,0.25,0.0667,10,1.0,0.2447,0.0625,11,0.0,0.0,0.0,11,0.0,0.0,0.0,12,1.0,0.2447,0.0625,16
xbrl-amzn-2025-long-term-debt-usd-0001018724-26-000004,bm25,True,tables,0.5,0.1772,0.1,4,0.5,0.1846,0.1111,5,0.5,0.1846,0.1111,5,0.5,0.2044,0.1429,6,0.5,0.2044,0.1429,6,0.5,0.2044,0.1429,6,0.5,0.2372,0.2,8,0.5,0.2641,0.25,11
xbrl-amzn-2025-long-term-debt-usd-0001018724-26-000004,hybrid,True,tables,0.5,0.161,0.0769,6,0.5,0.1846,0.1111,8,0.5,0.2044,0.1429,10,0.5,0.2184,0.1667,12,0.5,0.2372,0.2,13,0.5,0.2372,0.2,13,0.5,0.2372,0.2,14,0.5,0.2372,0.2,16
xbrl-amzn-2025-debt-securities-available-for-sale-fair-value-maturity-allocated-and-single-maturity-date-after-year-one-through-five-usd-0001018724-26-000004,bm25,True,tables,0.3333333333333333,0.4693,1.0,4,0.3333333333333333,0.4693,1.0,4,0.3333333333333333,0.4693,1.0,4,0.3333333333333333,0.4693,1.0,4,0.3333333333333333,0.4693,1.0,4,0.3333333333333333,0.4693,1.0,4,0.3333333333333333,0.4693,1.0,4,0.3333333333333333,0.4693,1.0,9
xbrl-amzn-2025-debt-securities-available-for-sale-fair-value-maturity-allocated-and-single-maturity-date-after-year-one-through-five-usd-0001018724-26-000004,hybrid,True,tables,0.3333333333333333,0.2961,0.5,6,0.3333333333333333,0.4693,1.0,10,0.3333333333333333,0.4693,1.0,11,0.3333333333333333,0.4693,1.0,12,0.3333333333333333,0.4693,1.0,13,0.3333333333333333,0.4693,1.0,14,0.3333333333333333,0.2961,0.5,16,0.3333333333333333,0.2346,0.3333,16
xbrl-amzn-2025-deferred-tax-assets-other-usd-0001018724-26-000004,bm25,True,tables,1.0,0.3562,0.1667,2,1.0,0.3869,0.2,3,1.0,0.3869,0.2,3,1.0,0.3869,0.2,3,1.0,0.4307,0.25,4,1.0,0.4307,0.25,4,1.0,0.5,0.3333,8,1.0,0.6309,0.5,9
xbrl-amzn-2025-deferred-tax-assets-other-usd-0001018724-26-000004,hybrid,True,tables,1.0,0.3869,0.2,4,1.0,0.4307,0.25,8,1.0,0.6309,0.5,10,1.0,0.6309,0.5,11,1.0,0.6309,0.5,11,1.0,0.6309,0.5,11,1.0,0.6309,0.5,12,1.0,0.6309,0.5,16
xbrl-amzn-2025-unrecognized-tax-benefits-income-tax-penalties-and-interest-accrued-usd-0001018724-26-000004,bm25,True,both,0.3333333333333333,0.4693,1.0,2,0.3333333333333333,0.4693,1.0,3,0.3333333333333333,0.4693,1.0,3,0.3333333333333333,0.4693,1.0,4,0.3333333333333333,0.4693,1.0,5,0.3333333333333333,0.4693,1.0,5,0.3333333333333333,0.2961,0.5,6,0.3333333333333333,0.1672,0.1667,10
xbrl-amzn-2025-unrecognized-tax-benefits-income-tax-penalties-and-interest-accrued-usd-0001018724-26-000004,hybrid,True,both,0.3333333333333333,0.4693,1.0,1,0.3333333333333333,0.4693,1.0,6,0.3333333333333333,0.2346,0.3333,9,0.3333333333333333,0.1309,0.0909,12,0.3333333333333333,0.1268,0.0833,12,0.3333333333333333,0.1233,0.0769,13,0.3333333333333333,0.1201,0.0714,14,0.0,0.0,0.0,16
xbrl-avgo-2021-finite-lived-intangible-asset-expected-amortization-year-one-usd-0001730168-21-000153,bm25,True,tables,0.0,0.0,0.0,2,0.0,0.0,0.0,2,0.0,0.0,0.0,2,1.0,0.25,0.0667,3,1.0,0.25,0.0667,3,1.0,0.2626,0.0769,3,1.0,0.301,0.1111,4,1.0,0.3562,0.1667,10
xbrl-avgo-2021-finite-lived-intangible-asset-expected-amortization-year-one-usd-0001730168-21-000153,hybrid,True,tables,1.0,0.3333,0.1429,4,1.0,0.3333,0.1429,8,1.0,0.3869,0.2,10,1.0,0.4307,0.25,12,1.0,0.5,0.3333,12,1.0,0.5,0.3333,12,1.0,0.5,0.3333,12,1.0,0.5,0.3333,13
xbrl-avgo-2021-other-commitment-to-be-paid-year-two-usd-0001730168-21-000153,bm25,True,both,0.0,0.0,0.0,0,0.0,0.0,0.0,0,0.0,0.0,0.0,0,0.0,0.0,0.0,1,0.0,0.0,0.0,2,0.0,0.0,0.0,2,0.0,0.0,0.0,5,0.0,0.0,0.0,12
xbrl-avgo-2021-other-commitment-to-be-paid-year-two-usd-0001730168-21-000153,hybrid,True,both,0.3333333333333333,0.1815,0.2,3,0.3333333333333333,0.1815,0.2,6,0.0,0.0,0.0,9,0.0,0.0,0.0,9,0.0,0.0,0.0,10,0.0,0.0,0.0,10,0.0,0.0,0.0,11,0.0,0.0,0.0,15
xbrl-avgo-2021-interest-payable-current-usd-0001730168-21-000153,bm25,True,prose,0.6666666666666666,0.4441,0.5,2,0.6666666666666666,0.4373,0.5,2,0.6666666666666666,0.4373,0.5,2,0.6666666666666666,0.4317,0.5,2,0.6666666666666666,0.4317,0.5,2,0.6666666666666666,0.3703,0.3333,2,0.6666666666666666,0.3378,0.25,5,0.6666666666666666,0.2845,0.1667,8
xbrl-avgo-2021-interest-payable-current-usd-0001730168-21-000153,hybrid,True,prose,0.6666666666666666,0.2629,0.125,2,0.3333333333333333,0.2021,0.25,8,0.3333333333333333,0.2346,0.3333,9,0.3333333333333333,0.2346,0.3333,9,0.3333333333333333,0.2346,0.3333,10,0.3333333333333333,0.1672,0.1667,10,0.3333333333333333,0.1357,0.1,11,0.0,0.0,0.0,16
xbrl-avgo-2021-retained-earnings-accumulated-deficit-usd-0001730168-21-000153,bm25,True,both,0.0,0.0,0.0,16,0.0,0.0,0.0,16,0.0,0.0,0.0,16,0.0,0.0,0.0,16,0.0,0.0,0.0,16,0.0,0.0,0.0,16,0.0,0.0,0.0,16,0.0,0.0,0.0,16
xbrl-avgo-2021-retained-earnings-accumulated-deficit-usd-0001730168-21-000153,hybrid,True,both,0.3333333333333333,0.2961,0.5,12,0.3333333333333333,0.4693,1.0,15,0.3333333333333333,0.4693,1.0,16,0.3333333333333333,0.4693,1.0,16,0.3333333333333333,0.4693,1.0,16,0.3333333333333333,0.4693,1.0,16,0.3333333333333333,0.4693,1.0,16,0.3333333333333333,0.4693,1.0,16
xbrl-avgo-2021-deferred-tax-assets-net-of-valuation-allowance-usd-0001730168-21-000153,bm25,True,tables,1.0,0.6309,0.5,2,1.0,1.0,1.0,2,1.0,1.0,1.0,2,1.0,1.0,1.0,2,1.0,1.0,1.0,2,1.0,1.0,1.0,2,1.0,1.0,1.0,5,1.0,1.0,1.0,9
xbrl-avgo-2021-deferred-tax-assets-net-of-valuation-allowance-usd-0001730168-21-000153,hybrid,True,tables,1.0,0.5,0.3333,2,1.0,0.6309,0.5,5,1.0,1.0,1.0,8,1.0,1.0,1.0,9,1.0,1.0,1.0,10,1.0,1.0,1.0,11,1.0,1.0,1.0,14,1.0,1.0,1.0,16
xbrl-avgo-2021-preferred-stock-shares-outstanding-shares-0001730168-21-000153,bm25,True,prose,0.0,0.0,0.0,13,0.0,0.0,0.0,14,0.0,0.0,0.0,14,0.0,0.0,0.0,14,0.0,0.0,0.0,14,0.0,0.0,0.0,14,0.0,0.0,0.0,16,0.0,0.0,0.0,16
xbrl-avgo-2021-preferred-stock-shares-outstanding-shares-0001730168-21-000153,hybrid,True,prose,0.0,0.0,0.0,14,0.0,0.0,0.0,15,0.0,0.0,0.0,16,0.0,0.0,0.0,16,0.0,0.0,0.0,16,0.0,0.0,0.0,16,0.0,0.0,0.0,16,0.0,0.0,0.0,16
xbrl-avgo-2021-weighted-average-number-of-shares-outstanding-basic-shares-0001730168-21-000153,bm25,True,both,0.3333333333333333,0.2021,0.25,4,0.3333333333333333,0.2021,0.25,4,0.3333333333333333,0.2346,0.3333,5,0.3333333333333333,0.2346,0.3333,5,0.3333333333333333,0.2346,0.3333,5,0.3333333333333333,0.2346,0.3333,5,0.3333333333333333,0.2961,0.5,9,0.6666666666666666,0.4134,0.5,13
xbrl-avgo-2021-weighted-average-number-of-shares-outstanding-basic-shares-0001730168-21-000153,hybrid,True,both,0.6666666666666666,0.4109,0.5,9,0.6666666666666666,0.352,0.3333,13,0.6666666666666666,0.4162,0.5,13,0.6666666666666666,0.4162,0.5,13,0.6666666666666666,0.4525,0.5,13,0.6666666666666666,0.4441,0.5,13,0.6666666666666666,0.4441,0.5,16,0.6666666666666666,0.4632,0.5,16
xbrl-avgo-2021-preferred-stock-dividends-income-statement-impact-usd-0001730168-21-000153,bm25,True,both,0.3333333333333333,0.1201,0.0714,11,0.3333333333333333,0.1201,0.0714,11,0.3333333333333333,0.1233,0.0769,11,0.3333333333333333,0.1233,0.0769,11,0.3333333333333333,0.1268,0.0833,11,0.3333333333333333,0.1309,0.0909,12,0.3333333333333333,0.1413,0.1111,15,0.3333333333333333,0.1413,0.1111,16
xbrl-avgo-2021-preferred-stock-dividends-income-statement-impact-usd-0001730168-21-000153,hybrid,True,both,0.3333333333333333,0.1672,0.1667,13,0.3333333333333333,0.2021,0.25,14,0.3333333333333333,0.2021,0.25,16,0.3333333333333333,0.1672,0.1667,16,0.3333333333333333,0.1672,0.1667,16,0.3333333333333333,0.2021,0.25,16,0.3333333333333333,0.2021,0.25,16,0.3333333333333333,0.2021,0.25,16
xbrl-avgo-2021-contract-with-customer-liability-current-usd-0001730168-21-000153,bm25,True,tables,0.0,0.0,0.0,0,0.0,0.0,0.0,0,0.0,0.0,0.0,0,0.0,0.0,0.0,0,0.0,0.0,0.0,0,1.0,0.256,0.0714,1,1.0,0.3869,0.2,1,1.0,0.6309,0.5,4
xbrl-avgo-2021-contract-with-customer-liability-current-usd-0001730168-21-000153,hybrid,True,tables,0.0,0.0,0.0,0,0.0,0.0,0.0,5,0.0,0.0,0.0,8,0.0,0.0,0.0,8,0.0,0.0,0.0,8,0.0,0.0,0.0,8,1.0,0.2702,0.0833,10,1.0,0.3869,0.2,10
xbrl-avgo-2021-finite-lived-intangible-assets-gross-usd-0001730168-21-000153,bm25,True,tables,0.0,0.0,0.0,2,0.0,0.0,0.0,3,0.0,0.0,0.0,3,0.0,0.0,0.0,3,0.0,0.0,0.0,4,0.0,0.0,0.0,4,1.0,0.301,0.1111,6,1.0,0.3562,0.1667,10
xbrl-avgo-2021-finite-lived-intangible-assets-gross-usd-0001730168-21-000153,hybrid,True,tables,0.0,0.0,0.0,4,1.0,0.2891,0.1,8,1.0,0.3333,0.1429,12,1.0,0.3869,0.2,13,1.0,0.3869,0.2,14,1.0,0.3562,0.1667,14,1.0,0.3869,0.2,16,1.0,0.3333,0.1429,16
xbrl-avgo-2021-deferred-tax-liability-not-recognized-amount-of-unrecognized-deferred-tax-liability-undistributed-earnings-of-foreign-subsidiaries-usd-0001730168-21-000153,bm25,True,both,0.5,0.6131,1.0,2,0.5,0.6131,1.0,2,0.5,0.6131,1.0,2,0.5,0.6131,1.0,3,0.5,0.6131,1.0,3,0.5,0.6131,1.0,3,0.5,0.6131,1.0,4,0.5,0.3066,0.3333,8
xbrl-avgo-2021-deferred-tax-liability-not-recognized-amount-of-unrecognized-deferred-tax-liability-undistributed-earnings-of-foreign-subsidiaries-usd-0001730168-21-000153,hybrid,True,both,0.5,0.6131,1.0,4,0.5,0.6131,1.0,5,0.5,0.6131,1.0,9,1.0,0.525,0.3333,11,1.0,0.4144,0.2,11,1.0,0.4082,0.2,11,1.0,0.3795,0.1667,13,0.5,0.2184,0.1667,16
xbrl-avgo-2021-inventory-net-usd-0001730168-21-000153,bm25,True,both,0.3333333333333333,0.1268,0.0833,0,0.3333333333333333,0.1268,0.0833,1,0.6666666666666666,0.2441,0.0833,2,0.6666666666666666,0.2441,0.0833,2,0.6666666666666666,0.2434,0.0769,3,0.6666666666666666,0.2434,0.0769,3,0.6666666666666666,0.2964,0.2,4,0.3333333333333333,0.2961,0.5,9
xbrl-avgo-2021-inventory-net-usd-0001730168-21-000153,hybrid,True,both,0.6666666666666666,0.2558,0.1,4,0.3333333333333333,0.2961,0.5,9,0.3333333333333333,0.4693,1.0,10,0.3333333333333333,0.4693,1.0,10,0.3333333333333333,0.4693,1.0,11,0.3333333333333333,0.4693,1.0,11,0.3333333333333333,0.4693,1.0,13,0.3333333333333333,0.2961,0.5,14
xbrl-avgo-2021-other-comprehensive-income-loss-net-of-tax-usd-0001730168-21-000153,bm25,True,both,0.0,0.0,0.0,4,0.0,0.0,0.0,5,0.0,0.0,0.0,7,0.0,0.0,0.0,7,0.0,0.0,0.0,8,0.0,0.0,0.0,9,0.0,0.0,0.0,14,0.0,0.0,0.0,16
xbrl-avgo-2021-other-comprehensive-income-loss-net-of-tax-usd-0001730168-21-000153,hybrid,True,both,0.0,0.0,0.0,4,0.0,0.0,0.0,8,0.0,0.0,0.0,13,0.0,0.0,0.0,13,0.0,0.0,0.0,14,0.0,0.0,0.0,14,0.0,0.0,0.0,16,0.0,0.0,0.0,16
xbrl-avgo-2021-restructuring-settlement-and-impairment-provisions-usd-0001730168-21-000153,bm25,True,tables,0.6666666666666666,0.2713,0.125,3,0.6666666666666666,0.2873,0.1429,3,0.6666666666666666,0.2921,0.1429,3,0.6666666666666666,0.3084,0.1667,3,0.6666666666666666,0.3084,0.1667,3,0.6666666666666666,0.3501,0.25,3,0.6666666666666666,0.6714,1.0,4,0.6666666666666666,0.7039,1.0,8
xbrl-avgo-2021-restructuring-settlement-and-impairment-provisions-usd-0001730168-21-000153,hybrid,True,tables,0.6666666666666666,0.4162,0.3333,5,0.6666666666666666,0.5307,0.5,8,0.6666666666666666,0.7654,1.0,9,0.6666666666666666,0.7654,1.0,10,0.6666666666666666,0.7654,1.0,10,0.6666666666666666,0.7654,1.0,10,0.6666666666666666,0.7654,1.0,10,0.6666666666666666,0.7654,1.0,11
xbrl-avgo-2021-operating-lease-cost-usd-0001730168-21-000153,bm25,True,both,0.3333333333333333,0.2961,0.5,2,0.3333333333333333,0.2346,0.3333,2,0.3333333333333333,0.2346,0.3333,3,0.3333333333333333,0.2346,0.3333,3,0.3333333333333333,0.2346,0.3333,4,0.3333333333333333,0.2346,0.3333,4,0.3333333333333333,0.2346,0.3333,7,0.3333333333333333,0.1564,0.1429,9
xbrl-avgo-2021-operating-lease-cost-usd-0001730168-21-000153,hybrid,True,both,0.3333333333333333,0.2961,0.5,8,0.3333333333333333,0.2346,0.3333,8,0.3333333333333333,0.2021,0.25,9,0.3333333333333333,0.1564,0.1429,10,0.3333333333333333,0.148,0.125,10,0.3333333333333333,0.148,0.125,10,0.3333333333333333,0.1357,0.1,12,0.3333333333333333,0.1148,0.0625,14
xbrl-avgo-2021-deferred-tax-liabilities-goodwill-and-intangible-assets-usd-0001730168-21-000153,bm25,True,tables,0.0,0.0,0.0,0,1.0,0.256,0.0714,1,1.0,0.301,0.1111,2,1.0,0.301,0.1111,3,1.0,0.5,0.3333,3,1.0,0.6309,0.5,5,1.0,1.0,1.0,6,1.0,1.0,1.0,10
xbrl-avgo-2021-deferred-tax-liabilities-goodwill-and-intangible-assets-usd-0001730168-21-000153,hybrid,True,tables,1.0,0.301,0.1111,2,1.0,0.4307,0.25,6,1.0,0.5,0.3333,9,1.0,1.0,1.0,10,1.0,1.0,1.0,10,1.0,1.0,1.0,11,1.0,1.0,1.0,14,1.0,1.0,1.0,16
xbrl-avgo-2021-deferred-tax-liabilities-deferred-expense-debt-issuance-costs-usd-0001730168-21-000153,bm25,True,both,0.6666666666666666,0.7654,1.0,4,0.6666666666666666,0.7654,1.0,4,0.6666666666666666,0.7039,1.0,4,0.6666666666666666,0.5307,0.5,4,0.6666666666666666,0.5307,0.5,5,0.6666666666666666,0.5307,0.5,5,0.6666666666666666,0.5307,0.5,7,0.6666666666666666,0.3836,0.25,8
xbrl-avgo-2021-deferred-tax-liabilities-deferred-expense-debt-issuance-costs-usd-0001730168-21-000153,hybrid,True,both,0.6666666666666666,0.7654,1.0,5,0.6666666666666666,0.7039,1.0,7,0.6666666666666666,0.4018,0.3333,10,0.6666666666666666,0.3028,0.1667,11,0.6666666666666666,0.2577,0.0909,12,0.6666666666666666,0.2577,0.0909,12,0.6666666666666666,0.2321,0.0667,14,0.0,0.0,0.0,16
xbrl-avgo-2021-finance-lease-liability-to-be-paid-year-four-usd-0001730168-21-000153,bm25,True,both,0.0,0.0,0.0,1,0.0,0.0,0.0,1,0.0,0.0,0.0,2,0.0,0.0,0.0,2,0.0,0.0,0.0,2,0.0,0.0,0.0,3,0.0,0.0,0.0,5,0.0,0.0,0.0,8
xbrl-avgo-2021-finance-lease-liability-to-be-paid-year-four-usd-0001730168-21-000153,hybrid,True,both,0.0,0.0,0.0,4,0.0,0.0,0.0,8,0.0,0.0,0.0,9,0.0,0.0,0.0,10,0.0,0.0,0.0,10,0.0,0.0,0.0,10,0.0,0.0,0.0,10,0.0,0.0,0.0,13
xbrl-avgo-2021-prepaid-expense-current-usd-0001730168-21-000153,bm25,True,both,0.6666666666666666,0.6364,1.0,2,0.6666666666666666,0.7654,1.0,2,0.6666666666666666,0.7654,1.0,2,0.6666666666666666,0.7654,1.0,2,0.6666666666666666,0.7654,1.0,2,0.6666666666666666,0.7654,1.0,2,0.6666666666666666,0.7039,1.0,3,0.6666666666666666,0.7039,1.0,6
xbrl-avgo-2021-prepaid-expense-current-usd-0001730168-21-000153,hybrid,True,both,0.6666666666666666,0.7654,1.0,5,0.6666666666666666,0.7654,1.0,10,0.6666666666666666,0.6508,1.0,10,0.6666666666666666,0.6508,1.0,10,0.6666666666666666,0.6508,1.0,10,0.6666666666666666,0.6508,1.0,10,0.6666666666666666,0.6257,1.0,10,0.6666666666666666,0.6002,1.0,13
xbrl-avgo-2021-deferred-tax-assets-other-usd-0001730168-21-000153,bm25,True,both,0.6666666666666666,0.4193,0.5,3,0.6666666666666666,0.4229,0.5,3,0.6666666666666666,0.427,0.5,3,0.6666666666666666,0.427,0.5,3,0.6666666666666666,0.427,0.5,3,0.6666666666666666,0.3655,0.3333,3,0.6666666666666666,0.3836,0.25,5,0.6666666666666666,0.4162,0.3333,8
xbrl-avgo-2021-deferred-tax-assets-other-usd-0001730168-21-000153,hybrid,True,both,0.6666666666666666,0.3703,0.3333,4,0.6666666666666666,0.3836,0.25,7,0.6666666666666666,0.3501,0.25,8,0.6666666666666666,0.4441,0.5,9,0.6666666666666666,0.4373,0.5,10,0.6666666666666666,0.4373,0.5,10,0.6666666666666666,0.4317,0.5,11,0.6666666666666666,0.427,0.5,11
xbrl-avgo-2022-finance-lease-liability-undiscounted-excess-amount-usd-0001730168-22-000118,bm25,True,prose,0.0,0.0,0.0,5,0.0,0.0,0.0,5,0.0,0.0,0.0,6,0.0,0.0,0.0,6,0.0,0.0,0.0,6,0.0,0.0,0.0,6,0.0,0.0,0.0,6,0.0,0.0,0.0,7
xbrl-avgo-2022-finance-lease-liability-undiscounted-excess-amount-usd-0001730168-22-000118,hybrid,True,prose,0.0,0.0,0.0,6,0.0,0.0,0.0,9,0.0,0.0,0.0,12,0.0,0.0,0.0,12,0.0,0.0,0.0,12,0.0,0.0,0.0,12,0.0,0.0,0.0,13,0.0,0.0,0.0,14
xbrl-avgo-2022-finance-lease-liability-to-be-paid-year-four-usd-0001730168-22-000118,bm25,True,both,0.0,0.0,0.0,1,0.0,0.0,0.0,2,0.0,0.0,0.0,2,0.0,0.0,0.0,2,0.0,0.0,0.0,2,0.0,0.0,0.0,2,0.0,0.0,0.0,4,0.0,0.0,0.0,8
xbrl-avgo-2022-finance-lease-liability-to-be-paid-year-four-usd-0001730168-22-000118,hybrid,True,both,0.0,0.0,0.0,4,0.0,0.0,0.0,7,0.0,0.0,0.0,8,0.0,0.0,0.0,9,0.0,0.0,0.0,9,0.0,0.0,0.0,9,0.0,0.0,0.0,10,0.0,0.0,0.0,13
xbrl-avgo-2022-operating-expenses-usd-0001730168-22-000118,bm25,True,tables,0.0,0.0,0.0,0,0.0,0.0,0.0,1,0.0,0.0,0.0,1,0.0,0.0,0.0,1,0.0,0.0,0.0,1,0.0,0.0,0.0,2,0.5,0.1657,0.0833,4,1.0,0.4218,0.2,7
xbrl-avgo-2022-operating-expenses-usd-0001730168-22-000118,hybrid,True,tables,1.0,0.3415,0.1111,8,1.0,0.403,0.1667,9,1.0,0.4575,0.25,9,1.0,0.5013,0.25,9,1.0,0.5013,0.25,9,1.0,0.5013,0.25,10,1.0,0.5013,0.25,10,1.0,0.525,0.3333,12
xbrl-avgo-2022-common-stock-shares-authorized-shares-0001730168-22-000118,bm25,True,tables,0.5,0.2641,0.25,4,0.5,0.3066,0.3333,5,0.5,0.3066,0.3333,5,0.5,0.3869,0.5,6,0.5,0.6131,1.0,9,0.5,0.6131,1.0,10,0.5,0.6131,1.0,14,0.5,0.6131,1.0,16
xbrl-avgo-2022-common-stock-shares-authorized-shares-0001730168-22-000118,hybrid,True,tables,0.5,0.3869,0.5,7,0.5,0.3869,0.5,14,0.5,0.3869,0.5,15,0.5,0.6131,1.0,15,0.5,0.6131,1.0,16,0.5,0.6131,1.0,16,0.5,0.6131,1.0,16,0.5,0.6131,1.0,16
xbrl-avgo-2022-additional-paid-in-capital-usd-0001730168-22-000118,bm25,True,tables,0.0,0.0,0.0,16,0.0,0.0,0.0,16,0.0,0.0,0.0,16,0.0,0.0,0.0,16,0.0,0.0,0.0,16,0.0,0.0,0.0,16,0.0,0.0,0.0,16,0.0,0.0,0.0,16
xbrl-avgo-2022-additional-paid-in-capital-usd-0001730168-22-000118,hybrid,True,tables,0.5,0.2641,0.25,8,1.0,0.8772,1.0,14,1.0,0.9197,1.0,14,1.0,0.9197,1.0,16,1.0,0.9197,1.0,16,1.0,0.9197,1.0,16,1.0,0.8772,1.0,16,1.0,0.8066,1.0,16
xbrl-avgo-2022-lessee-operating-lease-liability-to-be-paid-usd-0001730168-22-000118,bm25,True,tables,0.0,0.0,0.0,1,0.0,0.0,0.0,1,0.0,0.0,0.0,1,0.0,0.0,0.0,1,0.0,0.0,0.0,1,0.0,0.0,0.0,1,0.0,0.0,0.0,3,0.0,0.0,0.0,7
xbrl-avgo-2022-lessee-operating-lease-liability-to-be-paid-usd-0001730168-22-000118,hybrid,True,tables,1.0,0.2789,0.0909,3,1.0,0.3333,0.1429,6,1.0,0.5,0.3333,8,1.0,0.4307,0.25,9,1.0,0.4307,0.25,9,1.0,0.4307,0.25,9,1.0,0.4307,0.25,9,1.0,0.5,0.3333,11
xbrl-avgo-2022-property-plant-and-equipment-net-usd-0001730168-22-000118,bm25,True,tables,0.6666666666666666,0.4317,0.5,4,0.6666666666666666,0.4441,0.5,4,0.6666666666666666,0.6364,1.0,4,0.6666666666666666,0.6508,1.0,4,0.6666666666666666,0.6714,1.0,4,0.6666666666666666,0.6714,1.0,4,0.6666666666666666,0.7654,1.0,4,0.6666666666666666,0.7654,1.0,6
xbrl-avgo-2022-property-plant-and-equipment-net-usd-0001730168-22-000118,hybrid,True,tables,0.6666666666666666,0.4441,0.5,3,0.6666666666666666,0.4632,0.5,8,0.6666666666666666,0.6714,1.0,10,0.6666666666666666,0.7039,1.0,10,0.6666666666666666,0.7039,1.0,11,0.6666666666666666,0.7039,1.0,11,0.6666666666666666,0.7039,1.0,13,0.6666666666666666,0.7039,1.0,15
xbrl-avgo-2022-deferred-tax-liabilities-gross-usd-0001730168-22-000118,bm25,True,tables,1.0,0.3562,0.1667,2,1.0,0.3869,0.2,3,1.0,0.3869,0.2,3,1.0,0.4307,0.25,3,1.0,0.5,0.3333,3,1.0,0.6309,0.5,3,1.0,0.6309,0.5,5,1.0,0.6309,0.5,9
xbrl-avgo-2022-deferred-tax-liabilities-gross-usd-0001730168-22-000118,hybrid,True,tables,1.0,0.3155,0.125,5,1.0,0.5,0.3333,8,1.0,0.6309,0.5,9,1.0,0.6309,0.5,10,1.0,0.6309,0.5,10,1.0,0.6309,0.5,10,1.0,0.5,0.3333,12,1.0,0.5,0.3333,16
xbrl-avgo-2022-liabilities-current-usd-0001730168-22-000118,bm25,True,tables,1.0,0.2891,0.1,3,1.0,0.3155,0.125,5,1.0,0.3333,0.1429,6,1.0,0.3562,0.1667,7,1.0,0.3562,0.1667,7,1.0,0.4307,0.25,7,1.0,0.5,0.3333,8,1.0,1.0,1.0,13
xbrl-avgo-2022-liabilities-current-usd-0001730168-22-000118,hybrid,True,tables,1.0,0.3333,0.1429,5,1.0,0.5,0.3333,11,1.0,0.6309,0.5,11,1.0,0.6309,0.5,11,1.0,0.6309,0.5,11,1.0,0.6309,0.5,12,1.0,0.6309,0.5,14,1.0,0.6309,0.5,16
xbrl-avgo-2022-finite-lived-intangible-asset-expected-amortization-year-four-usd-0001730168-22-000118,bm25,True,tables,0.0,0.0,0.0,1,1.0,0.2447,0.0625,2,1.0,0.256,0.0714,2,1.0,0.2626,0.0769,2,1.0,0.2702,0.0833,2,1.0,0.2789,0.0909,2,1.0,0.301,0.1111,6,1.0,0.3869,0.2,9
xbrl-avgo-2022-finite-lived-intangible-asset-expected-amortization-year-four-usd-0001730168-22-000118,hybrid,True,tables,1.0,0.3155,0.125,3,1.0,0.3869,0.2,6,1.0,0.3869,0.2,8,1.0,0.4307,0.25,10,1.0,0.6309,0.5,11,1.0,0.6309,0.5,11,1.0,0.6309,0.5,12,1.0,0.6309,0.5,12
xbrl-avgo-2022-contract-with-customer-asset-after-allowance-for-credit-loss-usd-0001730168-22-000118,bm25,True,tables,0.0,0.0,0.0,0,0.0,0.0,0.0,0,0.0,0.0,0.0,0,0.0,0.0,0.0,0,0.0,0.0,0.0,0,0.0,0.0,0.0,0,0.0,0.0,0.0,1,0.0,0.0,0.0,6
xbrl-avgo-2022-contract-with-customer-asset-after-allowance-for-credit-loss-usd-0001730168-22-000118,hybrid,True,tables,0.0,0.0,0.0,1,0.5,0.1533,0.0667,3,0.5,0.2044,0.1429,7,0.5,0.2372,0.2,9,0.5,0.2372,0.2,9,0.5,0.2372,0.2,9,0.5,0.2044,0.1429,9,1.0,0.5803,0.5,12
xbrl-avgo-2022-common-stock-shares-issued-shares-0001730168-22-000118,bm25,True,tables,0.5,0.171,0.0909,8,0.5,0.1846,0.1111,8,0.5,0.1846,0.1111,8,0.5,0.2044,0.1429,8,0.5,0.2184,0.1667,10,0.5,0.2184,0.1667,10,0.5,0.2372,0.2,14,0.5,0.2372,0.2,16
xbrl-avgo-2022-common-stock-shares-issued-shares-0001730168-22-000118,hybrid,True,tables,1.0,0.4676,0.3333,11,1.0,0.5641,0.5,15,1.0,0.5641,0.5,15,1.0,0.7904,1.0,15,1.0,0.7904,1.0,16,1.0,0.7977,1.0,16,1.0,0.7904,1.0,16,1.0,0.7904,1.0,16
xbrl-avgo-2022-other-commitment-to-be-paid-year-four-usd-0001730168-22-000118,bm25,True,both,0.0,0.0,0.0,0,0.0,0.0,0.0,0,0.0,0.0,0.0,0,0.0,0.0,0.0,1,0.0,0.0,0.0,1,0.0,0.0,0.0,1,0.0,0.0,0.0,3,0.0,0.0,0.0,9
xbrl-avgo-2022-other-commitment-to-be-paid-year-four-usd-0001730168-22-000118,hybrid,True,both,1.0,0.5438,0.5,4,0.5,0.1846,0.1111,6,0.5,0.1846,0.1111,7,0.5,0.2044,0.1429,8,0.5,0.2044,0.1429,8,0.5,0.2044,0.1429,8,0.5,0.1934,0.125,9,0.5,0.1772,0.1,13
xbrl-avgo-2022-unrecognized-tax-benefits-usd-0001730168-22-000118,bm25,True,both,0.5,0.2641,0.25,2,0.5,0.2372,0.2,2,0.5,0.2372,0.2,2,0.5,0.2372,0.2,2,0.5,0.2372,0.2,2,0.5,0.2184,0.1667,3,0.5,0.2184,0.1667,5,0.5,0.2184,0.1667,7
xbrl-avgo-2022-unrecognized-tax-benefits-usd-0001730168-22-000118,hybrid,True,both,0.0,0.0,0.0,5,0.5,0.161,0.0769,7,0.5,0.1657,0.0833,8,0.5,0.171,0.0909,9,0.5,0.171,0.0909,9,0.5,0.1657,0.0833,10,0.5,0.1657,0.0833,10,0.5,0.15,0.0625,12
xbrl-avgo-2022-lessee-operating-lease-liability-to-be-paid-after-year-five-usd-0001730168-22-000118,bm25,True,tables,0.0,0.0,0.0,1,0.0,0.0,0.0,1,0.0,0.0,0.0,1,0.0,0.0,0.0,1,0.0,0.0,0.0,1,0.0,0.0,0.0,2,0.0,0.0,0.0,3,0.0,0.0,0.0,7
xbrl-avgo-2022-lessee-operating-lease-liability-to-be-paid-after-year-five-usd-0001730168-22-000118,hybrid,True,tables,0.0,0.0,0.0,2,0.5,0.171,0.0909,5,0.5,0.1934,0.125,8,0.5,0.2044,0.1429,9,0.5,0.2044,0.1429,9,0.5,0.2044,0.1429,9,0.5,0.2044,0.1429,10,0.5,0.2044,0.1429,14
xbrl-avgo-2022-operating-lease-payments-usd-0001730168-22-000118,bm25,True,tables,0.5,0.2641,0.25,2,0.5,0.3066,0.3333,2,0.5,0.3066,0.3333,2,0.5,0.3066,0.3333,2,0.5,0.3066,0.3333,2,0.5,0.3066,0.3333,3,0.5,0.6131,1.0,4,0.5,0.6131,1.0,6
xbrl-avgo-2022-operating-lease-payments-usd-0001730168-22-000118,hybrid,True,tables,0.5,0.3869,0.5,5,0.5,0.6131,1.0,7,0.5,0.6131,1.0,10,0.5,0.6131,1.0,10,0.5,0.6131,1.0,10,0.5,0.6131,1.0,10,0.5,0.6131,1.0,11,0.5,0.6131,1.0,13
xbrl-avgo-2022-gain-loss-on-investments-usd-0001730168-22-000118,bm25,True,both,0.3333333333333333,0.1564,0.1429,3,0.3333333333333333,0.1564,0.1429,3,0.3333333333333333,0.1564,0.1429,3,0.3333333333333333,0.1564,0.1429,6,0.3333333333333333,0.1564,0.1429,6,0.3333333333333333,0.1564,0.1429,6,0.3333333333333333,0.1309,0.0909,7,0.0,0.0,0.0,13
xbrl-avgo-2022-gain-loss-on-investments-usd-0001730168-22-000118,hybrid,True,both,0.3333333333333333,0.1672,0.1667,5,0.3333333333333333,0.1564,0.1429,9,0.3333333333333333,0.1233,0.0769,10,0.3333333333333333,0.1201,0.0714,10,0.3333333333333333,0.1201,0.0714,11,0.3333333333333333,0.1148,0.0625,12,0.0,0.0,0.0,15,0.0,0.0,0.0,16
xbrl-avgo-2022-interest-expense-usd-0001730168-22-000118,bm25,True,both,1.0,0.7788,1.0,1,1.0,0.7977,1.0,1,1.0,0.7977,1.0,2,1.0,0.8175,1.0,2,1.0,0.8772,1.0,2,1.0,0.9197,1.0,2,1.0,1.0,1.0,5,1.0,0.9197,1.0,6
xbrl-avgo-2022-interest-expense-usd-0001730168-22-000118,hybrid,True,both,1.0,0.4298,0.25,5,1.0,0.4685,0.25,8,1.0,0.5013,0.25,9,1.0,0.5013,0.25,9,1.0,0.5438,0.3333,9,1.0,0.5013,0.25,9,1.0,0.4825,0.25,10,1.0,0.4251,0.25,15
xbrl-avgo-2022-other-assets-noncurrent-usd-0001730168-22-000118,bm25,True,tables,0.0,0.0,0.0,0,0.0,0.0,0.0,0,0.0,0.0,0.0,0,0.0,0.0,0.0,0,0.0,0.0,0.0,1,0.0,0.0,0.0,1,0.0,0.0,0.0,2,0.0,0.0,0.0,4
xbrl-avgo-2022-other-assets-noncurrent-usd-0001730168-22-000118,hybrid,True,tables,0.0,0.0,0.0,1,0.0,0.0,0.0,6,0.0,0.0,0.0,7,0.0,0.0,0.0,8,0.0,0.0,0.0,8,0.0,0.0,0.0,8,1.0,1.0,1.0,10,1.0,0.6309,0.5,12
xbrl-avgo-2022-research-and-development-expense-usd-0001730168-22-000118,bm25,True,tables,0.0,0.0,0.0,1,0.0,0.0,0.0,1,0.0,0.0,0.0,1,0.0,0.0,0.0,2,0.0,0.0,0.0,3,0.0,0.0,0.0,3,1.0,0.3591,0.125,6,1.0,0.4228,0.1667,7
xbrl-avgo-2022-research-and-development-expense-usd-0001730168-22-000118,hybrid,True,tables,1.0,0.4118,0.1667,4,1.0,0.4825,0.25,8,1.0,0.5706,0.3333,8,1.0,0.6934,0.5,8,1.0,0.6934,0.5,9,1.0,0.6934,0.5,9,1.0,0.6934,0.5,11,1.0,0.6934,0.5,13
xbrl-avgo-2023-deferred-federal-income-tax-expense-benefit-usd-0001730168-23-000096,bm25,True,prose,1.0,0.8348,1.0,3,1.0,0.8307,1.0,3,1.0,0.654,0.5,5,1.0,0.648,0.5,5,1.0,0.648,0.5,5,1.0,0.648,0.5,5,0.6666666666666666,0.4776,0.5,7,0.6666666666666666,0.3152,0.1667,8
xbrl-avgo-2023-deferred-federal-income-tax-expense-benefit-usd-0001730168-23-000096,hybrid,True,prose,1.0,0.7989,1.0,5,1.0,0.7414,1.0,7,1.0,0.5367,0.5,8,0.6666666666666666,0.3084,0.2,9,0.6666666666666666,0.2837,0.125,9,0.6666666666666666,0.2666,0.1,10,0.6666666666666666,0.2666,0.1,11,0.0,0.0,0.0,16
xbrl-avgo-2023-other-commitment-usd-0001730168-23-000096,bm25,True,tables,0.0,0.0,0.0,0,0.0,0.0,0.0,0,0.0,0.0,0.0,0,0.0,0.0,0.0,0,0.0,0.0,0.0,0,0.0,0.0,0.0,0,0.0,0.0,0.0,1,0.0,0.0,0.0,5
xbrl-avgo-2023-other-commitment-usd-0001730168-23-000096,hybrid,True,tables,0.0,0.0,0.0,2,0.0,0.0,0.0,6,1.0,0.2447,0.0625,8,1.0,0.2447,0.0625,8,0.0,0.0,0.0,8,0.0,0.0,0.0,8,0.0,0.0,0.0,9,0.0,0.0,0.0,13
xbrl-avgo-2023-land-usd-0001730168-23-000096,bm25,True,both,0.3333333333333333,0.2021,0.25,2,0.3333333333333333,0.2021,0.25,2,0.3333333333333333,0.4693,1.0,2,0.3333333333333333,0.4693,1.0,2,0.3333333333333333,0.4693,1.0,2,0.3333333333333333,0.4693,1.0,2,0.3333333333333333,0.4693,1.0,3,0.3333333333333333,0.4693,1.0,7
xbrl-avgo-2023-land-usd-0001730168-23-000096,hybrid,True,both,0.3333333333333333,0.2961,0.5,4,0.6666666666666666,0.6049,1.0,9,0.6666666666666666,0.6173,1.0,11,0.6666666666666666,0.6105,1.0,11,0.6666666666666666,0.6049,1.0,11,0.6666666666666666,0.6105,1.0,11,0.6666666666666666,0.6002,1.0,12,0.6666666666666666,0.5925,1.0,15
xbrl-avgo-2023-other-assets-miscellaneous-current-usd-0001730168-23-000096,bm25,True,tables,0.0,0.0,0.0,1,0.0,0.0,0.0,1,0.0,0.0,0.0,1,0.0,0.0,0.0,2,0.0,0.0,0.0,2,0.0,0.0,0.0,3,1.0,0.2702,0.0833,7,1.0,0.3155,0.125,10
xbrl-avgo-2023-other-assets-miscellaneous-current-usd-0001730168-23-000096,hybrid,True,tables,0.0,0.0,0.0,3,0.0,0.0,0.0,9,0.0,0.0,0.0,9,0.0,0.0,0.0,10,0.0,0.0,0.0,11,0.0,0.0,0.0,11,0.0,0.0,0.0,12,0.0,0.0,0.0,16
xbrl-avgo-2023-deferred-tax-assets-tax-deferred-expense-compensation-and-benefits-share-based-compensation-cost-usd-0001730168-23-000096,bm25,True,tables,1.0,0.2702,0.0833,3,1.0,0.3155,0.125,3,1.0,0.3562,0.1667,3,1.0,0.3869,0.2,4,1.0,0.4307,0.25,4,1.0,0.4307,0.25,5,1.0,0.5,0.3333,7,1.0,0.5,0.3333,9
xbrl-avgo-2023-deferred-tax-assets-tax-deferred-expense-compensation-and-benefits-share-based-compensation-cost-usd-0001730168-23-000096,hybrid,True,tables,1.0,0.3155,0.125,3,1.0,0.3562,0.1667,6,1.0,0.5,0.3333,10,1.0,0.5,0.3333,12,1.0,0.5,0.3333,12,1.0,0.5,0.3333,12,1.0,0.5,0.3333,14,1.0,0.5,0.3333,16
xbrl-avgo-2023-long-term-debt-maturity-year-three-usd-0001730168-23-000096,bm25,True,tables,0.0,0.0,0.0,4,0.0,0.0,0.0,4,0.0,0.0,0.0,5,0.0,0.0,0.0,5,0.0,0.0,0.0,6,0.0,0.0,0.0,7,0.0,0.0,0.0,8,0.0,0.0,0.0,11
xbrl-avgo-2023-long-term-debt-maturity-year-three-usd-0001730168-23-000096,hybrid,True,tables,0.0,0.0,0.0,5,0.0,0.0,0.0,11,0.0,0.0,0.0,12,0.0,0.0,0.0,12,0.0,0.0,0.0,12,0.0,0.0,0.0,13,0.0,0.0,0.0,14,0.0,0.0,0.0,16
xbrl-avgo-2023-deferred-tax-liability-not-recognized-amount-of-unrecognized-deferred-tax-liability-undistributed-earnings-of-foreign-subsidiaries-usd-0001730168-23-000096,bm25,True,prose,1.0,1.0,1.0,1,1.0,1.0,1.0,2,1.0,1.0,1.0,2,1.0,1.0,1.0,2,1.0,1.0,1.0,3,1.0,1.0,1.0,3,1.0,1.0,1.0,5,1.0,0.6309,0.5,9
xbrl-avgo-2023-deferred-tax-liability-not-recognized-amount-of-unrecognized-deferred-tax-liability-undistributed-earnings-of-foreign-subsidiaries-usd-0001730168-23-000096,hybrid,True,prose,1.0,1.0,1.0,3,1.0,1.0,1.0,5,1.0,1.0,1.0,8,1.0,0.6309,0.5,10,1.0,0.2891,0.1,11,1.0,0.2789,0.0909,11,1.0,0.25,0.0667,14,0.0,0.0,0.0,16
xbrl-avgo-2023-payments-to-acquire-businesses-net-of-cash-acquired-usd-0001730168-23-000096,bm25,True,both,0.0,0.0,0.0,2,0.0,0.0,0.0,2,0.0,0.0,0.0,2,0.0,0.0,0.0,2,0.0,0.0,0.0,2,0.0,0.0,0.0,4,0.0,0.0,0.0,6,0.0,0.0,0.0,11
xbrl-avgo-2023-payments-to-acquire-businesses-net-of-cash-acquired-usd-0001730168-23-000096,hybrid,True,both,0.0,0.0,0.0,2,0.0,0.0,0.0,4,0.0,0.0,0.0,9,0.0,0.0,0.0,11,0.0,0.0,0.0,11,0.0,0.0,0.0,11,0.0,0.0,0.0,12,0.0,0.0,0.0,14
xbrl-avgo-2023-proceeds-from-issuance-of-common-stock-usd-0001730168-23-000096,bm25,True,tables,0.3333333333333333,0.1672,0.1667,2,0.3333333333333333,0.2021,0.25,2,0.3333333333333333,0.2021,0.25,2,0.3333333333333333,0.2021,0.25,5,0.3333333333333333,0.2346,0.3333,5,0.3333333333333333,0.2961,0.5,5,0.3333333333333333,0.4693,1.0,9,0.6666666666666666,0.6002,1.0,15
xbrl-avgo-2023-proceeds-from-issuance-of-common-stock-usd-0001730168-23-000096,hybrid,True,tables,0.3333333333333333,0.2346,0.3333,2,0.3333333333333333,0.4693,1.0,6,0.3333333333333333,0.4693,1.0,8,0.3333333333333333,0.4693,1.0,9,0.3333333333333333,0.4693,1.0,10,0.3333333333333333,0.4693,1.0,10,0.3333333333333333,0.4693,1.0,13,0.6666666666666666,0.6257,1.0,16
xbrl-avgo-2023-common-stock-shares-outstanding-shares-0001730168-23-000096,bm25,True,tables,0.0,0.0,0.0,3,0.0,0.0,0.0,5,0.0,0.0,0.0,5,0.0,0.0,0.0,5,0.5,0.161,0.0769,6,0.5,0.1657,0.0833,7,0.5,0.1846,0.1111,12,0.5,0.2184,0.1667,16
xbrl-avgo-2023-common-stock-shares-outstanding-shares-0001730168-23-000096,hybrid,True,tables,1.0,0.319,0.0833,6,1.0,0.4141,0.25,12,1.0,0.421,0.25,15,1.0,0.4676,0.3333,15,1.0,0.4676,0.3333,15,1.0,0.4676,0.3333,15,1.0,0.4635,0.3333,16,1.0,0.4635,0.3333,16
xbrl-avgo-2023-other-commitment-to-be-paid-year-three-usd-0001730168-23-000096,bm25,True,both,0.0,0.0,0.0,1,0.0,0.0,0.0,1,0.0,0.0,0.0,2,0.0,0.0,0.0,2,0.0,0.0,0.0,3,0.0,0.0,0.0,3,0.0,0.0,0.0,4,0.0,0.0,0.0,12
xbrl-avgo-2023-other-commitment-to-be-paid-year-three-usd-0001730168-23-000096,hybrid,True,both,0.5,0.2184,0.1667,2,0.5,0.2372,0.2,7,0.5,0.2184,0.1667,9,0.5,0.2184,0.1667,10,0.5,0.2184,0.1667,10,0.5,0.2184,0.1667,10,0.5,0.2184,0.1667,12,0.5,0.1846,0.1111,14
xbrl-avgo-2023-finite-lived-intangible-assets-net-usd-0001730168-23-000096,bm25,True,tables,0.0,0.0,0.0,1,0.0,0.0,0.0,2,0.0,0.0,0.0,2,0.0,0.0,0.0,2,0.0,0.0,0.0,2,0.0,0.0,0.0,3,0.5,0.15,0.0625,7,0.5,0.1772,0.1,9
xbrl-avgo-2023-finite-lived-intangible-assets-net-usd-0001730168-23-000096,hybrid,True,tables,0.0,0.0,0.0,2,0.0,0.0,0.0,6,0.0,0.0,0.0,9,0.5,0.1934,0.125,12,0.5,0.1934,0.125,12,0.5,0.1934,0.125,12,0.5,0.1772,0.1,14,0.5,0.1772,0.1,16
xbrl-avgo-2023-accumulated-other-comprehensive-income-loss-net-of-tax-usd-0001730168-23-000096,bm25,True,both,0.0,0.0,0.0,12,0.0,0.0,0.0,12,0.0,0.0,0.0,13,0.0,0.0,0.0,14,0.0,0.0,0.0,15,0.0,0.0,0.0,15,0.0,0.0,0.0,16,0.0,0.0,0.0,16
xbrl-avgo-2023-accumulated-other-comprehensive-income-loss-net-of-tax-usd-0001730168-23-000096,hybrid,True,both,0.0,0.0,0.0,4,0.0,0.0,0.0,8,0.0,0.0,0.0,14,0.0,0.0,0.0,14,0.0,0.0,0.0,15,0.0,0.0,0.0,16,0.0,0.0,0.0,16,0.0,0.0,0.0,16
xbrl-avgo-2023-payments-to-acquire-investments-usd-0001730168-23-000096,bm25,True,tables,0.0,0.0,0.0,0,0.0,0.0,0.0,0,0.0,0.0,0.0,0,1.0,0.2702,0.0833,1,1.0,0.2891,0.1,1,1.0,0.3155,0.125,1,1.0,0.5,0.3333,1,1.0,0.6309,0.5,3
xbrl-avgo-2023-payments-to-acquire-investments-usd-0001730168-23-000096,hybrid,True,tables,0.0,0.0,0.0,0,1.0,0.3869,0.2,6,1.0,1.0,1.0,8,1.0,1.0,1.0,8,1.0,1.0,1.0,8,1.0,1.0,1.0,9,1.0,0.6309,0.5,9,1.0,0.5,0.3333,10
xbrl-avgo-2023-share-based-payment-arrangement-nonvested-award-cost-not-yet-recognized-amount-usd-0001730168-23-000096,bm25,True,both,0.5,0.3869,0.5,1,0.5,0.3869,0.5,1,0.5,0.3869,0.5,2,0.5,0.3869,0.5,2,0.5,0.3869,0.5,2,0.5,0.3869,0.5,2,0.5,0.3066,0.3333,5,0.5,0.2184,0.1667,9
xbrl-avgo-2023-share-based-payment-arrangement-nonvested-award-cost-not-yet-recognized-amount-usd-0001730168-23-000096,hybrid,True,both,0.5,0.6131,1.0,3,0.5,0.2184,0.1667,7,1.0,0.3415,0.1111,9,1.0,0.3591,0.125,9,1.0,0.3456,0.1111,9,1.0,0.3456,0.1111,9,1.0,0.328,0.0909,11,1.0,0.3033,0.0667,14
xbrl-avgo-2023-retained-earnings-accumulated-deficit-usd-0001730168-23-000096,bm25,True,tables,0.0,0.0,0.0,16,0.0,0.0,0.0,16,0.0,0.0,0.0,16,0.0,0.0,0.0,16,0.0,0.0,0.0,16,0.0,0.0,0.0,16,0.0,0.0,0.0,16,0.0,0.0,0.0,16
xbrl-avgo-2023-retained-earnings-accumulated-deficit-usd-0001730168-23-000096,hybrid,True,tables,0.5,0.3869,0.5,10,1.0,0.9197,1.0,15,1.0,1.0,1.0,16,1.0,1.0,1.0,16,1.0,1.0,1.0,16,1.0,1.0,1.0,16,1.0,0.8772,1.0,16,1.0,0.8316,1.0,16
xbrl-avgo-2023-long-term-debt-maturity-year-five-usd-0001730168-23-000096,bm25,True,tables,0.0,0.0,0.0,3,0.0,0.0,0.0,4,0.0,0.0,0.0,5,0.0,0.0,0.0,5,0.0,0.0,0.0,6,0.0,0.0,0.0,7,0.0,0.0,0.0,8,0.0,0.0,0.0,12
xbrl-avgo-2023-long-term-debt-maturity-year-five-usd-0001730168-23-000096,hybrid,True,tables,0.0,0.0,0.0,5,0.0,0.0,0.0,11,0.0,0.0,0.0,12,0.0,0.0,0.0,13,0.0,0.0,0.0,13,0.0,0.0,0.0,14,0.0,0.0,0.0,14,0.0,0.0,0.0,16
xbrl-avgo-2023-other-commitment-to-be-paid-year-two-usd-0001730168-23-000096,bm25,True,tables,0.0,0.0,0.0,0,0.0,0.0,0.0,1,0.0,0.0,0.0,2,0.0,0.0,0.0,2,0.0,0.0,0.0,3,0.0,0.0,0.0,3,0.0,0.0,0.0,4,0.0,0.0,0.0,13
xbrl-avgo-2023-other-commitment-to-be-paid-year-two-usd-0001730168-23-000096,hybrid,True,tables,1.0,0.2626,0.0769,4,1.0,0.3869,0.2,8,1.0,0.3562,0.1667,9,1.0,0.3562,0.1667,10,1.0,0.3562,0.1667,10,1.0,0.3562,0.1667,10,1.0,0.3869,0.2,11,1.0,0.301,0.1111,14
xbrl-avgo-2023-other-assets-current-usd-0001730168-23-000096,bm25,True,both,0.3333333333333333,0.1233,0.0769,1,0.3333333333333333,0.1357,0.1,1,0.3333333333333333,0.1564,0.1429,1,0.3333333333333333,0.1815,0.2,2,0.3333333333333333,0.2021,0.25,3,0.3333333333333333,0.2961,0.5,4,0.6666666666666666,0.4317,0.5,7,0.6666666666666666,0.6257,1.0,10
xbrl-avgo-2023-other-assets-current-usd-0001730168-23-000096,hybrid,True,both,0.3333333333333333,0.1815,0.2,3,0.3333333333333333,0.4693,1.0,9,0.3333333333333333,0.4693,1.0,10,0.3333333333333333,0.4693,1.0,11,0.3333333333333333,0.4693,1.0,11,0.3333333333333333,0.4693,1.0,11,0.3333333333333333,0.4693,1.0,13,0.3333333333333333,0.4693,1.0,16
xbrl-avgo-2023-net-income-loss-including-portion-attributable-to-noncontrolling-interest-usd-0001730168-23-000096,bm25,True,tables,0.3333333333333333,0.2346,0.3333,2,0.3333333333333333,0.2961,0.5,2,0.3333333333333333,0.4693,1.0,3,0.3333333333333333,0.4693,1.0,3,0.3333333333333333,0.4693,1.0,3,0.3333333333333333,0.4693,1.0,3,0.3333333333333333,0.4693,1.0,4,0.6666666666666666,0.6173,1.0,10
xbrl-avgo-2023-net-income-loss-including-portion-attributable-to-noncontrolling-interest-usd-0001730168-23-000096,hybrid,True,tables,0.3333333333333333,0.2021,0.25,2,0.3333333333333333,0.2961,0.5,7,0.3333333333333333,0.2961,0.5,10,0.3333333333333333,0.2961,0.5,10,0.3333333333333333,0.2961,0.5,10,0.6666666666666666,0.4776,0.5,11,1.0,0.5582,0.3333,12,1.0,0.5498,0.3333,14
xbrl-avgo-2024-assets-usd-0001730168-24-000139,bm25,True,tables,0.0,0.0,0.0,0,0.0,0.0,0.0,1,0.0,0.0,0.0,2,0.0,0.0,0.0,2,0.0,0.0,0.0,2,0.0,0.0,0.0,2,0.0,0.0,0.0,3,0.0,0.0,0.0,4
xbrl-avgo-2024-assets-usd-0001730168-24-000139,hybrid,True,tables,0.0,0.0,0.0,2,0.0,0.0,0.0,9,0.0,0.0,0.0,10,0.0,0.0,0.0,10,0.0,0.0,0.0,10,0.0,0.0,0.0,10,0.0,0.0,0.0,11,0.5,0.2044,0.1429,14
xbrl-avgo-2024-selling-general-and-administrative-expense-usd-0001730168-24-000139,bm25,True,tables,1.0,0.3645,0.125,3,1.0,0.3978,0.1429,3,1.0,0.3978,0.1429,3,1.0,0.4556,0.2,3,1.0,0.4556,0.2,3,1.0,0.4556,0.2,3,1.0,0.5013,0.25,3,1.0,0.6934,0.5,8
xbrl-avgo-2024-selling-general-and-administrative-expense-usd-0001730168-24-000139,hybrid,True,tables,1.0,0.511,0.3333,3,1.0,0.5706,0.3333,8,1.0,0.5706,0.3333,9,1.0,0.6934,0.5,11,1.0,0.6934,0.5,11,1.0,0.6934,0.5,11,1.0,0.6934,0.5,11,1.0,0.6934,0.5,13
xbrl-avgo-2024-operating-lease-liability-usd-0001730168-24-000139,bm25,True,both,0.0,0.0,0.0,2,0.0,0.0,0.0,2,0.0,0.0,0.0,2,0.0,0.0,0.0,2,0.3333333333333333,0.1148,0.0625,3,0.3333333333333333,0.1201,0.0714,3,0.3333333333333333,0.1564,0.1429,4,0.3333333333333333,0.1815,0.2,7
xbrl-avgo-2024-operating-lease-liability-usd-0001730168-24-000139,hybrid,True,both,0.3333333333333333,0.1672,0.1667,5,0.3333333333333333,0.1815,0.2,7,0.3333333333333333,0.2021,0.25,9,0.3333333333333333,0.2961,0.5,10,0.3333333333333333,0.2961,0.5,10,0.3333333333333333,0.2961,0.5,10,0.3333333333333333,0.2961,0.5,11,0.3333333333333333,0.2961,0.5,13
xbrl-avgo-2024-research-and-development-expense-usd-0001730168-24-000139,bm25,True,tables,0.0,0.0,0.0,1,0.0,0.0,0.0,1,0.0,0.0,0.0,1,0.0,0.0,0.0,1,0.0,0.0,0.0,1,0.0,0.0,0.0,2,1.0,0.3102,0.0714,6,1.0,0.3978,0.1429,8
xbrl-avgo-2024-research-and-development-expense-usd-0001730168-24-000139,hybrid,True,tables,1.0,0.3591,0.125,5,1.0,0.6934,0.5,8,1.0,0.6934,0.5,9,1.0,0.6934,0.5,9,1.0,0.6934,0.5,9,1.0,0.6934,0.5,10,1.0,0.6934,0.5,12,1.0,0.6934,0.5,13
xbrl-avgo-2024-net-income-loss-from-discontinued-operations-available-to-common-shareholders-basic-usd-0001730168-24-000139,bm25,True,both,0.6666666666666666,0.7039,1.0,6,0.6666666666666666,0.6508,1.0,6,0.6666666666666666,0.6508,1.0,6,0.6666666666666666,0.4776,0.5,6,0.6666666666666666,0.3693,0.25,6,0.6666666666666666,0.3693,0.25,6,0.6666666666666666,0.338,0.2,9,0.6666666666666666,0.3045,0.1429,12
xbrl-avgo-2024-net-income-loss-from-discontinued-operations-available-to-common-shareholders-basic-usd-0001730168-24-000139,hybrid,True,both,0.6666666666666666,0.338,0.2,7,0.6666666666666666,0.2921,0.1429,10,0.6666666666666666,0.2577,0.0909,12,0.6666666666666666,0.2666,0.1,12,0.6666666666666666,0.2666,0.1,12,0.6666666666666666,0.2666,0.1,12,0.6666666666666666,0.2434,0.0769,14,0.0,0.0,0.0,16
xbrl-avgo-2024-net-cash-provided-by-used-in-operating-activities-usd-0001730168-24-000139,bm25,True,both,0.6666666666666666,0.4525,0.5,5,0.6666666666666666,0.4632,0.5,5,0.6666666666666666,0.4982,0.5,6,0.6666666666666666,0.4982,0.5,6,0.6666666666666666,0.6714,1.0,6,0.6666666666666666,0.6714,1.0,6,0.6666666666666666,0.6714,1.0,7,0.6666666666666666,0.7039,1.0,11
xbrl-avgo-2024-net-cash-provided-by-used-in-operating-activities-usd-0001730168-24-000139,hybrid,True,both,0.6666666666666666,0.4982,0.5,7,0.6666666666666666,0.4982,0.5,11,0.6666666666666666,0.7039,1.0,11,0.6666666666666666,0.7039,1.0,12,0.6666666666666666,0.7039,1.0,12,0.6666666666666666,0.7039,1.0,12,0.6666666666666666,0.7039,1.0,14,0.6666666666666666,0.7039,1.0,16
xbrl-avgo-2024-other-assets-noncurrent-usd-0001730168-24-000139,bm25,True,tables,0.0,0.0,0.0,0,0.0,0.0,0.0,1,0.0,0.0,0.0,1,0.0,0.0,0.0,2,0.0,0.0,0.0,2,0.0,0.0,0.0,2,0.0,0.0,0.0,3,0.0,0.0,0.0,4
xbrl-avgo-2024-other-assets-noncurrent-usd-0001730168-24-000139,hybrid,True,tables,0.0,0.0,0.0,1,1.0,0.2447,0.0625,8,1.0,0.25,0.0667,8,1.0,0.25,0.0667,8,1.0,0.25,0.0667,8,1.0,0.256,0.0714,9,1.0,0.25,0.0667,10,1.0,0.5,0.3333,13
xbrl-avgo-2024-payments-of-dividends-usd-0001730168-24-000139,bm25,True,both,0.3333333333333333,0.2961,0.5,1,0.3333333333333333,0.2961,0.5,1,0.3333333333333333,0.2961,0.5,1,0.3333333333333333,0.2961,0.5,1,0.3333333333333333,0.4693,1.0,1,0.3333333333333333,0.4693,1.0,1,0.3333333333333333,0.4693,1.0,9,0.6666666666666666,0.5925,1.0,14
xbrl-avgo-2024-payments-of-dividends-usd-0001730168-24-000139,hybrid,True,both,1.0,0.7317,1.0,3,0.6666666666666666,0.6364,1.0,7,0.6666666666666666,0.6364,1.0,9,0.6666666666666666,0.7654,1.0,10,0.6666666666666666,0.7654,1.0,10,0.6666666666666666,0.7654,1.0,10,0.6666666666666666,0.7654,1.0,12,0.6666666666666666,0.7654,1.0,15
xbrl-avgo-2024-payments-to-acquire-property-plant-and-equipment-usd-0001730168-24-000139,bm25,True,tables,1.0,0.2789,0.0909,3,1.0,0.2891,0.1,3,1.0,0.3333,0.1429,4,1.0,0.3869,0.2,4,1.0,0.5,0.3333,4,1.0,0.5,0.3333,5,1.0,0.5,0.3333,5,1.0,0.6309,0.5,6
xbrl-avgo-2024-payments-to-acquire-property-plant-and-equipment-usd-0001730168-24-000139,hybrid,True,tables,0.0,0.0,0.0,2,1.0,0.3869,0.2,6,1.0,0.5,0.3333,9,1.0,0.5,0.3333,11,1.0,0.5,0.3333,11,1.0,0.5,0.3333,11,1.0,0.5,0.3333,12,1.0,0.5,0.3333,14
xbrl-avgo-2024-intangible-assets-gross-excluding-goodwill-usd-0001730168-24-000139,bm25,True,tables,0.0,0.0,0.0,2,0.0,0.0,0.0,3,0.0,0.0,0.0,4,0.0,0.0,0.0,4,1.0,0.25,0.0667,5,1.0,0.256,0.0714,5,1.0,0.2891,0.1,7,1.0,0.3562,0.1667,10
xbrl-avgo-2024-intangible-assets-gross-excluding-goodwill-usd-0001730168-24-000139,hybrid,True,tables,0.0,0.0,0.0,4,1.0,0.2789,0.0909,9,1.0,0.3869,0.2,11,1.0,0.3869,0.2,12,1.0,0.3562,0.1667,12,1.0,0.3869,0.2,12,1.0,0.3562,0.1667,15,1.0,0.3333,0.1429,16
xbrl-avgo-2024-other-liabilities-noncurrent-usd-0001730168-24-000139,bm25,True,tables,0.0,0.0,0.0,1,0.0,0.0,0.0,2,0.0,0.0,0.0,2,0.0,0.0,0.0,2,0.0,0.0,0.0,2,0.0,0.0,0.0,2,0.0,0.0,0.0,2,1.0,0.3591,0.125,8
xbrl-avgo-2024-other-liabilities-noncurrent-usd-0001730168-24-000139,hybrid,True,tables,0.0,0.0,0.0,2,1.0,0.3618,0.1111,8,1.0,0.389,0.1429,10,1.0,0.389,0.1429,10,1.0,0.5706,0.3333,11,1.0,0.5706,0.3333,11,1.0,0.6509,0.5,12,1.0,0.9197,1.0,13
xbrl-avgo-2024-contract-with-customer-liability-revenue-recognized-usd-0001730168-24-000139,bm25,True,prose,1.0,1.0,1.0,0,1.0,1.0,1.0,0,1.0,1.0,1.0,0,1.0,1.0,1.0,0,1.0,1.0,1.0,0,1.0,1.0,1.0,0,1.0,1.0,1.0,0,1.0,1.0,1.0,2
xbrl-avgo-2024-contract-with-customer-liability-revenue-recognized-usd-0001730168-24-000139,hybrid,True,prose,1.0,0.6309,0.5,0,1.0,0.6309,0.5,3,1.0,0.5,0.3333,6,1.0,0.6309,0.5,7,1.0,0.6309,0.5,8,1.0,0.6309,0.5,8,1.0,0.5,0.3333,9,1.0,0.4307,0.25,9
xbrl-avgo-2024-income-loss-from-continuing-operations-before-income-taxes-foreign-usd-0001730168-24-000139,bm25,True,tables,1.0,0.6309,0.5,7,1.0,0.6309,0.5,7,1.0,0.6309,0.5,7,1.0,0.6309,0.5,8,1.0,0.6309,0.5,8,1.0,0.6309,0.5,8,1.0,0.6309,0.5,9,1.0,0.6309,0.5,11
xbrl-avgo-2024-income-loss-from-continuing-operations-before-income-taxes-foreign-usd-0001730168-24-000139,hybrid,True,tables,1.0,0.6309,0.5,9,1.0,0.6309,0.5,10,1.0,0.6309,0.5,14,1.0,0.6309,0.5,14,1.0,0.6309,0.5,15,1.0,0.6309,0.5,15,1.0,0.6309,0.5,16,1.0,0.6309,0.5,16
xbrl-avgo-2024-other-commitment-to-be-paid-year-two-usd-0001730168-24-000139,bm25,True,tables,0.0,0.0,0.0,0,0.0,0.0,0.0,1,0.0,0.0,0.0,1,0.0,0.0,0.0,2,0.0,0.0,0.0,2,0.0,0.0,0.0,3,0.0,0.0,0.0,4,0.0,0.0,0.0,11
xbrl-avgo-2024-other-commitment-to-be-paid-year-two-usd-0001730168-24-000139,hybrid,True,tables,0.0,0.0,0.0,2,0.5,0.1934,0.125,7,0.5,0.1846,0.1111,8,0.5,0.1772,0.1,9,0.5,0.1772,0.1,9,0.5,0.1772,0.1,10,0.5,0.1772,0.1,11,0.5,0.171,0.0909,13
xbrl-avgo-2024-buildings-and-improvements-gross-usd-0001730168-24-000139,bm25,True,tables,1.0,0.6309,0.5,1,1.0,0.6309,0.5,1,1.0,1.0,1.0,1,1.0,1.0,1.0,1,1.0,1.0,1.0,1,1.0,1.0,1.0,1,1.0,1.0,1.0,7,1.0,1.0,1.0,14
xbrl-avgo-2024-buildings-and-improvements-gross-usd-0001730168-24-000139,hybrid,True,tables,1.0,1.0,1.0,4,1.0,1.0,1.0,8,1.0,1.0,1.0,9,1.0,1.0,1.0,10,1.0,1.0,1.0,10,1.0,1.0,1.0,10,1.0,1.0,1.0,10,1.0,1.0,1.0,14
xbrl-avgo-2024-other-liabilities-current-usd-0001730168-24-000139,bm25,True,tables,0.3333333333333333,0.1233,0.0769,3,0.3333333333333333,0.1233,0.0769,4,0.6666666666666666,0.2416,0.0833,5,0.6666666666666666,0.2505,0.1,5,0.6666666666666666,0.253,0.1,5,0.6666666666666666,0.2797,0.1429,6,1.0,0.4975,0.3333,8,1.0,0.6257,0.5,11
xbrl-avgo-2024-other-liabilities-current-usd-0001730168-24-000139,hybrid,True,tables,1.0,0.4409,0.1667,7,1.0,0.9066,1.0,9,1.0,0.9218,1.0,11,1.0,0.9218,1.0,11,1.0,0.9218,1.0,11,1.0,0.9218,1.0,11,1.0,0.9218,1.0,13,1.0,0.9218,1.0,16
xbrl-avgo-2024-long-term-debt-maturity-year-two-usd-0001730168-24-000139,bm25,True,tables,0.0,0.0,0.0,4,0.0,0.0,0.0,5,0.0,0.0,0.0,6,0.0,0.0,0.0,6,0.0,0.0,0.0,7,0.0,0.0,0.0,7,0.0,0.0,0.0,9,0.0,0.0,0.0,10
xbrl-avgo-2024-long-term-debt-maturity-year-two-usd-0001730168-24-000139,hybrid,True,tables,0.0,0.0,0.0,8,0.0,0.0,0.0,11,0.0,0.0,0.0,12,0.0,0.0,0.0,12,0.0,0.0,0.0,13,0.0,0.0,0.0,13,0.0,0.0,0.0,14,0.0,0.0,0.0,16
xbrl-avgo-2024-finite-lived-intangible-asset-expected-amortization-year-five-usd-0001730168-24-000139,bm25,True,tables,0.0,0.0,0.0,2,0.0,0.0,0.0,2,0.0,0.0,0.0,2,0.0,0.0,0.0,2,0.0,0.0,0.0,2,1.0,0.2447,0.0625,3,1.0,0.2789,0.0909,3,1.0,0.3562,0.1667,10
xbrl-avgo-2024-finite-lived-intangible-asset-expected-amortization-year-five-usd-0001730168-24-000139,hybrid,True,tables,1.0,0.2626,0.0769,3,1.0,0.301,0.1111,4,1.0,0.3333,0.1429,8,1.0,0.3869,0.2,11,1.0,0.5,0.3333,11,1.0,0.5,0.3333,11,1.0,0.5,0.3333,12,1.0,0.5,0.3333,15
xbrl-avgo-2024-payments-to-acquire-investments-usd-0001730168-24-000139,bm25,True,tables,0.0,0.0,0.0,0,0.0,0.0,0.0,0,0.0,0.0,0.0,0,0.0,0.0,0.0,0,0.0,0.0,0.0,0,0.0,0.0,0.0,0,0.5,0.2184,0.1667,1,0.5,0.3869,0.5,3
xbrl-avgo-2024-payments-to-acquire-investments-usd-0001730168-24-000139,hybrid,True,tables,0.0,0.0,0.0,0,0.0,0.0,0.0,4,0.5,0.6131,1.0,9,0.5,0.6131,1.0,9,0.5,0.6131,1.0,9,0.5,0.6131,1.0,9,0.5,0.6131,1.0,10,0.5,0.3066,0.3333,11
xbrl-avgo-2024-increase-decrease-in-accounts-receivable-usd-0001730168-24-000139,bm25,True,tables,1.0,0.2702,0.0833,4,1.0,0.2789,0.0909,4,1.0,0.2891,0.1,4,1.0,0.3155,0.125,4,1.0,0.3155,0.125,5,1.0,0.3562,0.1667,5,1.0,0.5,0.3333,5,1.0,0.5,0.3333,8
xbrl-avgo-2024-increase-decrease-in-accounts-receivable-usd-0001730168-24-000139,hybrid,True,tables,1.0,0.3155,0.125,5,1.0,0.3869,0.2,9,1.0,0.5,0.3333,11,1.0,0.5,0.3333,11,1.0,0.5,0.3333,11,1.0,0.5,0.3333,12,1.0,0.5,0.3333,12,1.0,0.5,0.3333,13
xbrl-avgo-2025-debt-long-term-and-short-term-combined-amount-usd-0001730168-25-000121,bm25,True,both,0.3333333333333333,0.4693,1.0,4,0.3333333333333333,0.4693,1.0,4,0.3333333333333333,0.4693,1.0,4,0.3333333333333333,0.4693,1.0,5,0.3333333333333333,0.4693,1.0,8,0.3333333333333333,0.4693,1.0,8,0.3333333333333333,0.4693,1.0,9,0.3333333333333333,0.4693,1.0,10
xbrl-avgo-2025-debt-long-term-and-short-term-combined-amount-usd-0001730168-25-000121,hybrid,True,both,0.3333333333333333,0.1309,0.0909,7,0.3333333333333333,0.2021,0.25,11,0.3333333333333333,0.2021,0.25,12,0.3333333333333333,0.2021,0.25,12,0.3333333333333333,0.1815,0.2,12,0.3333333333333333,0.1815,0.2,12,0.3333333333333333,0.1672,0.1667,13,0.3333333333333333,0.1672,0.1667,16
xbrl-avgo-2025-finite-lived-intangible-assets-net-usd-0001730168-25-000121,bm25,True,tables,0.0,0.0,0.0,4,0.0,0.0,0.0,4,0.0,0.0,0.0,5,0.0,0.0,0.0,5,0.0,0.0,0.0,5,0.0,0.0,0.0,5,0.0,0.0,0.0,7,0.5,0.1569,0.0714,10
xbrl-avgo-2025-finite-lived-intangible-assets-net-usd-0001730168-25-000121,hybrid,True,tables,0.0,0.0,0.0,3,0.0,0.0,0.0,7,0.0,0.0,0.0,10,0.5,0.1569,0.0714,11,0.5,0.171,0.0909,13,0.5,0.1772,0.1,13,0.5,0.171,0.0909,13,0.5,0.1657,0.0833,16
xbrl-avgo-2025-us-gaap-interestexpensenonoperating-usd-0001730168-25-000121,bm25,False,both,0.0,0.0,0.0,0,0.0,0.0,0.0,0,0.0,0.0,0.0,0,0.0,0.0,0.0,0,0.0,0.0,0.0,0,0.0,0.0,0.0,0,0.0,0.0,0.0,0,0.0,0.0,0.0,0
xbrl-avgo-2025-us-gaap-interestexpensenonoperating-usd-0001730168-25-000121,hybrid,False,both,0.0,0.0,0.0,0,0.0,0.0,0.0,0,0.0,0.0,0.0,0,0.0,0.0,0.0,0,0.0,0.0,0.0,0,0.0,0.0,0.0,0,0.0,0.0,0.0,0,0.0,0.0,0.0,0
xbrl-avgo-2025-payments-to-acquire-investments-usd-0001730168-25-000121,bm25,True,tables,0.0,0.0,0.0,0,0.0,0.0,0.0,0,0.0,0.0,0.0,0,0.0,0.0,0.0,0,0.0,0.0,0.0,0,0.0,0.0,0.0,0,0.5,0.2184,0.1667,1,0.5,0.6131,1.0,3
xbrl-avgo-2025-payments-to-acquire-investments-usd-0001730168-25-000121,hybrid,True,tables,0.0,0.0,0.0,0,0.0,0.0,0.0,6,0.5,0.6131,1.0,8,0.5,0.6131,1.0,8,0.5,0.6131,1.0,8,0.5,0.6131,1.0,8,0.5,0.6131,1.0,9,0.5,0.3869,0.5,11
xbrl-avgo-2025-increase-decrease-in-accounts-payable-usd-0001730168-25-000121,bm25,True,both,0.0,0.0,0.0,2,0.0,0.0,0.0,2,0.0,0.0,0.0,2,0.0,0.0,0.0,2,0.0,0.0,0.0,2,0.0,0.0,0.0,3,0.0,0.0,0.0,6,0.0,0.0,0.0,8
xbrl-avgo-2025-increase-decrease-in-accounts-payable-usd-0001730168-25-000121,hybrid,True,both,0.3333333333333333,0.1815,0.2,2,0.3333333333333333,0.148,0.125,9,0.0,0.0,0.0,11,0.0,0.0,0.0,11,0.0,0.0,0.0,11,0.0,0.0,0.0,11,0.0,0.0,0.0,13,0.0,0.0,0.0,15
xbrl-avgo-2025-weighted-average-number-of-shares-outstanding-diluted-shares-0001730168-25-000121,bm25,True,tables,1.0,0.6934,0.5,3,1.0,0.6934,0.5,3,1.0,0.6934,0.5,4,1.0,0.6934,0.5,4,1.0,0.9197,1.0,4,1.0,0.9197,1.0,5,1.0,0.9197,1.0,7,1.0,1.0,1.0,12
xbrl-avgo-2025-weighted-average-number-of-shares-outstanding-diluted-shares-0001730168-25-000121,hybrid,True,tables,1.0,1.0,1.0,8,1.0,1.0,1.0,11,1.0,1.0,1.0,12,1.0,1.0,1.0,14,1.0,1.0,1.0,14,1.0,1.0,1.0,15,1.0,1.0,1.0,16,1.0,1.0,1.0,16
xbrl-avgo-2025-finite-lived-intangible-asset-expected-amortization-year-three-usd-0001730168-25-000121,bm25,True,tables,0.0,0.0,0.0,2,0.0,0.0,0.0,2,0.0,0.0,0.0,2,1.0,0.2447,0.0625,3,1.0,0.256,0.0714,3,1.0,0.2702,0.0833,3,1.0,0.3155,0.125,6,1.0,0.3562,0.1667,11
xbrl-avgo-2025-finite-lived-intangible-asset-expected-amortization-year-three-usd-0001730168-25-000121,hybrid,True,tables,1.0,0.2626,0.0769,3,1.0,0.3155,0.125,5,1.0,0.3562,0.1667,9,1.0,0.4307,0.25,12,1.0,0.5,0.3333,12,1.0,0.5,0.3333,12,1.0,0.5,0.3333,13,1.0,0.5,0.3333,15
xbrl-avgo-2025-goodwill-usd-0001730168-25-000121,bm25,True,tables,0.0,0.0,0.0,1,0.0,0.0,0.0,1,0.0,0.0,0.0,1,0.0,0.0,0.0,2,0.0,0.0,0.0,2,0.0,0.0,0.0,2,0.0,0.0,0.0,2,0.5,0.2372,0.2,5
xbrl-avgo-2025-goodwill-usd-0001730168-25-000121,hybrid,True,tables,0.0,0.0,0.0,1,0.5,0.1934,0.125,6,0.5,0.2184,0.1667,9,0.5,0.2641,0.25,9,0.5,0.2641,0.25,10,0.5,0.3066,0.3333,10,0.5,0.3066,0.3333,12,0.5,0.3869,0.5,14
xbrl-avgo-2025-unrecognized-tax-benefits-that-would-impact-effective-tax-rate-usd-0001730168-25-000121,bm25,True,prose,1.0,1.0,1.0,1,1.0,1.0,1.0,2,1.0,1.0,1.0,3,1.0,1.0,1.0,3,1.0,1.0,1.0,3,1.0,1.0,1.0,4,1.0,0.6309,0.5,4,1.0,0.3869,0.2,7
xbrl-avgo-2025-unrecognized-tax-benefits-that-would-impact-effective-tax-rate-usd-0001730168-25-000121,hybrid,True,prose,1.0,1.0,1.0,3,1.0,1.0,1.0,5,1.0,0.5,0.3333,7,1.0,0.3562,0.1667,12,0.0,0.0,0.0,14,0.0,0.0,0.0,15,0.0,0.0,0.0,16,0.0,0.0,0.0,16
xbrl-avgo-2025-share-based-payment-arrangement-expense-tax-benefit-usd-0001730168-25-000121,bm25,True,tables,1.0,0.2447,0.0625,1,1.0,0.2702,0.0833,1,1.0,0.3155,0.125,2,1.0,0.3333,0.1429,2,1.0,0.3562,0.1667,2,1.0,0.4307,0.25,2,1.0,1.0,1.0,4,1.0,1.0,1.0,6
xbrl-avgo-2025-share-based-payment-arrangement-expense-tax-benefit-usd-0001730168-25-000121,hybrid,True,tables,1.0,0.301,0.1111,3,1.0,1.0,1.0,6,1.0,1.0,1.0,9,1.0,1.0,1.0,10,1.0,1.0,1.0,10,1.0,1.0,1.0,10,1.0,1.0,1.0,10,1.0,1.0,1.0,16
xbrl-avgo-2025-operating-lease-liability-usd-0001730168-25-000121,bm25,True,tables,0.0,0.0,0.0,1,0.0,0.0,0.0,1,0.0,0.0,0.0,1,0.0,0.0,0.0,1,0.0,0.0,0.0,1,0.0,0.0,0.0,1,0.5,0.1657,0.0833,4,1.0,0.3753,0.1667,9
xbrl-avgo-2025-operating-lease-liability-usd-0001730168-25-000121,hybrid,True,tables,0.0,0.0,0.0,3,0.5,0.15,0.0625,5,0.5,0.1772,0.1,9,0.5,0.1772,0.1,9,0.5,0.2641,0.25,9,0.5,0.2641,0.25,9,0.5,0.2641,0.25,9,1.0,0.4141,0.25,13
xbrl-avgo-2025-additional-paid-in-capital-usd-0001730168-25-000121,bm25,True,tables,0.5,0.2641,0.25,11,0.5,0.2641,0.25,11,1.0,0.4141,0.25,12,1.0,0.421,0.25,12,1.0,0.421,0.25,12,1.0,0.4298,0.25,12,1.0,0.4298,0.25,13,1.0,0.4298,0.25,14
xbrl-avgo-2025-additional-paid-in-capital-usd-0001730168-25-000121,hybrid,True,tables,0.5,0.2372,0.2,6,1.0,0.8503,1.0,12,1.0,0.8503,1.0,16,1.0,0.8503,1.0,16,1.0,0.8503,1.0,16,1.0,0.8503,1.0,16,1.0,0.8316,1.0,16,1.0,0.8175,1.0,16
xbrl-avgo-2025-shares-issued-value-share-based-payment-arrangement-after-forfeiture-usd-0001730168-25-000121,bm25,True,tables,0.0,0.0,0.0,1,0.0,0.0,0.0,2,0.0,0.0,0.0,2,0.0,0.0,0.0,2,0.0,0.0,0.0,2,0.0,0.0,0.0,3,0.0,0.0,0.0,5,0.0,0.0,0.0,8
xbrl-avgo-2025-shares-issued-value-share-based-payment-arrangement-after-forfeiture-usd-0001730168-25-000121,hybrid,True,tables,0.0,0.0,0.0,2,0.0,0.0,0.0,5,0.5,0.161,0.0769,9,0.5,0.1657,0.0833,10,0.5,0.171,0.0909,11,0.5,0.1772,0.1,11,1.0,0.3342,0.1,13,1.0,0.3701,0.1429,16
xbrl-avgo-2025-deferred-tax-assets-tax-credit-carryforwards-alternative-minimum-tax-usd-0001730168-25-000121,bm25,True,prose,1.0,0.9218,1.0,3,1.0,0.9218,1.0,3,1.0,0.9134,1.0,3,1.0,0.9134,1.0,4,1.0,0.9134,1.0,4,1.0,0.9134,1.0,4,1.0,0.6664,0.5,6,1.0,0.543,0.3333,9
xbrl-avgo-2025-deferred-tax-assets-tax-credit-carryforwards-alternative-minimum-tax-usd-0001730168-25-000121,hybrid,True,prose,1.0,0.8278,1.0,3,1.0,0.8194,1.0,5,0.6666666666666666,0.4018,0.3333,12,0.6666666666666666,0.3152,0.1667,12,0.6666666666666666,0.2434,0.0769,12,0.6666666666666666,0.2434,0.0769,12,0.6666666666666666,0.2374,0.0714,13,0.3333333333333333,0.1148,0.0625,15
xbrl-avgo-2025-amortization-of-debt-issuance-costs-and-discounts-usd-0001730168-25-000121,bm25,True,tables,0.0,0.0,0.0,2,0.0,0.0,0.0,2,0.0,0.0,0.0,2,0.0,0.0,0.0,2,0.0,0.0,0.0,2,0.0,0.0,0.0,3,0.0,0.0,0.0,6,0.0,0.0,0.0,14
xbrl-avgo-2025-amortization-of-debt-issuance-costs-and-discounts-usd-0001730168-25-000121,hybrid,True,tables,0.0,0.0,0.0,2,0.0,0.0,0.0,6,0.0,0.0,0.0,9,0.0,0.0,0.0,10,0.0,0.0,0.0,10,0.0,0.0,0.0,13,1.0,0.2626,0.0769,16,1.0,0.25,0.0667,16
xbrl-avgo-2025-deferred-tax-liabilities-gross-usd-0001730168-25-000121,bm25,True,tables,1.0,0.5,0.3333,3,1.0,0.5,0.3333,3,1.0,0.5,0.3333,4,1.0,0.6309,0.5,4,1.0,1.0,1.0,4,1.0,1.0,1.0,4,1.0,1.0,1.0,4,1.0,1.0,1.0,8
xbrl-avgo-2025-deferred-tax-liabilities-gross-usd-0001730168-25-000121,hybrid,True,tables,1.0,0.5,0.3333,4,1.0,1.0,1.0,7,1.0,1.0,1.0,10,1.0,1.0,1.0,11,1.0,1.0,1.0,11,1.0,1.0,1.0,12,1.0,0.6309,0.5,14,1.0,0.6309,0.5,16
xbrl-avgo-2025-unrecognized-tax-benefits-income-tax-penalties-and-interest-accrued-usd-0001730168-25-000121,bm25,True,both,0.3333333333333333,0.4693,1.0,2,0.3333333333333333,0.4693,1.0,2,0.3333333333333333,0.4693,1.0,3,0.3333333333333333,0.4693,1.0,3,0.3333333333333333,0.4693,1.0,3,0.3333333333333333,0.4693,1.0,3,0.3333333333333333,0.2961,0.5,5,0.3333333333333333,0.2961,0.5,9
xbrl-avgo-2025-unrecognized-tax-benefits-income-tax-penalties-and-interest-accrued-usd-0001730168-25-000121,hybrid,True,both,0.3333333333333333,0.4693,1.0,3,0.3333333333333333,0.4693,1.0,4,0.3333333333333333,0.2961,0.5,9,0.3333333333333333,0.2346,0.3333,11,0.3333333333333333,0.1815,0.2,12,0.3333333333333333,0.1233,0.0769,13,0.0,0.0,0.0,16,0.0,0.0,0.0,16
xbrl-avgo-2025-net-cash-provided-by-used-in-financing-activities-usd-0001730168-25-000121,bm25,True,tables,1.0,0.8772,1.0,5,1.0,0.8772,1.0,5,1.0,0.8772,1.0,5,1.0,0.8772,1.0,5,1.0,0.9197,1.0,5,1.0,0.9197,1.0,5,1.0,1.0,1.0,8,1.0,1.0,1.0,10
xbrl-avgo-2025-net-cash-provided-by-used-in-financing-activities-usd-0001730168-25-000121,hybrid,True,tables,1.0,0.9197,1.0,5,1.0,0.9197,1.0,7,1.0,0.9197,1.0,10,1.0,1.0,1.0,10,1.0,1.0,1.0,11,1.0,1.0,1.0,12,1.0,1.0,1.0,14,1.0,1.0,1.0,16
xbrl-avgo-2025-accounts-receivable-after-allowance-for-credit-loss-current-usd-0001730168-25-000121,bm25,True,both,0.0,0.0,0.0,3,0.5,0.1533,0.0667,4,0.5,0.1569,0.0714,4,0.5,0.1569,0.0714,4,0.5,0.1569,0.0714,4,0.5,0.1569,0.0714,4,0.5,0.1934,0.125,5,0.5,0.2184,0.1667,9
xbrl-avgo-2025-accounts-receivable-after-allowance-for-credit-loss-current-usd-0001730168-25-000121,hybrid,True,both,0.5,0.1772,0.1,5,0.5,0.2044,0.1429,6,0.5,0.2372,0.2,10,0.5,0.2372,0.2,12,0.5,0.2641,0.25,12,0.5,0.2641,0.25,12,0.5,0.2641,0.25,13,0.5,0.2641,0.25,15
xbrl-avgo-2025-increase-decrease-in-inventories-usd-0001730168-25-000121,bm25,True,both,0.0,0.0,0.0,0,0.0,0.0,0.0,0,0.0,0.0,0.0,0,0.0,0.0,0.0,0,0.0,0.0,0.0,0,0.0,0.0,0.0,0,0.0,0.0,0.0,2,0.0,0.0,0.0,8
xbrl-avgo-2025-increase-decrease-in-inventories-usd-0001730168-25-000121,hybrid,True,both,0.0,0.0,0.0,1,0.0,0.0,0.0,6,0.0,0.0,0.0,7,0.0,0.0,0.0,8,0.0,0.0,0.0,8,0.0,0.0,0.0,8,0.0,0.0,0.0,10,0.0,0.0,0.0,13
xbrl-crm-2021-contract-with-customer-liability-current-usd-0001108524-22-000008,bm25,True,tables,0.0,0.0,0.0,1,0.0,0.0,0.0,1,0.0,0.0,0.0,1,0.0,0.0,0.0,1,0.0,0.0,0.0,1,0.0,0.0,0.0,1,0.0,0.0,0.0,3,0.0,0.0,0.0,5
xbrl-crm-2021-contract-with-customer-liability-current-usd-0001108524-22-000008,hybrid,True,tables,0.0,0.0,0.0,1,0.0,0.0,0.0,5,0.0,0.0,0.0,7,0.3333333333333333,0.1148,0.0625,9,0.3333333333333333,0.1148,0.0625,9,0.3333333333333333,0.1148,0.0625,9,0.0,0.0,0.0,9,0.3333333333333333,0.2346,0.3333,12
xbrl-crm-2021-net-cash-provided-by-used-in-financing-activities-usd-0001108524-22-000008,bm25,True,tables,1.0,0.6241,0.5,5,1.0,0.6509,0.5,6,1.0,0.6509,0.5,6,1.0,0.6509,0.5,7,1.0,0.8772,1.0,8,1.0,0.8772,1.0,8,1.0,0.9197,1.0,8,1.0,1.0,1.0,9
xbrl-crm-2021-net-cash-provided-by-used-in-financing-activities-usd-0001108524-22-000008,hybrid,True,tables,1.0,0.5706,0.3333,7,1.0,0.9197,1.0,7,1.0,1.0,1.0,10,1.0,1.0,1.0,11,1.0,1.0,1.0,11,1.0,1.0,1.0,12,1.0,1.0,1.0,13,1.0,1.0,1.0,15
xbrl-crm-2021-proceeds-from-stock-plans-usd-0001108524-22-000008,bm25,True,tables,1.0,0.6309,0.5,2,1.0,0.6309,0.5,2,1.0,0.6309,0.5,2,1.0,1.0,1.0,2,1.0,1.0,1.0,2,1.0,1.0,1.0,2,1.0,1.0,1.0,4,1.0,1.0,1.0,6
xbrl-crm-2021-proceeds-from-stock-plans-usd-0001108524-22-000008,hybrid,True,tables,1.0,0.3333,0.1429,3,1.0,0.6309,0.5,8,1.0,0.6309,0.5,10,1.0,0.6309,0.5,10,1.0,0.6309,0.5,11,1.0,0.6309,0.5,11,1.0,0.5,0.3333,11,1.0,0.5,0.3333,13
xbrl-crm-2021-finance-lease-liability-payment-due-usd-0001108524-22-000008,bm25,True,both,0.0,0.0,0.0,5,0.0,0.0,0.0,5,0.0,0.0,0.0,6,0.0,0.0,0.0,6,0.0,0.0,0.0,7,0.0,0.0,0.0,7,0.0,0.0,0.0,7,0.0,0.0,0.0,7
xbrl-crm-2021-finance-lease-liability-payment-due-usd-0001108524-22-000008,hybrid,True,both,0.0,0.0,0.0,7,0.0,0.0,0.0,8,0.0,0.0,0.0,10,0.0,0.0,0.0,10,0.0,0.0,0.0,11,0.0,0.0,0.0,12,0.0,0.0,0.0,12,0.0,0.0,0.0,16
xbrl-crm-2021-retained-earnings-accumulated-deficit-usd-0001108524-22-000008,bm25,True,tables,1.0,0.4218,0.2,9,1.0,0.4218,0.2,9,1.0,0.4306,0.2,9,1.0,0.4306,0.2,10,1.0,0.4306,0.2,10,1.0,0.4306,0.2,10,1.0,0.4306,0.2,13,1.0,0.4306,0.2,14
xbrl-crm-2021-retained-earnings-accumulated-deficit-usd-0001108524-22-000008,hybrid,True,tables,1.0,0.3905,0.2,9,1.0,0.511,0.3333,14,1.0,0.525,0.3333,15,1.0,0.525,0.3333,15,1.0,0.525,0.3333,15,1.0,0.525,0.3333,15,1.0,0.525,0.3333,16,1.0,0.511,0.3333,16
xbrl-crm-2021-deferred-tax-liabilities-leasing-arrangements-usd-0001108524-22-000008,bm25,True,tables,0.3333333333333333,0.1357,0.1,2,0.3333333333333333,0.1413,0.1111,3,0.3333333333333333,0.148,0.125,4,0.3333333333333333,0.1564,0.1429,6,0.3333333333333333,0.1815,0.2,7,0.3333333333333333,0.1815,0.2,7,0.3333333333333333,0.2961,0.5,7,0.3333333333333333,0.2961,0.5,9
xbrl-crm-2021-deferred-tax-liabilities-leasing-arrangements-usd-0001108524-22-000008,hybrid,True,tables,0.3333333333333333,0.2346,0.3333,4,0.3333333333333333,0.2961,0.5,8,0.3333333333333333,0.2961,0.5,9,0.3333333333333333,0.2961,0.5,12,0.3333333333333333,0.2961,0.5,13,0.3333333333333333,0.2961,0.5,13,0.3333333333333333,0.2961,0.5,15,0.3333333333333333,0.2961,0.5,16
xbrl-crm-2021-income-loss-from-continuing-operations-before-equity-method-investments-income-taxes-noncontrolling-interest-usd-0001108524-22-000008,bm25,True,tables,0.6666666666666666,0.3487,0.2,4,0.6666666666666666,0.3836,0.25,4,0.6666666666666666,0.3836,0.25,4,0.6666666666666666,0.4162,0.3333,4,0.6666666666666666,0.4982,0.5,5,0.6666666666666666,0.7039,1.0,6,0.6666666666666666,0.7654,1.0,7,0.6666666666666666,0.7654,1.0,12
xbrl-crm-2021-income-loss-from-continuing-operations-before-equity-method-investments-income-taxes-noncontrolling-interest-usd-0001108524-22-000008,hybrid,True,tables,0.6666666666666666,0.3501,0.25,4,0.6666666666666666,0.7039,1.0,9,0.6666666666666666,0.7654,1.0,13,0.6666666666666666,0.7654,1.0,13,0.6666666666666666,0.7654,1.0,14,0.6666666666666666,0.7654,1.0,14,0.6666666666666666,0.7654,1.0,15,0.6666666666666666,0.7039,1.0,16
xbrl-crm-2021-debt-securities-available-for-sale-accumulated-gross-unrealized-loss-before-tax-usd-0001108524-22-000008,bm25,True,tables,0.0,0.0,0.0,1,0.0,0.0,0.0,2,0.0,0.0,0.0,2,0.0,0.0,0.0,2,0.0,0.0,0.0,2,0.0,0.0,0.0,2,0.0,0.0,0.0,10,0.0,0.0,0.0,14
xbrl-crm-2021-debt-securities-available-for-sale-accumulated-gross-unrealized-loss-before-tax-usd-0001108524-22-000008,hybrid,True,tables,0.0,0.0,0.0,2,0.0,0.0,0.0,7,0.0,0.0,0.0,11,0.0,0.0,0.0,13,0.0,0.0,0.0,13,0.0,0.0,0.0,13,0.0,0.0,0.0,16,0.0,0.0,0.0,16
xbrl-crm-2021-accounts-receivable-after-allowance-for-credit-loss-current-usd-0001108524-22-000008,bm25,True,tables,0.0,0.0,0.0,2,0.0,0.0,0.0,2,0.0,0.0,0.0,2,1.0,0.25,0.0667,3,1.0,0.256,0.0714,3,1.0,0.2891,0.1,3,1.0,0.4307,0.25,5,1.0,0.4307,0.25,9
xbrl-crm-2021-accounts-receivable-after-allowance-for-credit-loss-current-usd-0001108524-22-000008,hybrid,True,tables,1.0,0.3155,0.125,4,1.0,0.3562,0.1667,6,1.0,0.4307,0.25,9,1.0,0.4307,0.25,9,1.0,0.5,0.3333,10,1.0,0.5,0.3333,11,1.0,0.5,0.3333,12,1.0,0.5,0.3333,15
xbrl-crm-2021-effective-income-tax-rate-reconciliation-tax-expense-benefit-share-based-payment-arrangement-amount-usd-0001108524-22-000008,bm25,True,tables,0.3333333333333333,0.1268,0.0833,2,0.3333333333333333,0.1268,0.0833,2,0.3333333333333333,0.1413,0.1111,2,0.3333333333333333,0.1672,0.1667,3,0.3333333333333333,0.1815,0.2,3,0.3333333333333333,0.1815,0.2,3,0.3333333333333333,0.2346,0.3333,4,0.3333333333333333,0.2961,0.5,8
xbrl-crm-2021-effective-income-tax-rate-reconciliation-tax-expense-benefit-share-based-payment-arrangement-amount-usd-0001108524-22-000008,hybrid,True,tables,0.3333333333333333,0.1815,0.2,3,0.3333333333333333,0.2346,0.3333,7,0.3333333333333333,0.2961,0.5,9,0.3333333333333333,0.2961,0.5,11,0.3333333333333333,0.2961,0.5,12,0.3333333333333333,0.2961,0.5,12,0.3333333333333333,0.2961,0.5,14,0.3333333333333333,0.2961,0.5,15
xbrl-crm-2021-property-plant-and-equipment-gross-usd-0001108524-22-000008,bm25,True,tables,1.0,1.0,1.0,2,1.0,1.0,1.0,2,1.0,1.0,1.0,3,1.0,1.0,1.0,3,1.0,1.0,1.0,3,1.0,1.0,1.0,5,1.0,1.0,1.0,8,1.0,1.0,1.0,12
xbrl-crm-2021-property-plant-and-equipment-gross-usd-0001108524-22-000008,hybrid,True,tables,1.0,1.0,1.0,4,1.0,1.0,1.0,8,1.0,1.0,1.0,9,1.0,1.0,1.0,9,1.0,1.0,1.0,9,1.0,1.0,1.0,9,1.0,1.0,1.0,11,1.0,1.0,1.0,15
xbrl-crm-2021-lessee-operating-lease-liability-to-be-paid-year-four-usd-0001108524-22-000008,bm25,True,tables,0.0,0.0,0.0,1,0.0,0.0,0.0,1,0.0,0.0,0.0,1,0.0,0.0,0.0,2,0.0,0.0,0.0,2,0.0,0.0,0.0,2,0.0,0.0,0.0,3,0.0,0.0,0.0,6
xbrl-crm-2021-lessee-operating-lease-liability-to-be-paid-year-four-usd-0001108524-22-000008,hybrid,True,tables,0.0,0.0,0.0,1,1.0,0.2702,0.0833,8,1.0,0.301,0.1111,9,1.0,0.3562,0.1667,9,1.0,0.3562,0.1667,9,1.0,0.3333,0.1429,9,1.0,0.2891,0.1,11,1.0,0.2891,0.1,14
xbrl-crm-2021-deferred-federal-income-tax-expense-benefit-usd-0001108524-22-000008,bm25,True,both,0.6666666666666666,0.4193,0.5,1,0.6666666666666666,0.3579,0.3333,3,0.6666666666666666,0.352,0.3333,3,0.6666666666666666,0.352,0.3333,3,0.3333333333333333,0.2346,0.3333,5,0.3333333333333333,0.2346,0.3333,6,0.3333333333333333,0.2021,0.25,8,0.3333333333333333,0.1357,0.1,10
xbrl-crm-2021-deferred-federal-income-tax-expense-benefit-usd-0001108524-22-000008,hybrid,True,both,0.3333333333333333,0.2346,0.3333,4,0.3333333333333333,0.2021,0.25,6,0.3333333333333333,0.1672,0.1667,9,0.0,0.0,0.0,14,0.3333333333333333,0.1148,0.0625,14,0.3333333333333333,0.1148,0.0625,14,0.0,0.0,0.0,16,0.0,0.0,0.0,16
xbrl-crm-2021-right-of-use-asset-obtained-in-exchange-for-operating-lease-liability-usd-0001108524-22-000008,bm25,True,tables,1.0,0.6309,0.5,2,1.0,1.0,1.0,3,1.0,1.0,1.0,3,1.0,1.0,1.0,4,1.0,1.0,1.0,4,1.0,1.0,1.0,4,1.0,1.0,1.0,7,1.0,1.0,1.0,10
xbrl-crm-2021-right-of-use-asset-obtained-in-exchange-for-operating-lease-liability-usd-0001108524-22-000008,hybrid,True,tables,1.0,0.3869,0.2,4,1.0,0.5,0.3333,6,1.0,1.0,1.0,8,1.0,1.0,1.0,9,1.0,1.0,1.0,9,1.0,1.0,1.0,9,1.0,0.6309,0.5,10,1.0,0.5,0.3333,14
xbrl-crm-2021-capitalized-contract-cost-net-noncurrent-usd-0001108524-22-000008,bm25,True,tables,0.5,0.3869,0.5,5,0.5,0.3869,0.5,5,0.5,0.6131,1.0,6,0.5,0.6131,1.0,6,0.5,0.6131,1.0,7,0.5,0.6131,1.0,7,0.5,0.6131,1.0,11,0.5,0.6131,1.0,13
xbrl-crm-2021-capitalized-contract-cost-net-noncurrent-usd-0001108524-22-000008,hybrid,True,tables,0.5,0.3869,0.5,7,0.5,0.3869,0.5,12,0.5,0.6131,1.0,12,0.5,0.6131,1.0,13,0.5,0.6131,1.0,13,0.5,0.6131,1.0,13,0.5,0.6131,1.0,15,0.5,0.6131,1.0,16
xbrl-crm-2021-share-based-payment-arrangement-noncash-expense-usd-0001108524-22-000008,bm25,True,tables,0.0,0.0,0.0,0,0.0,0.0,0.0,0,0.0,0.0,0.0,0,0.0,0.0,0.0,1,0.0,0.0,0.0,1,0.0,0.0,0.0,1,0.0,0.0,0.0,2,0.0,0.0,0.0,7
xbrl-crm-2021-share-based-payment-arrangement-noncash-expense-usd-0001108524-22-000008,hybrid,True,tables,0.0,0.0,0.0,0,0.0,0.0,0.0,3,0.0,0.0,0.0,7,0.0,0.0,0.0,8,0.0,0.0,0.0,8,0.0,0.0,0.0,8,0.0,0.0,0.0,10,0.0,0.0,0.0,14
xbrl-crm-2021-net-cash-provided-by-used-in-investing-activities-usd-0001108524-22-000008,bm25,True,tables,1.0,0.5438,0.3333,6,1.0,0.6241,0.5,6,1.0,0.6509,0.5,7,1.0,0.8772,1.0,7,1.0,0.8772,1.0,7,1.0,0.8772,1.0,7,1.0,0.9197,1.0,8,1.0,1.0,1.0,11
xbrl-crm-2021-net-cash-provided-by-used-in-investing-activities-usd-0001108524-22-000008,hybrid,True,tables,1.0,0.5706,0.3333,6,1.0,0.6509,0.5,7,1.0,1.0,1.0,10,1.0,1.0,1.0,12,1.0,1.0,1.0,12,1.0,1.0,1.0,13,1.0,1.0,1.0,13,1.0,1.0,1.0,15
xbrl-crm-2021-property-plant-and-equipment-net-usd-0001108524-22-000008,bm25,True,tables,1.0,0.4911,0.3333,3,1.0,0.4911,0.3333,3,1.0,0.511,0.3333,3,1.0,0.5912,0.5,3,1.0,0.8316,1.0,3,1.0,0.8503,1.0,4,1.0,0.9197,1.0,5,1.0,0.9197,1.0,10
xbrl-crm-2021-property-plant-and-equipment-net-usd-0001108524-22-000008,hybrid,True,tables,1.0,0.6934,0.5,4,1.0,0.6934,0.5,9,1.0,0.6934,0.5,9,1.0,1.0,1.0,10,1.0,1.0,1.0,10,1.0,1.0,1.0,10,1.0,1.0,1.0,12,1.0,1.0,1.0,16
xbrl-crm-2021-effective-income-tax-rate-reconciliation-foreign-income-tax-rate-differential-amount-usd-0001108524-22-000008,bm25,True,tables,0.0,0.0,0.0,1,0.0,0.0,0.0,1,0.0,0.0,0.0,2,0.0,0.0,0.0,2,0.0,0.0,0.0,2,1.0,0.256,0.0714,3,1.0,0.301,0.1111,6,1.0,0.3869,0.2,10
xbrl-crm-2021-effective-income-tax-rate-reconciliation-foreign-income-tax-rate-differential-amount-usd-0001108524-22-000008,hybrid,True,tables,1.0,0.25,0.0667,3,1.0,0.301,0.1111,7,1.0,0.3869,0.2,12,1.0,0.4307,0.25,12,1.0,0.5,0.3333,12,1.0,0.6309,0.5,12,1.0,0.6309,0.5,13,1.0,0.5,0.3333,16
xbrl-crm-2021-gross-profit-usd-0001108524-22-000008,bm25,True,tables,1.0,0.5013,0.25,2,1.0,0.5013,0.25,2,1.0,0.5013,0.25,3,1.0,0.5013,0.25,6,1.0,0.5013,0.25,7,1.0,0.5706,0.3333,7,1.0,1.0,1.0,7,1.0,1.0,1.0,9
xbrl-crm-2021-gross-profit-usd-0001108524-22-000008,hybrid,True,tables,0.5,0.6131,1.0,3,1.0,1.0,1.0,8,1.0,1.0,1.0,9,1.0,1.0,1.0,9,1.0,1.0,1.0,10,1.0,1.0,1.0,11,1.0,1.0,1.0,13,1.0,1.0,1.0,13
xbrl-crm-2022-payments-to-acquire-long-term-investments-usd-0001108524-22-000013,bm25,True,tables,0.0,0.0,0.0,0,0.0,0.0,0.0,0,0.0,0.0,0.0,0,0.0,0.0,0.0,0,0.0,0.0,0.0,0,0.0,0.0,0.0,0,0.0,0.0,0.0,0,0.0,0.0,0.0,1
xbrl-crm-2022-payments-to-acquire-long-term-investments-usd-0001108524-22-000013,hybrid,True,tables,0.0,0.0,0.0,0,0.0,0.0,0.0,3,1.0,0.2626,0.0769,7,1.0,0.2702,0.0833,8,1.0,0.2702,0.0833,8,1.0,0.2702,0.0833,8,1.0,0.2626,0.0769,8,1.0,0.256,0.0714,9
xbrl-crm-2022-long-term-debt-gross-usd-0001108524-22-000013,bm25,True,both,0.3333333333333333,0.1413,0.1111,0,0.3333333333333333,0.1413,0.1111,0,0.3333333333333333,0.1413,0.1111,0,0.3333333333333333,0.1413,0.1111,0,0.3333333333333333,0.1413,0.1111,0,0.3333333333333333,0.1413,0.1111,0,0.3333333333333333,0.1309,0.0909,5,0.0,0.0,0.0,8
xbrl-crm-2022-long-term-debt-gross-usd-0001108524-22-000013,hybrid,True,both,0.6666666666666666,0.5894,1.0,3,0.6666666666666666,0.6105,1.0,7,0.3333333333333333,0.1564,0.1429,10,0.3333333333333333,0.1564,0.1429,10,0.3333333333333333,0.1564,0.1429,10,0.3333333333333333,0.148,0.125,10,0.3333333333333333,0.1413,0.1111,10,0.6666666666666666,0.3017,0.2,14
xbrl-crm-2022-cash-cash-equivalents-restricted-cash-and-restricted-cash-equivalents-period-increase-decrease-including-exchange-rate-effect-usd-0001108524-22-000013,bm25,True,tables,1.0,1.0,1.0,3,1.0,1.0,1.0,3,1.0,1.0,1.0,4,1.0,1.0,1.0,5,1.0,1.0,1.0,6,1.0,1.0,1.0,8,1.0,1.0,1.0,12,1.0,1.0,1.0,14
xbrl-crm-2022-cash-cash-equivalents-restricted-cash-and-restricted-cash-equivalents-period-increase-decrease-including-exchange-rate-effect-usd-0001108524-22-000013,hybrid,True,tables,1.0,0.6309,0.5,6,1.0,0.6309,0.5,10,1.0,1.0,1.0,11,1.0,1.0,1.0,13,1.0,1.0,1.0,13,1.0,1.0,1.0,13,1.0,1.0,1.0,16,1.0,1.0,1.0,16
xbrl-crm-2022-deferred-tax-assets-net-usd-0001108524-22-000013,bm25,True,tables,1.0,0.2789,0.0909,3,1.0,0.2891,0.1,4,1.0,0.3333,0.1429,5,1.0,0.3562,0.1667,5,1.0,0.4307,0.25,5,1.0,0.4307,0.25,5,1.0,0.6309,0.5,6,1.0,0.6309,0.5,7
xbrl-crm-2022-deferred-tax-assets-net-usd-0001108524-22-000013,hybrid,True,tables,1.0,0.301,0.1111,5,1.0,0.3333,0.1429,6,1.0,0.6309,0.5,8,1.0,0.6309,0.5,9,1.0,0.6309,0.5,10,1.0,0.6309,0.5,12,1.0,0.5,0.3333,16,1.0,0.5,0.3333,16
xbrl-crm-2022-deferred-tax-assets-tax-deferred-expense-reserves-and-accruals-accrued-liabilities-usd-0001108524-22-000013,bm25,True,both,0.0,0.0,0.0,5,0.0,0.0,0.0,5,0.0,0.0,0.0,5,0.0,0.0,0.0,5,0.0,0.0,0.0,5,0.0,0.0,0.0,5,0.0,0.0,0.0,5,0.0,0.0,0.0,7
xbrl-crm-2022-deferred-tax-assets-tax-deferred-expense-reserves-and-accruals-accrued-liabilities-usd-0001108524-22-000013,hybrid,True,both,0.0,0.0,0.0,5,0.0,0.0,0.0,6,0.0,0.0,0.0,9,0.0,0.0,0.0,11,0.0,0.0,0.0,11,0.0,0.0,0.0,12,0.0,0.0,0.0,13,0.0,0.0,0.0,16
xbrl-crm-2022-operating-income-loss-usd-0001108524-22-000013,bm25,True,tables,0.0,0.0,0.0,0,0.0,0.0,0.0,0,0.0,0.0,0.0,2,0.0,0.0,0.0,2,0.5,0.1533,0.0667,3,0.5,0.161,0.0769,4,1.0,0.389,0.1429,6,1.0,0.5438,0.3333,12
xbrl-crm-2022-operating-income-loss-usd-0001108524-22-000013,hybrid,True,tables,1.0,0.3645,0.125,6,1.0,0.525,0.3333,9,1.0,0.6934,0.5,10,1.0,0.6934,0.5,11,1.0,0.6509,0.5,11,1.0,0.6509,0.5,11,1.0,0.6509,0.5,12,1.0,0.6509,0.5,15
xbrl-crm-2022-share-based-payment-arrangement-nonvested-award-cost-not-yet-recognized-amount-usd-0001108524-22-000013,bm25,True,prose,1.0,0.6309,0.5,0,1.0,0.6309,0.5,0,1.0,0.6309,0.5,0,1.0,0.6309,0.5,0,1.0,0.6309,0.5,0,1.0,0.6309,0.5,0,1.0,0.6309,0.5,1,1.0,0.5,0.3333,2
xbrl-crm-2022-share-based-payment-arrangement-nonvested-award-cost-not-yet-recognized-amount-usd-0001108524-22-000013,hybrid,True,prose,1.0,0.3562,0.1667,0,1.0,0.2789,0.0909,4,1.0,0.5,0.3333,8,1.0,0.5,0.3333,8,1.0,0.5,0.3333,8,1.0,0.5,0.3333,8,1.0,0.5,0.3333,8,1.0,0.2891,0.1,12
xbrl-crm-2022-finance-lease-liability-to-be-paid-year-two-usd-0001108524-22-000013,bm25,True,both,0.0,0.0,0.0,2,0.0,0.0,0.0,2,0.0,0.0,0.0,2,0.0,0.0,0.0,3,0.0,0.0,0.0,3,0.0,0.0,0.0,4,0.0,0.0,0.0,5,0.0,0.0,0.0,8
xbrl-crm-2022-finance-lease-liability-to-be-paid-year-two-usd-0001108524-22-000013,hybrid,True,both,0.0,0.0,0.0,5,0.0,0.0,0.0,8,0.0,0.0,0.0,9,0.0,0.0,0.0,9,0.0,0.0,0.0,9,0.0,0.0,0.0,9,0.0,0.0,0.0,10,0.0,0.0,0.0,13
xbrl-crm-2022-deferred-tax-assets-goodwill-and-intangible-assets-usd-0001108524-22-000013,bm25,True,both,0.3333333333333333,0.1201,0.0714,5,0.3333333333333333,0.1309,0.0909,5,0.3333333333333333,0.148,0.125,5,0.3333333333333333,0.1672,0.1667,5,0.3333333333333333,0.1815,0.2,5,0.3333333333333333,0.1815,0.2,5,0.3333333333333333,0.2021,0.25,10,0.3333333333333333,0.2021,0.25,10
xbrl-crm-2022-deferred-tax-assets-goodwill-and-intangible-assets-usd-0001108524-22-000013,hybrid,True,both,0.3333333333333333,0.1309,0.0909,4,0.3333333333333333,0.1564,0.1429,5,0.3333333333333333,0.2346,0.3333,6,0.3333333333333333,0.2346,0.3333,9,0.3333333333333333,0.2346,0.3333,11,0.3333333333333333,0.2346,0.3333,12,0.3333333333333333,0.2346,0.3333,13,0.3333333333333333,0.2346,0.3333,15
xbrl-crm-2022-finite-lived-intangible-asset-expected-amortization-year-one-usd-0001108524-22-000013,bm25,True,prose,1.0,0.6241,0.5,1,1.0,0.6241,0.5,3,1.0,0.6241,0.5,4,1.0,0.6241,0.5,4,1.0,0.6241,0.5,4,1.0,0.6053,0.5,4,1.0,0.5641,0.5,6,1.0,0.3795,0.1667,9
xbrl-crm-2022-finite-lived-intangible-asset-expected-amortization-year-one-usd-0001108524-22-000013,hybrid,True,prose,1.0,0.6934,0.5,6,1.0,0.6934,0.5,6,1.0,0.5912,0.5,8,1.0,0.7842,1.0,9,1.0,0.3754,0.1429,9,1.0,0.3243,0.0909,11,0.5,0.1569,0.0714,13,0.0,0.0,0.0,15
xbrl-crm-2022-unrecognized-tax-benefits-increase-resulting-from-current-period-tax-positions-usd-0001108524-22-000013,bm25,True,tables,1.0,0.3155,0.125,1,1.0,0.3333,0.1429,1,1.0,0.3562,0.1667,1,1.0,0.4307,0.25,1,1.0,0.4307,0.25,1,1.0,0.6309,0.5,1,1.0,0.6309,0.5,3,1.0,1.0,1.0,6
xbrl-crm-2022-unrecognized-tax-benefits-increase-resulting-from-current-period-tax-positions-usd-0001108524-22-000013,hybrid,True,tables,1.0,0.3562,0.1667,1,1.0,0.4307,0.25,3,1.0,0.5,0.3333,7,1.0,0.6309,0.5,9,1.0,0.6309,0.5,10,1.0,1.0,1.0,10,1.0,1.0,1.0,13,1.0,1.0,1.0,14
xbrl-crm-2022-property-plant-and-equipment-and-finance-lease-right-of-use-asset-accumulated-depreciation-and-amortization-usd-0001108524-22-000013,bm25,True,both,1.0,0.7845,1.0,6,1.0,0.7921,1.0,6,1.0,0.7921,1.0,7,1.0,0.807,1.0,7,1.0,0.6338,0.5,7,1.0,0.625,0.5,7,0.6666666666666666,0.5307,0.5,11,0.6666666666666666,0.4776,0.5,13
xbrl-crm-2022-property-plant-and-equipment-and-finance-lease-right-of-use-asset-accumulated-depreciation-and-amortization-usd-0001108524-22-000013,hybrid,True,both,1.0,0.7566,1.0,7,0.6666666666666666,0.6714,1.0,9,0.6666666666666666,0.5307,0.5,10,0.6666666666666666,0.4632,0.5,12,0.6666666666666666,0.4373,0.5,12,0.6666666666666666,0.4229,0.5,12,0.3333333333333333,0.2961,0.5,16,0.3333333333333333,0.2961,0.5,16
xbrl-crm-2022-deferred-tax-assets-operating-loss-carryforwards-usd-0001108524-22-000013,bm25,True,tables,1.0,0.256,0.0714,2,1.0,0.301,0.1111,2,1.0,0.3562,0.1667,3,1.0,0.4307,0.25,3,1.0,0.4307,0.25,3,1.0,0.5,0.3333,3,1.0,0.6309,0.5,6,1.0,0.6309,0.5,7
xbrl-crm-2022-deferred-tax-assets-operating-loss-carryforwards-usd-0001108524-22-000013,hybrid,True,tables,1.0,0.4307,0.25,3,1.0,0.5,0.3333,4,1.0,0.6309,0.5,5,1.0,1.0,1.0,9,1.0,1.0,1.0,9,1.0,1.0,1.0,10,1.0,1.0,1.0,11,1.0,1.0,1.0,14
xbrl-crm-2022-lessee-operating-lease-liability-to-be-paid-year-two-usd-0001108524-22-000013,bm25,True,tables,0.0,0.0,0.0,1,0.0,0.0,0.0,1,0.0,0.0,0.0,1,0.0,0.0,0.0,2,0.0,0.0,0.0,2,0.0,0.0,0.0,2,0.0,0.0,0.0,3,0.0,0.0,0.0,8
xbrl-crm-2022-lessee-operating-lease-liability-to-be-paid-year-two-usd-0001108524-22-000013,hybrid,True,tables,0.0,0.0,0.0,3,0.3333333333333333,0.1268,0.0833,7,0.3333333333333333,0.148,0.125,8,0.3333333333333333,0.1815,0.2,8,0.3333333333333333,0.1672,0.1667,8,0.3333333333333333,0.1672,0.1667,8,0.3333333333333333,0.1309,0.0909,11,0.3333333333333333,0.148,0.125,13
xbrl-crm-2022-capitalized-contract-cost-net-current-usd-0001108524-22-000013,bm25,True,tables,1.0,0.3562,0.1667,3,1.0,0.4307,0.25,3,1.0,0.4307,0.25,4,1.0,0.5,0.3333,4,1.0,1.0,1.0,5,1.0,1.0,1.0,5,1.0,1.0,1.0,5,1.0,1.0,1.0,9
xbrl-crm-2022-capitalized-contract-cost-net-current-usd-0001108524-22-000013,hybrid,True,tables,1.0,0.5,0.3333,5,1.0,0.5,0.3333,8,1.0,1.0,1.0,9,1.0,1.0,1.0,10,1.0,1.0,1.0,10,1.0,1.0,1.0,10,1.0,1.0,1.0,11,1.0,1.0,1.0,12
xbrl-crm-2022-payments-to-acquire-businesses-net-of-cash-acquired-usd-0001108524-22-000013,bm25,True,tables,0.0,0.0,0.0,0,0.0,0.0,0.0,0,0.0,0.0,0.0,0,0.0,0.0,0.0,0,0.0,0.0,0.0,0,0.0,0.0,0.0,0,1.0,0.2626,0.0769,3,1.0,0.4307,0.25,9
xbrl-crm-2022-payments-to-acquire-businesses-net-of-cash-acquired-usd-0001108524-22-000013,hybrid,True,tables,0.0,0.0,0.0,0,0.0,0.0,0.0,0,1.0,0.2789,0.0909,5,1.0,0.3562,0.1667,8,1.0,1.0,1.0,8,1.0,1.0,1.0,8,1.0,0.6309,0.5,11,1.0,1.0,1.0,15
xbrl-crm-2022-long-term-debt-maturity-year-three-usd-0001108524-22-000013,bm25,True,tables,0.0,0.0,0.0,1,0.0,0.0,0.0,1,0.0,0.0,0.0,2,0.0,0.0,0.0,2,0.0,0.0,0.0,2,0.0,0.0,0.0,2,0.0,0.0,0.0,5,0.6666666666666666,0.2434,0.0769,11
xbrl-crm-2022-long-term-debt-maturity-year-three-usd-0001108524-22-000013,hybrid,True,tables,0.6666666666666666,0.2434,0.0769,6,0.6666666666666666,0.2837,0.125,8,0.6666666666666666,0.2977,0.1429,9,0.6666666666666666,0.2977,0.1429,9,0.6666666666666666,0.2977,0.1429,9,0.6666666666666666,0.2977,0.1429,9,0.6666666666666666,0.3487,0.2,11,0.6666666666666666,0.3487,0.2,14
xbrl-crm-2022-finance-lease-right-of-use-asset-amortization-usd-0001108524-22-000013,bm25,True,prose,0.3333333333333333,0.1233,0.0769,5,0.3333333333333333,0.1233,0.0769,6,0.3333333333333333,0.1233,0.0769,7,0.3333333333333333,0.1201,0.0714,7,0.3333333333333333,0.1173,0.0667,7,0.3333333333333333,0.1173,0.0667,7,0.3333333333333333,0.1173,0.0667,7,0.0,0.0,0.0,11
xbrl-crm-2022-finance-lease-right-of-use-asset-amortization-usd-0001108524-22-000013,hybrid,True,prose,0.0,0.0,0.0,7,0.0,0.0,0.0,8,0.0,0.0,0.0,11,0.0,0.0,0.0,11,0.0,0.0,0.0,11,0.0,0.0,0.0,11,0.0,0.0,0.0,13,0.0,0.0,0.0,16
xbrl-crm-2022-operating-lease-liability-usd-0001108524-22-000013,bm25,True,tables,0.5,0.161,0.0769,3,0.5,0.171,0.0909,4,0.5,0.171,0.0909,4,0.5,0.1772,0.1,5,0.5,0.1772,0.1,5,0.5,0.1772,0.1,5,1.0,0.3577,0.1429,7,1.0,0.4723,0.3333,9
xbrl-crm-2022-operating-lease-liability-usd-0001108524-22-000013,hybrid,True,tables,1.0,0.3545,0.125,7,1.0,0.4413,0.25,8,1.0,0.4486,0.25,9,1.0,0.4685,0.25,10,1.0,0.4825,0.25,10,1.0,0.4685,0.25,10,1.0,0.5013,0.25,12,1.0,0.525,0.3333,13
xbrl-crm-2022-liabilities-usd-0001108524-22-000013,bm25,True,tables,0.0,0.0,0.0,1,0.0,0.0,0.0,1,0.0,0.0,0.0,1,0.0,0.0,0.0,1,0.0,0.0,0.0,1,0.0,0.0,0.0,1,0.0,0.0,0.0,1,1.0,0.3562,0.1667,5
xbrl-crm-2022-liabilities-usd-0001108524-22-000013,hybrid,True,tables,0.0,0.0,0.0,5,1.0,0.256,0.0714,9,1.0,0.256,0.0714,9,1.0,0.256,0.0714,9,1.0,1.0,1.0,9,1.0,1.0,1.0,9,1.0,1.0,1.0,10,1.0,1.0,1.0,14
xbrl-crm-2023-unrecognized-tax-benefits-that-would-impact-effective-tax-rate-usd-0001108524-23-000011,bm25,True,tables,0.0,0.0,0.0,1,0.0,0.0,0.0,1,0.0,0.0,0.0,1,0.0,0.0,0.0,1,0.0,0.0,0.0,1,0.0,0.0,0.0,1,0.0,0.0,0.0,2,0.0,0.0,0.0,5
xbrl-crm-2023-unrecognized-tax-benefits-that-would-impact-effective-tax-rate-usd-0001108524-23-000011,hybrid,True,tables,0.0,0.0,0.0,1,0.0,0.0,0.0,2,0.0,0.0,0.0,5,0.0,0.0,0.0,9,0.0,0.0,0.0,9,0.0,0.0,0.0,10,0.0,0.0,0.0,10,0.0,0.0,0.0,11
xbrl-crm-2023-deferred-tax-liabilities-intangible-assets-usd-0001108524-23-000011,bm25,True,tables,0.0,0.0,0.0,4,0.0,0.0,0.0,4,0.0,0.0,0.0,4,0.0,0.0,0.0,5,0.0,0.0,0.0,5,0.0,0.0,0.0,5,0.0,0.0,0.0,5,0.0,0.0,0.0,11
xbrl-crm-2023-deferred-tax-liabilities-intangible-assets-usd-0001108524-23-000011,hybrid,True,tables,0.0,0.0,0.0,5,0.0,0.0,0.0,5,0.0,0.0,0.0,8,0.0,0.0,0.0,11,0.0,0.0,0.0,12,0.0,0.0,0.0,12,0.0,0.0,0.0,14,0.0,0.0,0.0,15
xbrl-crm-2023-income-loss-from-continuing-operations-before-income-taxes-domestic-usd-0001108524-23-000011,bm25,True,both,0.0,0.0,0.0,5,0.0,0.0,0.0,6,0.0,0.0,0.0,6,0.0,0.0,0.0,6,0.0,0.0,0.0,8,0.0,0.0,0.0,8,0.0,0.0,0.0,8,0.3333333333333333,0.1148,0.0625,11
xbrl-crm-2023-income-loss-from-continuing-operations-before-income-taxes-domestic-usd-0001108524-23-000011,hybrid,True,both,0.0,0.0,0.0,7,0.0,0.0,0.0,10,0.3333333333333333,0.1309,0.0909,13,0.3333333333333333,0.1357,0.1,13,0.3333333333333333,0.1413,0.1111,13,0.3333333333333333,0.1413,0.1111,14,0.3333333333333333,0.148,0.125,14,0.3333333333333333,0.148,0.125,15
xbrl-crm-2023-increase-decrease-in-prepaid-expense-and-other-assets-usd-0001108524-23-000011,bm25,True,both,0.0,0.0,0.0,0,0.0,0.0,0.0,0,0.0,0.0,0.0,0,0.3333333333333333,0.1268,0.0833,1,0.3333333333333333,0.148,0.125,1,0.3333333333333333,0.1815,0.2,1,0.3333333333333333,0.4693,1.0,3,0.3333333333333333,0.4693,1.0,9
xbrl-crm-2023-increase-decrease-in-prepaid-expense-and-other-assets-usd-0001108524-23-000011,hybrid,True,both,0.3333333333333333,0.1413,0.1111,1,0.3333333333333333,0.1672,0.1667,5,0.3333333333333333,0.2961,0.5,6,0.3333333333333333,0.4693,1.0,9,0.3333333333333333,0.4693,1.0,9,0.3333333333333333,0.4693,1.0,9,0.3333333333333333,0.4693,1.0,11,0.3333333333333333,0.2961,0.5,14
xbrl-crm-2023-long-term-debt-maturity-year-one-usd-0001108524-23-000011,bm25,True,tables,0.5,0.2184,0.1667,1,0.5,0.2184,0.1667,1,0.5,0.2641,0.25,1,0.5,0.2641,0.25,1,0.5,0.2641,0.25,1,0.5,0.2641,0.25,1,0.5,0.3066,0.3333,2,0.5,0.6131,1.0,11
xbrl-crm-2023-long-term-debt-maturity-year-one-usd-0001108524-23-000011,hybrid,True,tables,0.5,0.6131,1.0,6,0.5,0.6131,1.0,8,0.5,0.6131,1.0,9,0.5,0.6131,1.0,9,0.5,0.6131,1.0,9,0.5,0.6131,1.0,9,0.5,0.6131,1.0,11,1.0,0.7842,1.0,13
xbrl-crm-2023-operating-expenses-usd-0001108524-23-000011,bm25,True,tables,0.0,0.0,0.0,0,0.0,0.0,0.0,0,0.0,0.0,0.0,1,0.0,0.0,0.0,1,0.0,0.0,0.0,1,0.0,0.0,0.0,1,0.3333333333333333,0.1413,0.1111,3,1.0,0.4702,0.25,8
xbrl-crm-2023-operating-expenses-usd-0001108524-23-000011,hybrid,True,tables,0.3333333333333333,0.1413,0.1111,4,0.3333333333333333,0.2961,0.5,6,0.6666666666666666,0.6364,1.0,9,0.6666666666666666,0.6508,1.0,9,0.6666666666666666,0.4776,0.5,10,0.6666666666666666,0.6508,1.0,10,0.6666666666666666,0.6508,1.0,11,0.6666666666666666,0.6508,1.0,13
xbrl-crm-2023-lessee-operating-lease-liability-to-be-paid-after-year-five-usd-0001108524-23-000011,bm25,True,tables,0.0,0.0,0.0,1,0.0,0.0,0.0,1,0.0,0.0,0.0,1,0.0,0.0,0.0,1,0.0,0.0,0.0,1,0.0,0.0,0.0,2,0.0,0.0,0.0,3,0.0,0.0,0.0,8
xbrl-crm-2023-lessee-operating-lease-liability-to-be-paid-after-year-five-usd-0001108524-23-000011,hybrid,True,tables,1.0,0.25,0.0667,4,1.0,0.2702,0.0833,8,1.0,0.3333,0.1429,8,1.0,0.3869,0.2,9,1.0,0.3869,0.2,9,1.0,0.3562,0.1667,9,1.0,0.2891,0.1,11,1.0,0.3155,0.125,14
xbrl-crm-2023-finance-lease-principal-payments-usd-0001108524-23-000011,bm25,True,tables,0.0,0.0,0.0,5,0.0,0.0,0.0,5,0.0,0.0,0.0,5,0.0,0.0,0.0,5,0.3333333333333333,0.1148,0.0625,6,0.3333333333333333,0.1148,0.0625,6,0.3333333333333333,0.1233,0.0769,6,0.3333333333333333,0.1413,0.1111,8
xbrl-crm-2023-finance-lease-principal-payments-usd-0001108524-23-000011,hybrid,True,tables,0.0,0.0,0.0,5,0.3333333333333333,0.1309,0.0909,8,0.3333333333333333,0.148,0.125,10,0.6666666666666666,0.2789,0.125,12,0.6666666666666666,0.2837,0.125,12,0.6666666666666666,0.2837,0.125,12,1.0,0.3778,0.0909,16,1.0,0.3762,0.1,16
xbrl-crm-2023-revenue-from-contract-with-customer-excluding-assessed-tax-usd-0001108524-23-000011,bm25,True,tables,0.0,0.0,0.0,0,0.0,0.0,0.0,1,0.0,0.0,0.0,1,0.0,0.0,0.0,1,0.0,0.0,0.0,1,0.0,0.0,0.0,2,0.0,0.0,0.0,4,0.0,0.0,0.0,4
xbrl-crm-2023-revenue-from-contract-with-customer-excluding-assessed-tax-usd-0001108524-23-000011,hybrid,True,tables,0.0,0.0,0.0,3,0.0,0.0,0.0,3,0.0,0.0,0.0,6,0.0,0.0,0.0,8,0.0,0.0,0.0,8,0.0,0.0,0.0,8,0.0,0.0,0.0,10,0.0,0.0,0.0,13
xbrl-crm-2023-liabilities-current-usd-0001108524-23-000011,bm25,True,tables,1.0,0.2626,0.0769,1,1.0,0.2789,0.0909,1,1.0,0.3333,0.1429,3,1.0,0.3869,0.2,3,1.0,0.5,0.3333,4,1.0,0.5,0.3333,4,1.0,0.6309,0.5,6,1.0,1.0,1.0,7
xbrl-crm-2023-liabilities-current-usd-0001108524-23-000011,hybrid,True,tables,1.0,0.6309,0.5,8,1.0,1.0,1.0,10,1.0,1.0,1.0,10,1.0,1.0,1.0,11,1.0,1.0,1.0,11,1.0,1.0,1.0,11,1.0,1.0,1.0,13,1.0,1.0,1.0,15
xbrl-crm-2023-assets-current-usd-0001108524-23-000011,bm25,True,tables,0.0,0.0,0.0,0,1.0,0.25,0.0667,1,1.0,0.2702,0.0833,1,1.0,0.301,0.1111,2,1.0,0.3155,0.125,2,1.0,0.3869,0.2,2,1.0,0.5,0.3333,7,1.0,1.0,1.0,11
xbrl-crm-2023-assets-current-usd-0001108524-23-000011,hybrid,True,tables,1.0,0.6309,0.5,6,1.0,1.0,1.0,9,1.0,1.0,1.0,9,1.0,1.0,1.0,9,1.0,1.0,1.0,10,1.0,1.0,1.0,10,1.0,1.0,1.0,13,1.0,1.0,1.0,15
xbrl-crm-2023-effective-income-tax-rate-reconciliation-other-adjustments-amount-usd-0001108524-23-000011,bm25,True,prose,0.0,0.0,0.0,1,0.0,0.0,0.0,2,0.0,0.0,0.0,2,0.0,0.0,0.0,2,0.0,0.0,0.0,2,0.0,0.0,0.0,2,0.0,0.0,0.0,7,0.0,0.0,0.0,10
xbrl-crm-2023-effective-income-tax-rate-reconciliation-other-adjustments-amount-usd-0001108524-23-000011,hybrid,True,prose,0.0,0.0,0.0,3,0.0,0.0,0.0,7,0.0,0.0,0.0,10,0.0,0.0,0.0,10,0.0,0.0,0.0,10,0.0,0.0,0.0,11,0.0,0.0,0.0,11,0.0,0.0,0.0,13
xbrl-crm-2023-depreciation-depletion-and-amortization-nonproduction-usd-0001108524-23-000011,bm25,True,tables,1.0,0.2789,0.0909,3,1.0,0.2891,0.1,3,1.0,0.301,0.1111,3,1.0,0.3155,0.125,3,1.0,0.3869,0.2,4,1.0,0.3869,0.2,6,1.0,0.5,0.3333,8,1.0,0.6309,0.5,10
xbrl-crm-2023-depreciation-depletion-and-amortization-nonproduction-usd-0001108524-23-000011,hybrid,True,tables,0.0,0.0,0.0,2,1.0,0.3333,0.1429,8,1.0,0.4307,0.25,9,1.0,0.4307,0.25,9,1.0,0.4307,0.25,10,1.0,0.4307,0.25,10,1.0,0.4307,0.25,10,1.0,0.3869,0.2,15
xbrl-crm-2023-amortization-of-above-and-below-market-leases-usd-0001108524-23-000011,bm25,True,tables,0.0,0.0,0.0,0,0.0,0.0,0.0,0,0.0,0.0,0.0,1,0.0,0.0,0.0,1,0.0,0.0,0.0,1,0.0,0.0,0.0,1,0.0,0.0,0.0,7,0.0,0.0,0.0,13
xbrl-crm-2023-amortization-of-above-and-below-market-leases-usd-0001108524-23-000011,hybrid,True,tables,0.0,0.0,0.0,3,0.5,0.161,0.0769,6,0.5,0.1772,0.1,8,0.5,0.1846,0.1111,9,0.5,0.1846,0.1111,9,0.5,0.1846,0.1111,9,0.5,0.1657,0.0833,11,0.5,0.161,0.0769,14
xbrl-crm-2023-long-term-debt-gross-usd-0001108524-23-000011,bm25,True,both,0.6666666666666666,0.2797,0.1429,0,0.6666666666666666,0.2797,0.1429,0,0.6666666666666666,0.2797,0.1429,0,0.6666666666666666,0.2797,0.1429,0,0.6666666666666666,0.2797,0.1429,0,0.6666666666666666,0.2797,0.1429,1,0.3333333333333333,0.1564,0.1429,5,0.3333333333333333,0.1201,0.0714,8
xbrl-crm-2023-long-term-debt-gross-usd-0001108524-23-000011,hybrid,True,both,0.6666666666666666,0.4441,0.5,4,0.3333333333333333,0.2961,0.5,7,0.3333333333333333,0.1173,0.0667,8,0.3333333333333333,0.1173,0.0667,8,0.3333333333333333,0.1173,0.0667,8,0.3333333333333333,0.1173,0.0667,8,0.3333333333333333,0.1148,0.0625,9,0.3333333333333333,0.1672,0.1667,15
xbrl-crm-2023-other-nonoperating-expense-usd-0001108524-23-000011,bm25,True,both,0.0,0.0,0.0,0,0.0,0.0,0.0,0,0.0,0.0,0.0,0,0.0,0.0,0.0,0,0.0,0.0,0.0,0,0.0,0.0,0.0,0,0.3333333333333333,0.1357,0.1,1,0.3333333333333333,0.4693,1.0,2
xbrl-crm-2023-other-nonoperating-expense-usd-0001108524-23-000011,hybrid,True,both,0.3333333333333333,0.1815,0.2,0,0.3333333333333333,0.2961,0.5,4,0.3333333333333333,0.4693,1.0,7,0.0,0.0,0.0,8,0.0,0.0,0.0,8,0.0,0.0,0.0,8,0.0,0.0,0.0,9,0.3333333333333333,0.1413,0.1111,12
xbrl-crm-2023-capitalized-contract-cost-net-noncurrent-usd-0001108524-23-000011,bm25,True,tables,1.0,1.0,1.0,4,1.0,1.0,1.0,4,1.0,1.0,1.0,4,1.0,1.0,1.0,5,1.0,1.0,1.0,6,1.0,1.0,1.0,7,1.0,1.0,1.0,9,1.0,1.0,1.0,12
xbrl-crm-2023-capitalized-contract-cost-net-noncurrent-usd-0001108524-23-000011,hybrid,True,tables,1.0,0.6309,0.5,5,1.0,0.6309,0.5,9,1.0,0.6309,0.5,10,1.0,1.0,1.0,12,1.0,1.0,1.0,13,1.0,1.0,1.0,13,1.0,1.0,1.0,14,1.0,1.0,1.0,16
xbrl-crm-2023-debt-securities-available-for-sale-accumulated-gross-unrealized-loss-before-tax-usd-0001108524-23-000011,bm25,True,tables,0.0,0.0,0.0,1,0.0,0.0,0.0,1,0.0,0.0,0.0,2,0.0,0.0,0.0,2,0.0,0.0,0.0,2,0.0,0.0,0.0,2,0.0,0.0,0.0,10,0.5,0.1533,0.0667,14
xbrl-crm-2023-debt-securities-available-for-sale-accumulated-gross-unrealized-loss-before-tax-usd-0001108524-23-000011,hybrid,True,tables,0.0,0.0,0.0,1,0.0,0.0,0.0,6,0.5,0.1934,0.125,9,0.5,0.2184,0.1667,10,0.5,0.2184,0.1667,11,0.5,0.2184,0.1667,11,0.5,0.2184,0.1667,15,0.5,0.2184,0.1667,16
xbrl-crm-2023-convertible-debt-current-usd-0001108524-23-000011,bm25,True,tables,0.5,0.1533,0.0667,2,1.0,0.3069,0.0714,3,1.0,0.321,0.0909,3,1.0,0.3467,0.125,3,1.0,0.3701,0.1429,3,1.0,0.3816,0.1429,3,1.0,0.525,0.3333,5,1.0,0.6509,0.5,7
xbrl-crm-2023-convertible-debt-current-usd-0001108524-23-000011,hybrid,True,tables,1.0,0.5706,0.3333,7,1.0,0.6934,0.5,8,1.0,0.6934,0.5,9,1.0,0.6934,0.5,10,1.0,0.6934,0.5,10,1.0,0.6934,0.5,10,1.0,0.6934,0.5,11,1.0,0.6934,0.5,13
xbrl-crm-2023-finite-lived-intangible-assets-net-usd-0001108524-23-000011,bm25,True,both,0.3333333333333333,0.2961,0.5,4,0.6666666666666666,0.4109,0.5,5,0.6666666666666666,0.4162,0.5,7,0.6666666666666666,0.4229,0.5,7,0.6666666666666666,0.4229,0.5,8,0.6666666666666666,0.4229,0.5,9,0.6666666666666666,0.3152,0.1667,9,0.6666666666666666,0.3124,0.2,11
xbrl-crm-2023-finite-lived-intangible-assets-net-usd-0001108524-23-000011,hybrid,True,both,0.3333333333333333,0.4693,1.0,8,0.6666666666666666,0.5894,1.0,9,0.6666666666666666,0.3579,0.3333,11,0.6666666666666666,0.2769,0.1111,11,0.6666666666666666,0.2586,0.1111,13,0.6666666666666666,0.2586,0.1111,13,0.6666666666666666,0.2586,0.1111,13,0.3333333333333333,0.1413,0.1111,15
xbrl-crm-2024-share-based-payment-arrangement-noncash-expense-usd-0001108524-24-000005,bm25,True,tables,0.0,0.0,0.0,0,0.0,0.0,0.0,0,0.0,0.0,0.0,0,0.0,0.0,0.0,0,0.0,0.0,0.0,0,0.0,0.0,0.0,1,0.0,0.0,0.0,2,0.0,0.0,0.0,3
xbrl-crm-2024-share-based-payment-arrangement-noncash-expense-usd-0001108524-24-000005,hybrid,True,tables,0.0,0.0,0.0,0,0.0,0.0,0.0,1,0.0,0.0,0.0,7,0.0,0.0,0.0,8,0.0,0.0,0.0,8,0.0,0.0,0.0,8,0.0,0.0,0.0,9,0.0,0.0,0.0,12
xbrl-crm-2024-current-income-tax-expense-benefit-usd-0001108524-24-000005,bm25,True,tables,1.0,0.2891,0.1,3,1.0,0.301,0.1111,3,1.0,0.3333,0.1429,3,1.0,0.3333,0.1429,3,1.0,0.3333,0.1429,4,1.0,0.3333,0.1429,4,1.0,0.5,0.3333,6,1.0,0.6309,0.5,9
xbrl-crm-2024-current-income-tax-expense-benefit-usd-0001108524-24-000005,hybrid,True,tables,1.0,0.3155,0.125,3,1.0,0.4307,0.25,6,1.0,0.5,0.3333,11,1.0,0.6309,0.5,11,1.0,0.6309,0.5,11,1.0,0.5,0.3333,11,1.0,0.6309,0.5,13,1.0,0.5,0.3333,15
xbrl-crm-2024-prepaid-expense-and-other-assets-current-usd-0001108524-24-000005,bm25,True,tables,1.0,0.5,0.3333,2,1.0,0.5,0.3333,2,1.0,1.0,1.0,2,1.0,1.0,1.0,2,1.0,1.0,1.0,2,1.0,1.0,1.0,2,1.0,1.0,1.0,8,1.0,1.0,1.0,12
xbrl-crm-2024-prepaid-expense-and-other-assets-current-usd-0001108524-24-000005,hybrid,True,tables,1.0,1.0,1.0,2,1.0,1.0,1.0,6,1.0,1.0,1.0,9,1.0,1.0,1.0,9,1.0,1.0,1.0,9,1.0,1.0,1.0,9,1.0,1.0,1.0,10,1.0,1.0,1.0,16
xbrl-crm-2024-deferred-tax-assets-tax-deferred-expense-reserves-and-accruals-accrued-liabilities-usd-0001108524-24-000005,bm25,True,tables,0.0,0.0,0.0,3,0.0,0.0,0.0,3,0.0,0.0,0.0,3,0.0,0.0,0.0,3,0.0,0.0,0.0,4,0.0,0.0,0.0,4,0.0,0.0,0.0,5,0.0,0.0,0.0,7
xbrl-crm-2024-deferred-tax-assets-tax-deferred-expense-reserves-and-accruals-accrued-liabilities-usd-0001108524-24-000005,hybrid,True,tables,0.0,0.0,0.0,4,0.0,0.0,0.0,6,0.3333333333333333,0.1173,0.0667,10,0.3333333333333333,0.1173,0.0667,10,0.3333333333333333,0.1173,0.0667,10,0.3333333333333333,0.1173,0.0667,10,0.0,0.0,0.0,13,0.3333333333333333,0.1413,0.1111,15
xbrl-crm-2024-selling-and-marketing-expense-usd-0001108524-24-000005,bm25,True,tables,0.0,0.0,0.0,1,0.0,0.0,0.0,1,0.0,0.0,0.0,2,0.0,0.0,0.0,2,0.3333333333333333,0.1201,0.0714,3,0.3333333333333333,0.1268,0.0833,3,0.3333333333333333,0.1815,0.2,4,1.0,0.4788,0.3333,13
xbrl-crm-2024-selling-and-marketing-expense-usd-0001108524-24-000005,hybrid,True,tables,0.0,0.0,0.0,3,0.0,0.0,0.0,8,0.0,0.0,0.0,9,0.3333333333333333,0.2961,0.5,10,0.3333333333333333,0.2346,0.3333,10,0.3333333333333333,0.1815,0.2,10,1.0,0.4565,0.1667,14,1.0,0.4457,0.1429,15
xbrl-crm-2024-deferred-tax-liabilities-gross-usd-0001108524-24-000005,bm25,True,tables,1.0,0.4307,0.25,4,1.0,0.4307,0.25,4,1.0,0.4307,0.25,4,1.0,0.4307,0.25,4,1.0,0.5,0.3333,4,1.0,1.0,1.0,4,1.0,1.0,1.0,6,1.0,1.0,1.0,10
xbrl-crm-2024-deferred-tax-liabilities-gross-usd-0001108524-24-000005,hybrid,True,tables,1.0,0.5,0.3333,5,1.0,1.0,1.0,6,1.0,1.0,1.0,10,1.0,1.0,1.0,10,1.0,1.0,1.0,10,1.0,1.0,1.0,10,1.0,1.0,1.0,12,1.0,1.0,1.0,13
xbrl-crm-2024-increase-decrease-in-accounts-payable-and-accrued-liabilities-usd-0001108524-24-000005,bm25,True,both,1.0,0.6934,0.5,2,1.0,0.6934,0.5,2,1.0,0.6934,0.5,2,1.0,0.9197,1.0,2,1.0,0.9197,1.0,2,1.0,0.8772,1.0,3,1.0,0.8772,1.0,4,1.0,0.8316,1.0,7
xbrl-crm-2024-increase-decrease-in-accounts-payable-and-accrued-liabilities-usd-0001108524-24-000005,hybrid,True,both,1.0,0.525,0.3333,2,1.0,0.8316,1.0,7,1.0,0.8175,1.0,10,1.0,0.8175,1.0,10,1.0,0.8175,1.0,10,1.0,0.5912,0.5,10,1.0,0.5714,0.5,11,1.0,0.5438,0.5,13
xbrl-crm-2024-right-of-use-asset-obtained-in-exchange-for-operating-lease-liability-usd-0001108524-24-000005,bm25,True,tables,0.5,0.6131,1.0,1,0.5,0.6131,1.0,2,0.5,0.6131,1.0,3,0.5,0.6131,1.0,3,0.5,0.6131,1.0,3,0.5,0.6131,1.0,4,0.5,0.6131,1.0,6,0.5,0.6131,1.0,11
xbrl-crm-2024-right-of-use-asset-obtained-in-exchange-for-operating-lease-liability-usd-0001108524-24-000005,hybrid,True,tables,0.5,0.6131,1.0,3,0.5,0.6131,1.0,6,0.5,0.6131,1.0,8,0.5,0.6131,1.0,9,0.5,0.6131,1.0,9,0.5,0.6131,1.0,10,0.5,0.6131,1.0,11,0.5,0.6131,1.0,15
xbrl-crm-2024-share-based-compensation-arrangement-by-share-based-payment-award-equity-instruments-other-than-options-vested-in-period-fair-value-usd-0001108524-24-000005,bm25,True,prose,0.0,0.0,0.0,1,0.0,0.0,0.0,2,0.0,0.0,0.0,2,0.0,0.0,0.0,2,0.0,0.0,0.0,2,0.0,0.0,0.0,2,0.0,0.0,0.0,8,0.0,0.0,0.0,12
xbrl-crm-2024-share-based-compensation-arrangement-by-share-based-payment-award-equity-instruments-other-than-options-vested-in-period-fair-value-usd-0001108524-24-000005,hybrid,True,prose,0.5,0.1657,0.0833,2,0.5,0.1569,0.0714,3,0.0,0.0,0.0,8,0.0,0.0,0.0,10,0.0,0.0,0.0,11,0.0,0.0,0.0,11,0.0,0.0,0.0,12,0.0,0.0,0.0,15
xbrl-crm-2024-retained-earnings-accumulated-deficit-usd-0001108524-24-000005,bm25,True,both,0.0,0.0,0.0,16,0.0,0.0,0.0,16,0.0,0.0,0.0,16,0.0,0.0,0.0,16,0.0,0.0,0.0,16,0.0,0.0,0.0,16,0.0,0.0,0.0,16,0.0,0.0,0.0,16
xbrl-crm-2024-retained-earnings-accumulated-deficit-usd-0001108524-24-000005,hybrid,True,both,0.3333333333333333,0.2961,0.5,11,0.6666666666666666,0.427,0.5,15,0.6666666666666666,0.4317,0.5,16,0.6666666666666666,0.4317,0.5,16,0.6666666666666666,0.4317,0.5,16,0.6666666666666666,0.4317,0.5,16,0.6666666666666666,0.4317,0.5,16,0.6666666666666666,0.4317,0.5,16
xbrl-crm-2024-payments-to-acquire-long-term-investments-usd-0001108524-24-000005,bm25,True,tables,0.0,0.0,0.0,0,0.0,0.0,0.0,0,0.0,0.0,0.0,0,0.0,0.0,0.0,0,0.0,0.0,0.0,0,0.0,0.0,0.0,0,0.0,0.0,0.0,1,0.0,0.0,0.0,4
xbrl-crm-2024-payments-to-acquire-long-term-investments-usd-0001108524-24-000005,hybrid,True,tables,0.0,0.0,0.0,0,0.0,0.0,0.0,3,0.0,0.0,0.0,6,0.0,0.0,0.0,8,0.0,0.0,0.0,8,0.0,0.0,0.0,8,0.0,0.0,0.0,10,0.0,0.0,0.0,12
xbrl-crm-2024-assets-current-usd-0001108524-24-000005,bm25,True,tables,1.0,0.2447,0.0625,1,1.0,0.2702,0.0833,1,1.0,0.2891,0.1,1,1.0,0.3155,0.125,2,1.0,0.3562,0.1667,2,1.0,0.3869,0.2,2,1.0,0.4307,0.25,7,1.0,1.0,1.0,11
xbrl-crm-2024-assets-current-usd-0001108524-24-000005,hybrid,True,tables,1.0,0.6309,0.5,6,1.0,1.0,1.0,9,1.0,1.0,1.0,9,1.0,1.0,1.0,10,1.0,1.0,1.0,11,1.0,1.0,1.0,11,1.0,1.0,1.0,12,1.0,1.0,1.0,15
xbrl-crm-2024-common-stock-value-issued-usd-0001108524-24-000005,bm25,True,tables,0.0,0.0,0.0,6,0.0,0.0,0.0,6,0.0,0.0,0.0,6,0.0,0.0,0.0,6,0.0,0.0,0.0,6,0.0,0.0,0.0,6,0.0,0.0,0.0,13,0.0,0.0,0.0,15
xbrl-crm-2024-common-stock-value-issued-usd-0001108524-24-000005,hybrid,True,tables,0.0,0.0,0.0,8,0.0,0.0,0.0,13,0.0,0.0,0.0,15,0.0,0.0,0.0,15,0.0,0.0,0.0,15,0.0,0.0,0.0,16,0.0,0.0,0.0,16,0.0,0.0,0.0,16
xbrl-crm-2024-lessee-operating-lease-liability-undiscounted-excess-amount-usd-0001108524-24-000005,bm25,True,both,0.5,0.6131,1.0,1,0.5,0.6131,1.0,2,0.5,0.6131,1.0,3,0.5,0.6131,1.0,3,0.5,0.6131,1.0,3,0.5,0.6131,1.0,3,0.5,0.3869,0.5,5,1.0,0.4251,0.25,6
xbrl-crm-2024-lessee-operating-lease-liability-undiscounted-excess-amount-usd-0001108524-24-000005,hybrid,True,both,1.0,0.7788,1.0,6,1.0,0.8066,1.0,6,1.0,0.8175,1.0,9,1.0,0.4556,0.2,10,1.0,0.4218,0.2,10,1.0,0.4218,0.2,10,1.0,0.4486,0.25,10,1.0,0.4029,0.2,12
xbrl-crm-2024-effective-income-tax-rate-reconciliation-change-in-deferred-tax-assets-valuation-allowance-amount-usd-0001108524-24-000005,bm25,True,tables,0.3333333333333333,0.1233,0.0769,4,0.3333333333333333,0.1268,0.0833,4,0.3333333333333333,0.1309,0.0909,4,0.3333333333333333,0.1309,0.0909,4,0.3333333333333333,0.1413,0.1111,4,0.3333333333333333,0.148,0.125,4,0.3333333333333333,0.1815,0.2,6,0.3333333333333333,0.2346,0.3333,7
xbrl-crm-2024-effective-income-tax-rate-reconciliation-change-in-deferred-tax-assets-valuation-allowance-amount-usd-0001108524-24-000005,hybrid,True,tables,0.0,0.0,0.0,3,0.3333333333333333,0.1413,0.1111,4,0.3333333333333333,0.148,0.125,7,0.3333333333333333,0.1672,0.1667,9,0.3333333333333333,0.2021,0.25,10,0.3333333333333333,0.2021,0.25,11,0.3333333333333333,0.2021,0.25,12,0.3333333333333333,0.2021,0.25,12
xbrl-crm-2024-share-based-compensation-arrangement-by-share-based-payment-award-options-forfeitures-and-expirations-in-period-shares-0001108524-24-000005,bm25,True,tables,0.0,0.0,0.0,0,0.0,0.0,0.0,0,0.0,0.0,0.0,0,0.0,0.0,0.0,0,0.0,0.0,0.0,0,0.0,0.0,0.0,0,0.0,0.0,0.0,3,0.0,0.0,0.0,7
xbrl-crm-2024-share-based-compensation-arrangement-by-share-based-payment-award-options-forfeitures-and-expirations-in-period-shares-0001108524-24-000005,hybrid,True,tables,0.0,0.0,0.0,1,0.0,0.0,0.0,1,0.0,0.0,0.0,6,0.0,0.0,0.0,8,0.0,0.0,0.0,9,0.0,0.0,0.0,9,0.0,0.0,0.0,10,0.0,0.0,0.0,15
xbrl-crm-2024-deferred-tax-liabilities-investments-usd-0001108524-24-000005,bm25,True,both,0.3333333333333333,0.2961,0.5,3,0.3333333333333333,0.2961,0.5,3,0.3333333333333333,0.2961,0.5,3,0.3333333333333333,0.2961,0.5,3,0.3333333333333333,0.2961,0.5,3,0.3333333333333333,0.2961,0.5,3,0.6666666666666666,0.3194,0.25,5,0.6666666666666666,0.3434,0.25,8
xbrl-crm-2024-deferred-tax-liabilities-investments-usd-0001108524-24-000005,hybrid,True,both,0.6666666666666666,0.2989,0.2,4,0.6666666666666666,0.3028,0.1667,5,0.6666666666666666,0.3172,0.2,9,0.6666666666666666,0.3501,0.25,11,0.6666666666666666,0.3501,0.25,11,0.6666666666666666,0.3501,0.25,11,0.6666666666666666,0.3501,0.25,11,0.6666666666666666,0.3254,0.25,13
xbrl-crm-2024-us-gaap-increasedecreaseinoperatingleaseliability-usd-0001108524-24-000005,bm25,False,both,0.0,0.0,0.0,0,0.0,0.0,0.0,0,0.0,0.0,0.0,0,0.0,0.0,0.0,0,0.0,0.0,0.0,0,0.0,0.0,0.0,0,0.0,0.0,0.0,0,0.0,0.0,0.0,0
xbrl-crm-2024-us-gaap-increasedecreaseinoperatingleaseliability-usd-0001108524-24-000005,hybrid,False,both,0.0,0.0,0.0,0,0.0,0.0,0.0,0,0.0,0.0,0.0,0,0.0,0.0,0.0,0,0.0,0.0,0.0,0,0.0,0.0,0.0,0,0.0,0.0,0.0,0,0.0,0.0,0.0,0
xbrl-crm-2024-cost-of-goods-and-services-sold-usd-0001108524-24-000005,bm25,True,tables,0.0,0.0,0.0,1,0.0,0.0,0.0,1,0.0,0.0,0.0,1,0.3333333333333333,0.1173,0.0667,2,0.3333333333333333,0.1357,0.1,2,0.3333333333333333,0.1413,0.1111,3,1.0,0.5027,0.3333,7,1.0,0.6797,0.5,13
xbrl-crm-2024-cost-of-goods-and-services-sold-usd-0001108524-24-000005,hybrid,True,tables,0.6666666666666666,0.2904,0.1667,3,0.6666666666666666,0.3827,0.3333,7,1.0,0.8855,1.0,10,1.0,0.906,1.0,10,1.0,0.9675,1.0,10,1.0,0.906,1.0,11,1.0,0.9469,1.0,12,1.0,0.9218,1.0,16
xbrl-crm-2024-finance-lease-liability-noncurrent-usd-0001108524-24-000005,bm25,True,tables,1.0,1.0,1.0,7,1.0,1.0,1.0,7,1.0,1.0,1.0,7,1.0,1.0,1.0,8,1.0,1.0,1.0,8,1.0,1.0,1.0,8,1.0,1.0,1.0,9,1.0,1.0,1.0,9
xbrl-crm-2024-finance-lease-liability-noncurrent-usd-0001108524-24-000005,hybrid,True,tables,1.0,0.6309,0.5,9,1.0,1.0,1.0,9,1.0,1.0,1.0,10,1.0,1.0,1.0,11,1.0,1.0,1.0,11,1.0,1.0,1.0,11,1.0,1.0,1.0,14,1.0,1.0,1.0,15
xbrl-crm-2025-other-nonoperating-income-expense-usd-0001108524-25-000006,bm25,True,tables,0.3333333333333333,0.1413,0.1111,1,0.3333333333333333,0.1672,0.1667,1,0.3333333333333333,0.1815,0.2,1,0.3333333333333333,0.2021,0.25,1,0.3333333333333333,0.2961,0.5,1,0.3333333333333333,0.4693,1.0,1,0.3333333333333333,0.4693,1.0,3,0.6666666666666666,0.6257,1.0,9
xbrl-crm-2025-other-nonoperating-income-expense-usd-0001108524-25-000006,hybrid,True,tables,0.0,0.0,0.0,3,0.6666666666666666,0.2964,0.2,9,0.6666666666666666,0.3693,0.25,10,0.6666666666666666,0.4776,0.5,11,0.6666666666666666,0.4776,0.5,11,0.6666666666666666,0.4776,0.5,11,0.6666666666666666,0.3836,0.25,12,0.6666666666666666,0.3693,0.25,15
xbrl-crm-2025-contract-with-customer-liability-increase-decrease-for-contract-acquired-in-business-combination-usd-0001108524-25-000006,bm25,True,both,0.3333333333333333,0.1815,0.2,0,0.3333333333333333,0.1815,0.2,0,0.3333333333333333,0.1815,0.2,0,0.3333333333333333,0.1815,0.2,0,0.3333333333333333,0.1815,0.2,0,0.3333333333333333,0.1815,0.2,0,0.3333333333333333,0.1815,0.2,1,0.3333333333333333,0.1413,0.1111,4
xbrl-crm-2025-contract-with-customer-liability-increase-decrease-for-contract-acquired-in-business-combination-usd-0001108524-25-000006,hybrid,True,both,0.3333333333333333,0.2021,0.25,0,0.3333333333333333,0.2021,0.25,0,0.3333333333333333,0.2021,0.25,5,0.3333333333333333,0.1309,0.0909,7,0.3333333333333333,0.1357,0.1,8,0.3333333333333333,0.1309,0.0909,8,0.3333333333333333,0.1309,0.0909,8,0.0,0.0,0.0,12
xbrl-crm-2025-other-liabilities-noncurrent-usd-0001108524-25-000006,bm25,True,tables,1.0,0.6309,0.5,5,1.0,1.0,1.0,5,1.0,1.0,1.0,7,1.0,1.0,1.0,7,1.0,1.0,1.0,7,1.0,1.0,1.0,7,1.0,1.0,1.0,7,1.0,1.0,1.0,9
xbrl-crm-2025-other-liabilities-noncurrent-usd-0001108524-25-000006,hybrid,True,tables,1.0,1.0,1.0,6,1.0,1.0,1.0,9,1.0,1.0,1.0,11,1.0,1.0,1.0,11,1.0,1.0,1.0,11,1.0,1.0,1.0,12,1.0,1.0,1.0,13,1.0,1.0,1.0,14
xbrl-crm-2025-cash-cash-equivalents-restricted-cash-and-restricted-cash-equivalents-usd-0001108524-25-000006,bm25,True,tables,0.5,0.3066,0.3333,5,1.0,0.4635,0.3333,6,1.0,0.5525,0.5,6,1.0,0.5579,0.5,6,1.0,0.7904,1.0,6,1.0,0.7904,1.0,6,1.0,0.8175,1.0,10,1.0,0.8316,1.0,12
xbrl-crm-2025-cash-cash-equivalents-restricted-cash-and-restricted-cash-equivalents-usd-0001108524-25-000006,hybrid,True,tables,1.0,0.7904,1.0,7,1.0,0.8066,1.0,10,1.0,0.8503,1.0,12,1.0,0.8503,1.0,13,1.0,0.8503,1.0,13,1.0,0.8503,1.0,14,1.0,0.8503,1.0,16,1.0,0.8772,1.0,16
xbrl-crm-2025-long-term-debt-maturity-year-four-usd-0001108524-25-000006,bm25,True,prose,1.0,0.2702,0.0833,1,1.0,0.2702,0.0833,1,1.0,0.2702,0.0833,1,1.0,0.2702,0.0833,1,1.0,0.2702,0.0833,1,1.0,0.2702,0.0833,1,1.0,0.2702,0.0833,2,0.0,0.0,0.0,8
xbrl-crm-2025-long-term-debt-maturity-year-four-usd-0001108524-25-000006,hybrid,True,prose,1.0,0.6309,0.5,4,1.0,0.6309,0.5,7,0.0,0.0,0.0,9,0.0,0.0,0.0,9,0.0,0.0,0.0,9,0.0,0.0,0.0,9,0.0,0.0,0.0,10,0.0,0.0,0.0,13
xbrl-crm-2025-deferred-tax-assets-valuation-allowance-usd-0001108524-25-000006,bm25,True,both,0.3333333333333333,0.4693,1.0,3,0.3333333333333333,0.4693,1.0,3,0.3333333333333333,0.4693,1.0,3,0.3333333333333333,0.4693,1.0,3,0.3333333333333333,0.4693,1.0,4,0.3333333333333333,0.4693,1.0,4,0.3333333333333333,0.2346,0.3333,5,0.6666666666666666,0.3579,0.3333,7
xbrl-crm-2025-deferred-tax-assets-valuation-allowance-usd-0001108524-25-000006,hybrid,True,both,0.3333333333333333,0.4693,1.0,3,0.6666666666666666,0.5961,1.0,5,0.6666666666666666,0.4373,0.5,7,0.6666666666666666,0.4441,0.5,9,0.6666666666666666,0.3911,0.3333,11,0.6666666666666666,0.3487,0.2,11,0.6666666666666666,0.3172,0.2,12,0.6666666666666666,0.3172,0.2,13
xbrl-crm-2025-effective-income-tax-rate-reconciliation-foreign-income-tax-rate-differential-amount-usd-0001108524-25-000006,bm25,True,tables,1.0,0.2626,0.0769,2,1.0,0.2702,0.0833,2,1.0,0.2702,0.0833,3,1.0,0.2702,0.0833,3,1.0,0.2891,0.1,4,1.0,0.301,0.1111,4,1.0,0.3562,0.1667,6,1.0,0.6309,0.5,8
xbrl-crm-2025-effective-income-tax-rate-reconciliation-foreign-income-tax-rate-differential-amount-usd-0001108524-25-000006,hybrid,True,tables,1.0,0.2891,0.1,5,1.0,0.3333,0.1429,7,1.0,0.4307,0.25,10,1.0,0.5,0.3333,11,1.0,0.6309,0.5,11,1.0,0.6309,0.5,11,1.0,0.6309,0.5,12,1.0,0.6309,0.5,16
xbrl-crm-2025-deferred-tax-assets-net-usd-0001108524-25-000006,bm25,True,tables,1.0,0.3869,0.2,4,1.0,0.4307,0.25,4,1.0,0.5,0.3333,4,1.0,0.6309,0.5,4,1.0,0.6309,0.5,4,1.0,1.0,1.0,4,1.0,1.0,1.0,5,1.0,1.0,1.0,8
xbrl-crm-2025-deferred-tax-assets-net-usd-0001108524-25-000006,hybrid,True,tables,1.0,0.4307,0.25,4,1.0,0.6309,0.5,5,1.0,0.6309,0.5,9,1.0,1.0,1.0,12,1.0,1.0,1.0,13,1.0,1.0,1.0,14,1.0,1.0,1.0,15,1.0,1.0,1.0,16
xbrl-crm-2025-current-foreign-tax-expense-benefit-usd-0001108524-25-000006,bm25,True,tables,0.5,0.2372,0.2,1,0.5,0.2372,0.2,2,0.5,0.2372,0.2,2,0.5,0.2641,0.25,2,0.5,0.3066,0.3333,3,0.5,0.3869,0.5,3,0.5,0.6131,1.0,4,0.5,0.6131,1.0,9
xbrl-crm-2025-current-foreign-tax-expense-benefit-usd-0001108524-25-000006,hybrid,True,tables,0.5,0.3869,0.5,3,0.5,0.6131,1.0,7,0.5,0.6131,1.0,9,0.5,0.6131,1.0,10,0.5,0.6131,1.0,11,0.5,0.6131,1.0,11,0.5,0.6131,1.0,12,0.5,0.6131,1.0,15
xbrl-crm-2025-cash-cash-equivalents-restricted-cash-and-restricted-cash-equivalents-period-increase-decrease-including-exchange-rate-effect-usd-0001108524-25-000006,bm25,True,tables,0.3333333333333333,0.4693,1.0,3,0.3333333333333333,0.4693,1.0,5,0.3333333333333333,0.4693,1.0,6,0.3333333333333333,0.4693,1.0,6,0.3333333333333333,0.4693,1.0,7,0.3333333333333333,0.4693,1.0,7,0.3333333333333333,0.4693,1.0,8,0.3333333333333333,0.4693,1.0,12
xbrl-crm-2025-cash-cash-equivalents-restricted-cash-and-restricted-cash-equivalents-period-increase-decrease-including-exchange-rate-effect-usd-0001108524-25-000006,hybrid,True,tables,0.3333333333333333,0.4693,1.0,2,0.3333333333333333,0.4693,1.0,5,0.3333333333333333,0.4693,1.0,9,0.3333333333333333,0.4693,1.0,11,0.3333333333333333,0.4693,1.0,12,0.3333333333333333,0.4693,1.0,13,0.3333333333333333,0.4693,1.0,15,0.3333333333333333,0.4693,1.0,16
xbrl-crm-2025-operating-lease-cost-usd-0001108524-25-000006,bm25,True,both,0.5,0.2641,0.25,3,0.5,0.2641,0.25,3,0.5,0.3066,0.3333,3,0.5,0.6131,1.0,3,0.5,0.6131,1.0,4,0.5,0.6131,1.0,4,0.5,0.6131,1.0,6,0.5,0.6131,1.0,9
xbrl-crm-2025-operating-lease-cost-usd-0001108524-25-000006,hybrid,True,both,0.5,0.3869,0.5,7,0.5,0.6131,1.0,7,0.5,0.6131,1.0,10,0.5,0.6131,1.0,11,0.5,0.6131,1.0,11,0.5,0.6131,1.0,11,0.5,0.6131,1.0,12,0.5,0.6131,1.0,15
xbrl-crm-2025-income-loss-from-continuing-operations-before-income-taxes-domestic-usd-0001108524-25-000006,bm25,True,tables,0.0,0.0,0.0,5,0.0,0.0,0.0,6,0.0,0.0,0.0,7,0.0,0.0,0.0,7,0.0,0.0,0.0,7,0.0,0.0,0.0,7,0.0,0.0,0.0,9,0.0,0.0,0.0,11
xbrl-crm-2025-income-loss-from-continuing-operations-before-income-taxes-domestic-usd-0001108524-25-000006,hybrid,True,tables,0.0,0.0,0.0,6,0.0,0.0,0.0,9,1.0,0.2626,0.0769,11,1.0,0.3155,0.125,12,1.0,0.3155,0.125,12,1.0,0.3155,0.125,12,1.0,0.3155,0.125,13,1.0,0.3155,0.125,14
xbrl-crm-2025-debt-securities-available-for-sale-fair-value-maturity-allocated-and-single-maturity-date-year-one-usd-0001108524-25-000006,bm25,True,tables,0.0,0.0,0.0,1,0.0,0.0,0.0,1,0.0,0.0,0.0,1,0.0,0.0,0.0,1,0.0,0.0,0.0,1,0.0,0.0,0.0,3,0.0,0.0,0.0,8,0.0,0.0,0.0,13
xbrl-crm-2025-debt-securities-available-for-sale-fair-value-maturity-allocated-and-single-maturity-date-year-one-usd-0001108524-25-000006,hybrid,True,tables,0.0,0.0,0.0,6,0.0,0.0,0.0,9,0.0,0.0,0.0,9,0.0,0.0,0.0,9,0.0,0.0,0.0,9,0.0,0.0,0.0,11,0.0,0.0,0.0,16,0.0,0.0,0.0,16
xbrl-crm-2025-research-and-development-expense-usd-0001108524-25-000006,bm25,True,tables,0.3333333333333333,0.1672,0.1667,2,0.3333333333333333,0.1672,0.1667,3,0.3333333333333333,0.1815,0.2,4,0.6666666666666666,0.2964,0.2,5,0.6666666666666666,0.3048,0.2,5,1.0,0.4373,0.2,6,1.0,0.7462,1.0,7,1.0,0.818,1.0,9
xbrl-crm-2025-research-and-development-expense-usd-0001108524-25-000006,hybrid,True,tables,1.0,0.4286,0.1429,6,1.0,0.4565,0.1667,8,1.0,0.4792,0.2,10,1.0,0.5582,0.3333,11,1.0,0.5833,0.3333,11,1.0,0.6653,0.5,11,1.0,0.6653,0.5,12,1.0,0.6653,0.5,13
xbrl-crm-2025-other-assets-noncurrent-usd-0001108524-25-000006,bm25,True,tables,1.0,0.3333,0.1429,5,1.0,0.3333,0.1429,6,1.0,0.3333,0.1429,6,1.0,0.3333,0.1429,6,1.0,0.3562,0.1667,7,1.0,0.3869,0.2,7,1.0,0.4307,0.25,9,1.0,0.4307,0.25,11
xbrl-crm-2025-other-assets-noncurrent-usd-0001108524-25-000006,hybrid,True,tables,1.0,1.0,1.0,6,1.0,1.0,1.0,10,1.0,1.0,1.0,12,1.0,1.0,1.0,13,1.0,1.0,1.0,13,1.0,1.0,1.0,13,1.0,1.0,1.0,14,1.0,1.0,1.0,16
xbrl-crm-2025-net-cash-provided-by-used-in-operating-activities-usd-0001108524-25-000006,bm25,True,tables,1.0,0.4723,0.3333,5,1.0,0.4776,0.3333,5,1.0,0.5641,0.5,7,1.0,0.5641,0.5,7,1.0,0.5803,0.5,7,1.0,0.8175,1.0,7,1.0,0.8316,1.0,7,1.0,0.8503,1.0,9
xbrl-crm-2025-net-cash-provided-by-used-in-operating-activities-usd-0001108524-25-000006,hybrid,True,tables,1.0,0.4486,0.25,6,1.0,0.5,0.3333,7,1.0,0.5912,0.5,9,1.0,0.8316,1.0,10,1.0,0.8772,1.0,11,1.0,0.8772,1.0,11,1.0,0.8772,1.0,13,1.0,0.8772,1.0,13
xbrl-crm-2025-lessee-operating-lease-liability-to-be-paid-year-three-usd-0001108524-25-000006,bm25,True,tables,0.0,0.0,0.0,1,0.0,0.0,0.0,1,0.0,0.0,0.0,1,0.0,0.0,0.0,2,0.0,0.0,0.0,2,0.0,0.0,0.0,2,0.0,0.0,0.0,4,0.0,0.0,0.0,9
xbrl-crm-2025-lessee-operating-lease-liability-to-be-paid-year-three-usd-0001108524-25-000006,hybrid,True,tables,1.0,0.2447,0.0625,3,1.0,0.2626,0.0769,6,1.0,0.301,0.1111,9,1.0,0.3562,0.1667,9,1.0,0.3333,0.1429,9,1.0,0.3333,0.1429,9,1.0,0.301,0.1111,11,1.0,0.301,0.1111,13
xbrl-crm-2025-operating-lease-right-of-use-asset-usd-0001108524-25-000006,bm25,True,tables,1.0,0.3717,0.1667,6,1.0,0.3841,0.1667,6,1.0,0.4029,0.2,6,1.0,0.4082,0.2,6,1.0,0.4413,0.25,6,1.0,0.4575,0.25,6,1.0,0.525,0.3333,6,1.0,0.5438,0.3333,9
xbrl-crm-2025-operating-lease-right-of-use-asset-usd-0001108524-25-000006,hybrid,True,tables,1.0,0.5803,0.5,6,1.0,0.511,0.3333,9,1.0,0.6241,0.5,11,1.0,0.6241,0.5,11,1.0,0.6241,0.5,11,1.0,0.6241,0.5,12,1.0,0.6241,0.5,13,1.0,0.6241,0.5,16
xbrl-crm-2025-finite-lived-intangible-asset-expected-amortization-year-two-usd-0001108524-25-000006,bm25,True,prose,1.0,0.5,0.3333,4,1.0,0.5,0.3333,4,1.0,0.5,0.3333,5,1.0,0.5,0.3333,5,1.0,0.5,0.3333,5,1.0,0.5,0.3333,5,1.0,0.3333,0.1429,6,1.0,0.3155,0.125,8
xbrl-crm-2025-finite-lived-intangible-asset-expected-amortization-year-two-usd-0001108524-25-000006,hybrid,True,prose,1.0,0.6309,0.5,6,1.0,0.6309,0.5,7,1.0,0.5,0.3333,9,1.0,0.3333,0.1429,10,1.0,0.2702,0.0833,11,1.0,0.2702,0.0833,11,1.0,0.256,0.0714,12,1.0,0.256,0.0714,12
xbrl-crm-2025-increase-decrease-in-accounts-receivable-usd-0001108524-25-000006,bm25,True,both,0.6666666666666666,0.3017,0.2,1,0.6666666666666666,0.3084,0.2,1,0.6666666666666666,0.3124,0.2,1,0.6666666666666666,0.3124,0.2,2,0.6666666666666666,0.3228,0.2,2,0.6666666666666666,0.3228,0.2,2,0.6666666666666666,0.4632,0.5,4,0.6666666666666666,0.6105,1.0,6
xbrl-crm-2025-increase-decrease-in-accounts-receivable-usd-0001108524-25-000006,hybrid,True,both,0.6666666666666666,0.3289,0.25,2,0.6666666666666666,0.4525,0.5,4,0.6666666666666666,0.6002,1.0,8,0.6666666666666666,0.6049,1.0,8,0.6666666666666666,0.6049,1.0,8,0.6666666666666666,0.6049,1.0,8,0.6666666666666666,0.6002,1.0,9,0.6666666666666666,0.4134,0.5,10
xbrl-csco-2021-unrecognized-tax-benefits-usd-0000858877-21-000013,bm25,True,tables,0.0,0.0,0.0,3,0.0,0.0,0.0,3,1.0,0.25,0.0667,5,1.0,0.2626,0.0769,6,1.0,0.2626,0.0769,6,1.0,0.2626,0.0769,7,1.0,0.3155,0.125,8,1.0,0.3333,0.1429,13
xbrl-csco-2021-unrecognized-tax-benefits-usd-0000858877-21-000013,hybrid,True,tables,1.0,0.2626,0.0769,4,1.0,0.2702,0.0833,9,1.0,0.3562,0.1667,11,1.0,0.3869,0.2,13,1.0,0.3869,0.2,13,1.0,0.3562,0.1667,13,1.0,0.5,0.3333,15,1.0,0.3869,0.2,16
xbrl-csco-2021-unrecognized-tax-benefits-increase-resulting-from-current-period-tax-positions-usd-0000858877-21-000013,bm25,True,both,0.0,0.0,0.0,1,0.0,0.0,0.0,1,0.0,0.0,0.0,2,0.0,0.0,0.0,2,0.0,0.0,0.0,3,0.0,0.0,0.0,3,0.0,0.0,0.0,6,0.0,0.0,0.0,10
xbrl-csco-2021-unrecognized-tax-benefits-increase-resulting-from-current-period-tax-positions-usd-0000858877-21-000013,hybrid,True,both,0.0,0.0,0.0,3,0.0,0.0,0.0,7,0.0,0.0,0.0,11,0.0,0.0,0.0,11,0.0,0.0,0.0,11,0.0,0.0,0.0,13,0.0,0.0,0.0,15,0.0,0.0,0.0,16
xbrl-csco-2021-goodwill-acquired-during-period-usd-0000858877-21-000013,bm25,True,tables,0.0,0.0,0.0,2,0.0,0.0,0.0,2,0.0,0.0,0.0,2,0.0,0.0,0.0,2,0.0,0.0,0.0,2,0.0,0.0,0.0,2,0.0,0.0,0.0,3,0.0,0.0,0.0,5
xbrl-csco-2021-goodwill-acquired-during-period-usd-0000858877-21-000013,hybrid,True,tables,0.0,0.0,0.0,4,0.0,0.0,0.0,6,0.0,0.0,0.0,7,0.0,0.0,0.0,8,0.0,0.0,0.0,9,0.0,0.0,0.0,9,0.0,0.0,0.0,11,0.0,0.0,0.0,13
xbrl-csco-2021-revenue-remaining-performance-obligation-amount-usd-0000858877-21-000013,bm25,True,tables,0.0,0.0,0.0,0,0.0,0.0,0.0,0,0.0,0.0,0.0,0,0.0,0.0,0.0,0,0.0,0.0,0.0,0,0.0,0.0,0.0,0,0.0,0.0,0.0,0,0.0,0.0,0.0,0
xbrl-csco-2021-revenue-remaining-performance-obligation-amount-usd-0000858877-21-000013,hybrid,True,tables,0.0,0.0,0.0,2,0.0,0.0,0.0,5,0.0,0.0,0.0,8,0.0,0.0,0.0,8,0.0,0.0,0.0,8,0.0,0.0,0.0,8,0.0,0.0,0.0,8,0.0,0.0,0.0,9
xbrl-csco-2021-cash-and-cash-equivalents-at-carrying-value-usd-0000858877-21-000013,bm25,True,tables,0.3333333333333333,0.1201,0.0714,2,0.6666666666666666,0.2406,0.0769,3,0.6666666666666666,0.2434,0.0769,3,0.6666666666666666,0.2542,0.0909,5,0.6666666666666666,0.2625,0.1,5,0.6666666666666666,0.2789,0.125,5,1.0,0.6338,0.5,9,1.0,0.6788,0.5,16
xbrl-csco-2021-cash-and-cash-equivalents-at-carrying-value-usd-0000858877-21-000013,hybrid,True,tables,0.6666666666666666,0.2837,0.125,5,1.0,0.6183,0.5,8,1.0,0.6788,0.5,14,1.0,0.6979,0.5,14,1.0,0.6979,0.5,15,1.0,0.6979,0.5,16,1.0,0.6979,0.5,16,1.0,0.6979,0.5,16
xbrl-csco-2021-share-based-payment-arrangement-noncash-expense-usd-0000858877-21-000013,bm25,True,tables,0.3333333333333333,0.2346,0.3333,1,0.6666666666666666,0.3494,0.3333,3,0.6666666666666666,0.5925,1.0,4,0.6666666666666666,0.6257,1.0,4,0.6666666666666666,0.6364,1.0,5,0.6666666666666666,0.6508,1.0,5,0.6666666666666666,0.7039,1.0,7,0.6666666666666666,0.7039,1.0,13
xbrl-csco-2021-share-based-payment-arrangement-noncash-expense-usd-0000858877-21-000013,hybrid,True,tables,0.3333333333333333,0.2961,0.5,2,0.3333333333333333,0.4693,1.0,7,0.6666666666666666,0.6714,1.0,10,0.6666666666666666,0.6714,1.0,11,0.6666666666666666,0.6714,1.0,12,0.6666666666666666,0.6714,1.0,12,0.6666666666666666,0.6714,1.0,13,0.6666666666666666,0.6714,1.0,16
xbrl-csco-2021-debt-securities-available-for-sale-fair-value-maturity-allocated-and-single-maturity-date-year-one-usd-0000858877-21-000013,bm25,True,tables,1.0,0.3869,0.2,4,1.0,0.5,0.3333,5,1.0,0.5,0.3333,6,1.0,0.6309,0.5,6,1.0,0.6309,0.5,6,1.0,0.6309,0.5,7,1.0,0.6309,0.5,14,1.0,1.0,1.0,15
xbrl-csco-2021-debt-securities-available-for-sale-fair-value-maturity-allocated-and-single-maturity-date-year-one-usd-0000858877-21-000013,hybrid,True,tables,1.0,0.5,0.3333,7,1.0,0.6309,0.5,11,1.0,1.0,1.0,15,1.0,1.0,1.0,16,1.0,1.0,1.0,16,1.0,1.0,1.0,16,1.0,1.0,1.0,16,1.0,1.0,1.0,16
xbrl-csco-2021-sales-type-and-direct-financing-leases-lease-receivable-to-be-received-year-one-usd-0000858877-21-000013,bm25,True,tables,0.0,0.0,0.0,1,0.0,0.0,0.0,1,0.0,0.0,0.0,1,0.0,0.0,0.0,1,0.0,0.0,0.0,1,0.0,0.0,0.0,1,0.0,0.0,0.0,2,0.0,0.0,0.0,8
xbrl-csco-2021-sales-type-and-direct-financing-leases-lease-receivable-to-be-received-year-one-usd-0000858877-21-000013,hybrid,True,tables,0.0,0.0,0.0,2,0.0,0.0,0.0,6,0.0,0.0,0.0,8,0.5,0.1533,0.0667,10,0.0,0.0,0.0,11,0.0,0.0,0.0,12,0.0,0.0,0.0,13,0.0,0.0,0.0,16
xbrl-csco-2021-proceeds-from-repayments-of-short-term-debt-maturing-in-three-months-or-less-usd-0000858877-21-000013,bm25,True,prose,0.0,0.0,0.0,3,0.0,0.0,0.0,5,0.0,0.0,0.0,5,0.0,0.0,0.0,8,0.0,0.0,0.0,9,0.0,0.0,0.0,10,0.0,0.0,0.0,13,0.0,0.0,0.0,16
xbrl-csco-2021-proceeds-from-repayments-of-short-term-debt-maturing-in-three-months-or-less-usd-0000858877-21-000013,hybrid,True,prose,0.0,0.0,0.0,5,0.0,0.0,0.0,9,0.0,0.0,0.0,10,0.0,0.0,0.0,11,0.0,0.0,0.0,11,0.0,0.0,0.0,12,0.0,0.0,0.0,14,0.0,0.0,0.0,16
xbrl-csco-2021-finite-lived-intangible-asset-expected-amortization-year-four-usd-0000858877-21-000013,bm25,True,tables,0.0,0.0,0.0,5,0.0,0.0,0.0,5,0.0,0.0,0.0,5,0.0,0.0,0.0,5,0.0,0.0,0.0,5,0.0,0.0,0.0,5,0.0,0.0,0.0,7,0.0,0.0,0.0,11
xbrl-csco-2021-finite-lived-intangible-asset-expected-amortization-year-four-usd-0000858877-21-000013,hybrid,True,tables,0.0,0.0,0.0,5,0.0,0.0,0.0,7,0.0,0.0,0.0,10,0.0,0.0,0.0,11,0.0,0.0,0.0,11,0.0,0.0,0.0,12,0.0,0.0,0.0,13,0.0,0.0,0.0,14
xbrl-csco-2021-common-stock-shares-outstanding-shares-0000858877-21-000013,bm25,True,tables,0.5,0.1772,0.1,7,1.0,0.3305,0.1,9,1.0,0.3379,0.1111,9,1.0,0.3577,0.1429,9,1.0,0.3613,0.1429,9,1.0,0.3701,0.1429,9,1.0,0.4298,0.25,10,1.0,0.4486,0.25,12
xbrl-csco-2021-common-stock-shares-outstanding-shares-0000858877-21-000013,hybrid,True,tables,1.0,0.3982,0.2,9,1.0,0.4218,0.2,15,1.0,0.5,0.3333,15,1.0,0.5803,0.5,16,1.0,0.5803,0.5,16,1.0,0.4575,0.25,16,1.0,0.5803,0.5,16,1.0,0.5714,0.5,16
xbrl-csco-2021-unrecognized-tax-benefits-increase-resulting-from-prior-period-tax-positions-usd-0000858877-21-000013,bm25,True,both,0.3333333333333333,0.4693,1.0,1,0.3333333333333333,0.4693,1.0,1,0.3333333333333333,0.4693,1.0,1,0.3333333333333333,0.4693,1.0,1,0.3333333333333333,0.4693,1.0,2,0.3333333333333333,0.4693,1.0,3,0.3333333333333333,0.4693,1.0,5,0.3333333333333333,0.2961,0.5,10
xbrl-csco-2021-unrecognized-tax-benefits-increase-resulting-from-prior-period-tax-positions-usd-0000858877-21-000013,hybrid,True,both,0.3333333333333333,0.4693,1.0,3,0.3333333333333333,0.4693,1.0,5,0.3333333333333333,0.4693,1.0,11,0.3333333333333333,0.4693,1.0,11,0.3333333333333333,0.4693,1.0,12,0.3333333333333333,0.4693,1.0,13,0.0,0.0,0.0,16,0.0,0.0,0.0,16
xbrl-csco-2021-property-subject-to-or-available-for-operating-lease-accumulated-depreciation-usd-0000858877-21-000013,bm25,True,tables,0.5,0.2372,0.2,3,0.5,0.2641,0.25,4,0.5,0.2641,0.25,7,0.5,0.2641,0.25,9,0.5,0.2641,0.25,10,0.5,0.3066,0.3333,12,0.5,0.3869,0.5,13,0.5,0.6131,1.0,15
xbrl-csco-2021-property-subject-to-or-available-for-operating-lease-accumulated-depreciation-usd-0000858877-21-000013,hybrid,True,tables,0.5,0.3066,0.3333,7,0.5,0.3869,0.5,9,0.5,0.6131,1.0,13,0.5,0.6131,1.0,13,0.5,0.6131,1.0,13,0.5,0.6131,1.0,13,0.5,0.6131,1.0,16,0.5,0.6131,1.0,16
xbrl-csco-2021-sales-type-and-direct-financing-leases-lease-receivable-to-be-received-year-three-usd-0000858877-21-000013,bm25,True,tables,0.0,0.0,0.0,1,0.0,0.0,0.0,1,0.0,0.0,0.0,1,0.0,0.0,0.0,1,0.0,0.0,0.0,1,0.0,0.0,0.0,1,0.0,0.0,0.0,2,0.0,0.0,0.0,7
xbrl-csco-2021-sales-type-and-direct-financing-leases-lease-receivable-to-be-received-year-three-usd-0000858877-21-000013,hybrid,True,tables,0.0,0.0,0.0,1,0.0,0.0,0.0,5,0.0,0.0,0.0,7,1.0,0.2447,0.0625,10,0.0,0.0,0.0,10,0.0,0.0,0.0,10,0.0,0.0,0.0,12,0.0,0.0,0.0,15
xbrl-csco-2021-contract-with-customer-liability-usd-0000858877-21-000013,bm25,True,tables,0.0,0.0,0.0,0,0.0,0.0,0.0,0,0.0,0.0,0.0,0,0.0,0.0,0.0,0,0.0,0.0,0.0,0,0.0,0.0,0.0,0,0.0,0.0,0.0,0,0.0,0.0,0.0,1
xbrl-csco-2021-contract-with-customer-liability-usd-0000858877-21-000013,hybrid,True,tables,0.0,0.0,0.0,0,0.0,0.0,0.0,0,0.0,0.0,0.0,3,0.0,0.0,0.0,7,0.0,0.0,0.0,7,0.0,0.0,0.0,8,0.0,0.0,0.0,8,0.0,0.0,0.0,9
xbrl-csco-2021-stockholders-equity-attributable-to-parent-usd-0000858877-21-000013,bm25,True,tables,0.0,0.0,0.0,0,0.0,0.0,0.0,0,0.0,0.0,0.0,0,0.0,0.0,0.0,0,0.0,0.0,0.0,0,0.0,0.0,0.0,1,0.0,0.0,0.0,1,0.0,0.0,0.0,7
xbrl-csco-2021-stockholders-equity-attributable-to-parent-usd-0000858877-21-000013,hybrid,True,tables,0.0,0.0,0.0,3,0.0,0.0,0.0,6,0.0,0.0,0.0,8,0.0,0.0,0.0,9,0.0,0.0,0.0,9,0.0,0.0,0.0,9,0.0,0.0,0.0,10,0.0,0.0,0.0,11
xbrl-csco-2021-inventory-finished-goods-net-of-reserves-usd-0000858877-21-000013,bm25,True,tables,0.0,0.0,0.0,1,0.0,0.0,0.0,1,0.0,0.0,0.0,1,0.0,0.0,0.0,2,0.0,0.0,0.0,3,0.0,0.0,0.0,3,0.0,0.0,0.0,9,0.0,0.0,0.0,14
xbrl-csco-2021-inventory-finished-goods-net-of-reserves-usd-0000858877-21-000013,hybrid,True,tables,0.0,0.0,0.0,6,0.0,0.0,0.0,9,0.0,0.0,0.0,9,0.0,0.0,0.0,10,0.0,0.0,0.0,12,0.0,0.0,0.0,12,0.0,0.0,0.0,14,0.0,0.0,0.0,15
xbrl-csco-2021-financing-receivable-allowance-for-credit-loss-usd-0000858877-21-000013,bm25,True,tables,0.0,0.0,0.0,5,0.3333333333333333,0.1148,0.0625,6,0.3333333333333333,0.1201,0.0714,7,0.3333333333333333,0.1233,0.0769,7,0.3333333333333333,0.1268,0.0833,8,0.3333333333333333,0.1268,0.0833,8,0.3333333333333333,0.1413,0.1111,8,0.3333333333333333,0.1672,0.1667,12
xbrl-csco-2021-financing-receivable-allowance-for-credit-loss-usd-0000858877-21-000013,hybrid,True,tables,0.3333333333333333,0.148,0.125,7,0.3333333333333333,0.1564,0.1429,8,0.3333333333333333,0.1564,0.1429,9,0.3333333333333333,0.1815,0.2,13,0.3333333333333333,0.1815,0.2,13,0.3333333333333333,0.1815,0.2,15,0.3333333333333333,0.2021,0.25,16,0.3333333333333333,0.2021,0.25,16
xbrl-csco-2021-oci-debt-securities-available-for-sale-gain-loss-after-adjustment-and-tax-usd-0000858877-21-000013,bm25,True,both,0.0,0.0,0.0,12,0.0,0.0,0.0,12,0.0,0.0,0.0,12,0.0,0.0,0.0,12,0.0,0.0,0.0,13,0.0,0.0,0.0,13,0.0,0.0,0.0,15,0.0,0.0,0.0,16
xbrl-csco-2021-oci-debt-securities-available-for-sale-gain-loss-after-adjustment-and-tax-usd-0000858877-21-000013,hybrid,True,both,0.0,0.0,0.0,12,0.0,0.0,0.0,13,0.0,0.0,0.0,15,0.0,0.0,0.0,16,0.0,0.0,0.0,16,0.5,0.15,0.0625,16,0.0,0.0,0.0,16,0.5,0.1533,0.0667,16
xbrl-csco-2021-capitalized-contract-cost-net-usd-0000858877-21-000013,bm25,True,prose,1.0,0.6309,0.5,0,1.0,0.6309,0.5,0,1.0,0.6309,0.5,0,1.0,0.6309,0.5,0,1.0,0.6309,0.5,0,1.0,0.6309,0.5,0,1.0,0.6309,0.5,0,1.0,0.6309,0.5,13
xbrl-csco-2021-capitalized-contract-cost-net-usd-0000858877-21-000013,hybrid,True,prose,1.0,0.6309,0.5,4,1.0,0.6309,0.5,6,1.0,0.6309,0.5,10,1.0,0.3333,0.1429,10,1.0,0.3155,0.125,10,1.0,0.3155,0.125,10,1.0,0.2702,0.0833,13,1.0,0.256,0.0714,14
xbrl-csco-2022-goodwill-acquired-during-period-usd-0000858877-22-000013,bm25,True,tables,0.3333333333333333,0.1815,0.2,2,0.3333333333333333,0.1815,0.2,2,0.3333333333333333,0.1815,0.2,2,0.3333333333333333,0.1815,0.2,2,0.3333333333333333,0.1815,0.2,2,0.3333333333333333,0.1815,0.2,2,0.3333333333333333,0.2346,0.3333,2,0.3333333333333333,0.4693,1.0,6
xbrl-csco-2022-goodwill-acquired-during-period-usd-0000858877-22-000013,hybrid,True,tables,0.3333333333333333,0.2346,0.3333,5,0.3333333333333333,0.2346,0.3333,7,0.3333333333333333,0.2346,0.3333,8,0.3333333333333333,0.4693,1.0,9,0.3333333333333333,0.4693,1.0,9,0.3333333333333333,0.4693,1.0,9,0.3333333333333333,0.4693,1.0,10,0.3333333333333333,0.4693,1.0,13
xbrl-csco-2022-financing-receivable-before-allowance-for-credit-loss-and-fee-usd-0000858877-22-000013,bm25,True,tables,0.0,0.0,0.0,5,0.0,0.0,0.0,5,0.0,0.0,0.0,5,0.0,0.0,0.0,7,0.0,0.0,0.0,8,0.0,0.0,0.0,9,0.0,0.0,0.0,11,0.0,0.0,0.0,13
xbrl-csco-2022-financing-receivable-before-allowance-for-credit-loss-and-fee-usd-0000858877-22-000013,hybrid,True,tables,0.0,0.0,0.0,5,0.0,0.0,0.0,8,0.0,0.0,0.0,11,0.0,0.0,0.0,13,0.0,0.0,0.0,14,0.0,0.0,0.0,15,0.0,0.0,0.0,15,0.0,0.0,0.0,16
xbrl-csco-2022-payments-of-dividends-usd-0000858877-22-000013,bm25,True,tables,0.3333333333333333,0.1173,0.0667,3,0.3333333333333333,0.1201,0.0714,3,0.3333333333333333,0.1268,0.0833,3,0.3333333333333333,0.1309,0.0909,3,0.3333333333333333,0.1357,0.1,3,0.3333333333333333,0.1815,0.2,4,0.3333333333333333,0.2346,0.3333,6,0.6666666666666666,0.3911,0.3333,16
xbrl-csco-2022-payments-of-dividends-usd-0000858877-22-000013,hybrid,True,tables,0.6666666666666666,0.3194,0.25,7,1.0,0.5402,0.5,9,1.0,0.7282,1.0,10,1.0,0.7203,1.0,10,1.0,0.5901,0.5,12,1.0,0.7673,1.0,12,1.0,0.6455,0.5,16,1.0,0.6395,0.5,16
xbrl-csco-2022-dividends-common-stock-cash-usd-0000858877-22-000013,bm25,True,tables,0.6666666666666666,0.2797,0.1429,6,0.6666666666666666,0.2797,0.1429,6,1.0,0.3981,0.1429,7,1.0,0.4094,0.1429,7,1.0,0.4201,0.1667,8,1.0,0.4401,0.2,8,1.0,0.4858,0.25,8,1.0,0.5401,0.25,11
xbrl-csco-2022-dividends-common-stock-cash-usd-0000858877-22-000013,hybrid,True,tables,1.0,0.5183,0.3333,9,1.0,0.5833,0.3333,11,1.0,0.5833,0.3333,14,1.0,0.6039,0.3333,14,1.0,0.5833,0.3333,14,1.0,0.6448,0.5,15,1.0,0.8385,1.0,16,1.0,1.0,1.0,16
xbrl-csco-2022-lessor-operating-lease-payment-to-be-received-year-three-usd-0000858877-22-000013,bm25,True,both,0.0,0.0,0.0,0,0.0,0.0,0.0,0,0.0,0.0,0.0,1,0.0,0.0,0.0,1,0.0,0.0,0.0,2,0.0,0.0,0.0,2,0.0,0.0,0.0,7,0.0,0.0,0.0,10
xbrl-csco-2022-lessor-operating-lease-payment-to-be-received-year-three-usd-0000858877-22-000013,hybrid,True,both,0.0,0.0,0.0,4,0.0,0.0,0.0,6,0.0,0.0,0.0,9,0.0,0.0,0.0,10,0.0,0.0,0.0,10,0.0,0.0,0.0,11,0.0,0.0,0.0,14,0.3333333333333333,0.1173,0.0667,16
xbrl-csco-2022-contract-with-customer-asset-before-allowance-for-credit-loss-usd-0000858877-22-000013,bm25,True,tables,0.0,0.0,0.0,4,0.0,0.0,0.0,5,0.0,0.0,0.0,6,0.0,0.0,0.0,6,0.0,0.0,0.0,8,0.0,0.0,0.0,9,0.0,0.0,0.0,10,0.0,0.0,0.0,13
xbrl-csco-2022-contract-with-customer-asset-before-allowance-for-credit-loss-usd-0000858877-22-000013,hybrid,True,tables,0.0,0.0,0.0,5,0.0,0.0,0.0,6,0.0,0.0,0.0,11,0.0,0.0,0.0,12,0.0,0.0,0.0,12,0.0,0.0,0.0,12,0.0,0.0,0.0,16,0.0,0.0,0.0,16
xbrl-csco-2022-retained-earnings-accumulated-deficit-usd-0000858877-22-000013,bm25,True,both,0.3333333333333333,0.1309,0.0909,10,0.3333333333333333,0.1309,0.0909,12,0.3333333333333333,0.1357,0.1,12,0.3333333333333333,0.1357,0.1,13,0.3333333333333333,0.1357,0.1,13,0.3333333333333333,0.1357,0.1,13,0.3333333333333333,0.148,0.125,14,0.3333333333333333,0.148,0.125,16
xbrl-csco-2022-retained-earnings-accumulated-deficit-usd-0000858877-22-000013,hybrid,True,both,0.6666666666666666,0.4229,0.5,12,0.3333333333333333,0.2961,0.5,15,0.3333333333333333,0.2961,0.5,15,0.3333333333333333,0.2961,0.5,15,0.3333333333333333,0.2961,0.5,16,0.3333333333333333,0.2961,0.5,16,0.3333333333333333,0.2961,0.5,16,0.3333333333333333,0.2961,0.5,16
xbrl-csco-2022-long-term-debt-current-maturities-usd-0000858877-22-000013,bm25,True,tables,0.6666666666666666,0.253,0.1,5,0.6666666666666666,0.2614,0.1111,5,0.6666666666666666,0.2681,0.1111,6,0.6666666666666666,0.3124,0.2,7,0.6666666666666666,0.3124,0.2,7,0.6666666666666666,0.3172,0.2,7,0.6666666666666666,0.4018,0.3333,8,0.6666666666666666,0.4162,0.3333,10
xbrl-csco-2022-long-term-debt-current-maturities-usd-0000858877-22-000013,hybrid,True,tables,0.3333333333333333,0.2961,0.5,6,0.6666666666666666,0.4441,0.5,10,0.6666666666666666,0.6173,1.0,11,0.6666666666666666,0.6173,1.0,11,0.6666666666666666,0.6173,1.0,12,0.6666666666666666,0.6257,1.0,13,0.6666666666666666,0.6257,1.0,15,0.6666666666666666,0.6257,1.0,16
xbrl-csco-2022-deferred-tax-assets-tax-deferred-expense-reserves-and-accruals-accrued-liabilities-usd-0000858877-22-000013,bm25,True,tables,0.3333333333333333,0.1413,0.1111,4,0.3333333333333333,0.1413,0.1111,4,0.3333333333333333,0.1413,0.1111,4,0.3333333333333333,0.1413,0.1111,4,0.3333333333333333,0.1672,0.1667,4,0.3333333333333333,0.1672,0.1667,5,0.3333333333333333,0.2021,0.25,7,0.3333333333333333,0.2021,0.25,11
xbrl-csco-2022-deferred-tax-assets-tax-deferred-expense-reserves-and-accruals-accrued-liabilities-usd-0000858877-22-000013,hybrid,True,tables,0.3333333333333333,0.1672,0.1667,7,0.3333333333333333,0.1815,0.2,12,0.3333333333333333,0.2021,0.25,13,0.3333333333333333,0.2021,0.25,13,0.3333333333333333,0.2021,0.25,14,0.3333333333333333,0.2021,0.25,15,0.3333333333333333,0.2021,0.25,16,0.3333333333333333,0.2021,0.25,16
xbrl-csco-2022-net-cash-provided-by-used-in-investing-activities-usd-0000858877-22-000013,bm25,True,tables,1.0,0.6309,0.5,5,1.0,1.0,1.0,5,1.0,1.0,1.0,5,1.0,1.0,1.0,5,1.0,1.0,1.0,6,1.0,1.0,1.0,6,1.0,1.0,1.0,7,1.0,1.0,1.0,11
xbrl-csco-2022-net-cash-provided-by-used-in-investing-activities-usd-0000858877-22-000013,hybrid,True,tables,1.0,0.5,0.3333,6,1.0,1.0,1.0,9,1.0,1.0,1.0,11,1.0,1.0,1.0,11,1.0,1.0,1.0,13,1.0,1.0,1.0,16,1.0,1.0,1.0,16,1.0,1.0,1.0,16
xbrl-csco-2022-long-term-debt-usd-0000858877-22-000013,bm25,True,tables,1.0,0.3869,0.2,5,1.0,0.4307,0.25,5,1.0,0.4307,0.25,5,1.0,0.4307,0.25,6,1.0,0.4307,0.25,6,1.0,0.4307,0.25,6,1.0,1.0,1.0,10,1.0,1.0,1.0,13
xbrl-csco-2022-long-term-debt-usd-0000858877-22-000013,hybrid,True,tables,1.0,0.25,0.0667,5,1.0,0.2626,0.0769,9,1.0,0.3562,0.1667,11,1.0,0.3562,0.1667,11,1.0,0.3562,0.1667,11,1.0,0.3562,0.1667,12,1.0,0.4307,0.25,13,1.0,0.3869,0.2,15
xbrl-csco-2022-operating-lease-liability-usd-0000858877-22-000013,bm25,True,tables,0.3333333333333333,0.1357,0.1,4,0.3333333333333333,0.148,0.125,4,0.3333333333333333,0.1564,0.1429,5,0.3333333333333333,0.1672,0.1667,6,0.3333333333333333,0.1672,0.1667,8,0.3333333333333333,0.1672,0.1667,9,0.3333333333333333,0.2021,0.25,10,0.3333333333333333,0.2961,0.5,12
xbrl-csco-2022-operating-lease-liability-usd-0000858877-22-000013,hybrid,True,tables,0.3333333333333333,0.1815,0.2,7,0.3333333333333333,0.2021,0.25,10,0.3333333333333333,0.2961,0.5,13,0.6666666666666666,0.4109,0.5,14,0.3333333333333333,0.2961,0.5,14,0.3333333333333333,0.2961,0.5,14,0.6666666666666666,0.427,0.5,16,0.6666666666666666,0.4317,0.5,16
xbrl-csco-2022-payments-for-repurchase-of-common-stock-usd-0000858877-22-000013,bm25,True,tables,1.0,0.25,0.0667,4,1.0,0.2626,0.0769,4,1.0,0.2891,0.1,5,1.0,0.2891,0.1,5,1.0,0.2891,0.1,5,1.0,0.3155,0.125,5,1.0,0.3562,0.1667,10,1.0,0.4307,0.25,13
xbrl-csco-2022-payments-for-repurchase-of-common-stock-usd-0000858877-22-000013,hybrid,True,tables,1.0,0.3562,0.1667,5,1.0,0.3562,0.1667,8,1.0,0.3562,0.1667,10,1.0,0.3869,0.2,11,1.0,0.4307,0.25,12,1.0,0.4307,0.25,12,1.0,0.5,0.3333,15,1.0,0.5,0.3333,16
xbrl-csco-2022-stock-issued-during-period-value-new-issues-usd-0000858877-22-000013,bm25,True,tables,0.0,0.0,0.0,0,0.0,0.0,0.0,0,0.0,0.0,0.0,0,0.0,0.0,0.0,1,0.0,0.0,0.0,2,0.0,0.0,0.0,3,0.0,0.0,0.0,3,0.3333333333333333,0.1357,0.1,9
xbrl-csco-2022-stock-issued-during-period-value-new-issues-usd-0000858877-22-000013,hybrid,True,tables,0.0,0.0,0.0,6,0.0,0.0,0.0,8,0.0,0.0,0.0,8,0.0,0.0,0.0,8,0.0,0.0,0.0,8,0.3333333333333333,0.2961,0.5,10,0.3333333333333333,0.2346,0.3333,12,0.3333333333333333,0.2346,0.3333,16
xbrl-csco-2022-common-stock-shares-authorized-shares-0000858877-22-000013,bm25,True,tables,1.0,0.3155,0.125,9,1.0,0.3333,0.1429,9,1.0,0.3333,0.1429,9,1.0,0.3562,0.1667,9,1.0,0.3562,0.1667,9,1.0,0.3562,0.1667,9,1.0,0.4307,0.25,9,1.0,0.4307,0.25,11
xbrl-csco-2022-common-stock-shares-authorized-shares-0000858877-22-000013,hybrid,True,tables,1.0,0.5,0.3333,10,1.0,0.5,0.3333,13,1.0,0.6309,0.5,15,1.0,1.0,1.0,15,1.0,1.0,1.0,15,1.0,1.0,1.0,15,1.0,1.0,1.0,16,1.0,1.0,1.0,16
xbrl-csco-2022-weighted-average-number-of-shares-outstanding-basic-shares-0000858877-22-000013,bm25,True,tables,0.5,0.3869,0.5,7,1.0,0.5369,0.5,8,1.0,0.5369,0.5,8,1.0,0.5401,0.5,9,1.0,0.5401,0.5,9,1.0,0.7742,1.0,9,1.0,0.7842,1.0,12,1.0,0.7977,1.0,15
xbrl-csco-2022-weighted-average-number-of-shares-outstanding-basic-shares-0000858877-22-000013,hybrid,True,tables,1.0,0.5479,0.5,14,1.0,0.5579,0.5,16,1.0,0.5525,0.5,16,1.0,0.5525,0.5,16,1.0,0.4723,0.3333,16,1.0,0.4723,0.3333,16,1.0,0.4251,0.25,16,1.0,0.3982,0.2,16
xbrl-csco-2022-capitalized-contract-cost-amortization-usd-0000858877-22-000013,bm25,True,prose,1.0,0.6309,0.5,0,1.0,0.6309,0.5,0,1.0,0.6309,0.5,1,1.0,0.6309,0.5,2,1.0,0.6309,0.5,2,1.0,0.6309,0.5,2,1.0,0.6309,0.5,3,1.0,0.6309,0.5,6
xbrl-csco-2022-capitalized-contract-cost-amortization-usd-0000858877-22-000013,hybrid,True,prose,1.0,1.0,1.0,3,1.0,1.0,1.0,6,1.0,1.0,1.0,7,1.0,1.0,1.0,7,1.0,0.5,0.3333,9,1.0,0.3562,0.1667,9,1.0,0.3562,0.1667,10,1.0,0.2891,0.1,13
xbrl-csco-2022-income-taxes-paid-net-usd-0000858877-22-000013,bm25,True,tables,1.0,0.6309,0.5,3,1.0,0.6309,0.5,4,1.0,0.6309,0.5,4,1.0,1.0,1.0,7,1.0,1.0,1.0,7,1.0,1.0,1.0,9,1.0,1.0,1.0,14,1.0,1.0,1.0,16
xbrl-csco-2022-income-taxes-paid-net-usd-0000858877-22-000013,hybrid,True,tables,1.0,0.6309,0.5,8,1.0,1.0,1.0,11,1.0,1.0,1.0,12,1.0,1.0,1.0,13,1.0,1.0,1.0,13,1.0,1.0,1.0,14,1.0,0.6309,0.5,15,1.0,0.6309,0.5,16
xbrl-csco-2022-long-term-debt-maturity-year-two-usd-0000858877-22-000013,bm25,True,tables,0.0,0.0,0.0,4,0.0,0.0,0.0,4,0.0,0.0,0.0,4,0.0,0.0,0.0,5,0.0,0.0,0.0,6,0.0,0.0,0.0,6,0.0,0.0,0.0,7,0.0,0.0,0.0,10
xbrl-csco-2022-long-term-debt-maturity-year-two-usd-0000858877-22-000013,hybrid,True,tables,0.0,0.0,0.0,8,0.0,0.0,0.0,11,0.0,0.0,0.0,11,0.0,0.0,0.0,11,0.0,0.0,0.0,12,0.0,0.0,0.0,13,0.0,0.0,0.0,16,0.0,0.0,0.0,16
xbrl-csco-2022-financing-receivable-year-two-originated-fiscal-year-before-current-fiscal-year-usd-0000858877-22-000013,bm25,True,tables,1.0,0.3155,0.125,10,1.0,0.3562,0.1667,11,1.0,0.4307,0.25,12,1.0,0.5,0.3333,12,1.0,0.5,0.3333,12,1.0,0.6309,0.5,12,1.0,0.6309,0.5,14,1.0,0.6309,0.5,16
xbrl-csco-2022-financing-receivable-year-two-originated-fiscal-year-before-current-fiscal-year-usd-0000858877-22-000013,hybrid,True,tables,1.0,0.256,0.0714,10,1.0,0.2789,0.0909,12,1.0,0.3155,0.125,16,1.0,0.3155,0.125,16,1.0,0.3155,0.125,16,1.0,0.3155,0.125,16,1.0,0.3155,0.125,16,1.0,0.301,0.1111,16
xbrl-csco-2023-deferred-federal-income-tax-expense-benefit-usd-0000858877-23-000023,bm25,True,tables,0.0,0.0,0.0,9,0.0,0.0,0.0,9,0.0,0.0,0.0,9,0.0,0.0,0.0,9,0.0,0.0,0.0,9,0.0,0.0,0.0,9,0.0,0.0,0.0,10,1.0,0.2447,0.0625,12
xbrl-csco-2023-deferred-federal-income-tax-expense-benefit-usd-0000858877-23-000023,hybrid,True,tables,0.0,0.0,0.0,6,0.0,0.0,0.0,8,0.0,0.0,0.0,9,1.0,0.25,0.0667,11,1.0,0.2702,0.0833,14,1.0,0.2789,0.0909,14,1.0,0.2891,0.1,14,1.0,0.2891,0.1,16
xbrl-csco-2023-property-plant-and-equipment-net-usd-0000858877-23-000023,bm25,True,tables,0.3333333333333333,0.1309,0.0909,4,0.3333333333333333,0.1413,0.1111,5,0.3333333333333333,0.148,0.125,5,0.3333333333333333,0.1564,0.1429,6,0.3333333333333333,0.1672,0.1667,6,0.3333333333333333,0.1815,0.2,7,0.3333333333333333,0.2021,0.25,11,0.3333333333333333,0.2346,0.3333,15
xbrl-csco-2023-property-plant-and-equipment-net-usd-0000858877-23-000023,hybrid,True,tables,0.3333333333333333,0.1268,0.0833,5,0.3333333333333333,0.1564,0.1429,11,0.3333333333333333,0.1815,0.2,12,0.3333333333333333,0.1815,0.2,12,0.3333333333333333,0.1815,0.2,13,0.3333333333333333,0.1815,0.2,14,0.3333333333333333,0.1815,0.2,15,0.3333333333333333,0.1815,0.2,16
xbrl-csco-2023-payments-to-acquire-investments-usd-0000858877-23-000023,bm25,True,tables,0.0,0.0,0.0,0,0.0,0.0,0.0,0,0.0,0.0,0.0,0,0.0,0.0,0.0,0,0.0,0.0,0.0,0,0.0,0.0,0.0,0,0.0,0.0,0.0,0,0.0,0.0,0.0,12
xbrl-csco-2023-payments-to-acquire-investments-usd-0000858877-23-000023,hybrid,True,tables,0.0,0.0,0.0,3,0.0,0.0,0.0,7,0.0,0.0,0.0,8,0.0,0.0,0.0,8,0.0,0.0,0.0,8,0.0,0.0,0.0,8,0.0,0.0,0.0,10,0.0,0.0,0.0,14
xbrl-csco-2023-cash-and-cash-equivalents-at-carrying-value-usd-0000858877-23-000023,bm25,True,tables,0.3333333333333333,0.1201,0.0714,3,0.6666666666666666,0.2469,0.0833,4,0.6666666666666666,0.2837,0.125,4,0.6666666666666666,0.2893,0.125,4,0.6666666666666666,0.2893,0.125,5,0.6666666666666666,0.3084,0.1667,7,1.0,0.5676,0.3333,11,1.0,0.5848,0.3333,16
xbrl-csco-2023-cash-and-cash-equivalents-at-carrying-value-usd-0000858877-23-000023,hybrid,True,tables,0.6666666666666666,0.294,0.1667,5,0.6666666666666666,0.3501,0.25,10,0.6666666666666666,0.6714,1.0,14,0.6666666666666666,0.6714,1.0,16,0.6666666666666666,0.6714,1.0,16,0.6666666666666666,0.6714,1.0,16,0.6666666666666666,0.6714,1.0,16,0.6666666666666666,0.6508,1.0,16
xbrl-csco-2023-unrecognized-tax-benefits-decrease-resulting-from-prior-period-tax-positions-usd-0000858877-23-000023,bm25,True,tables,0.3333333333333333,0.2021,0.25,1,0.3333333333333333,0.2346,0.3333,1,0.3333333333333333,0.2961,0.5,1,0.3333333333333333,0.4693,1.0,1,0.3333333333333333,0.4693,1.0,2,0.3333333333333333,0.4693,1.0,2,0.3333333333333333,0.4693,1.0,4,0.3333333333333333,0.4693,1.0,10
xbrl-csco-2023-unrecognized-tax-benefits-decrease-resulting-from-prior-period-tax-positions-usd-0000858877-23-000023,hybrid,True,tables,0.3333333333333333,0.2021,0.25,3,0.3333333333333333,0.2021,0.25,5,0.3333333333333333,0.2961,0.5,8,0.3333333333333333,0.4693,1.0,12,0.3333333333333333,0.4693,1.0,12,0.3333333333333333,0.4693,1.0,14,0.3333333333333333,0.4693,1.0,16,0.3333333333333333,0.4693,1.0,16
xbrl-csco-2023-revenue-from-contract-with-customer-excluding-assessed-tax-usd-0000858877-23-000023,bm25,True,tables,0.0,0.0,0.0,0,0.0,0.0,0.0,0,0.0,0.0,0.0,0,0.0,0.0,0.0,0,0.0,0.0,0.0,0,0.0,0.0,0.0,0,0.0,0.0,0.0,0,0.0,0.0,0.0,4
xbrl-csco-2023-revenue-from-contract-with-customer-excluding-assessed-tax-usd-0000858877-23-000023,hybrid,True,tables,0.0,0.0,0.0,0,0.0,0.0,0.0,1,0.0,0.0,0.0,6,0.0,0.0,0.0,8,0.0,0.0,0.0,8,0.0,0.0,0.0,8,0.0,0.0,0.0,10,0.0,0.0,0.0,12
xbrl-csco-2023-stock-issued-during-period-value-new-issues-usd-0000858877-23-000023,bm25,True,both,0.0,0.0,0.0,1,0.0,0.0,0.0,1,0.0,0.0,0.0,1,0.0,0.0,0.0,1,0.0,0.0,0.0,2,0.0,0.0,0.0,2,0.0,0.0,0.0,2,0.0,0.0,0.0,7
xbrl-csco-2023-stock-issued-during-period-value-new-issues-usd-0000858877-23-000023,hybrid,True,both,0.0,0.0,0.0,6,0.0,0.0,0.0,8,0.0,0.0,0.0,8,0.0,0.0,0.0,8,0.0,0.0,0.0,9,0.0,0.0,0.0,11,0.0,0.0,0.0,12,0.0,0.0,0.0,16
xbrl-csco-2023-derivative-notional-amount-usd-0000858877-23-000023,bm25,True,tables,0.0,0.0,0.0,1,0.0,0.0,0.0,1,0.0,0.0,0.0,3,0.0,0.0,0.0,3,0.0,0.0,0.0,3,0.0,0.0,0.0,3,0.0,0.0,0.0,5,0.0,0.0,0.0,10
xbrl-csco-2023-derivative-notional-amount-usd-0000858877-23-000023,hybrid,True,tables,1.0,0.256,0.0714,5,1.0,0.3333,0.1429,8,1.0,0.3562,0.1667,8,1.0,0.3333,0.1429,9,1.0,0.3562,0.1667,9,1.0,0.3562,0.1667,9,1.0,0.301,0.1111,11,0.0,0.0,0.0,16
xbrl-csco-2023-finite-lived-intangible-assets-gross-usd-0000858877-23-000023,bm25,True,tables,1.0,0.6309,0.5,4,1.0,0.6309,0.5,5,1.0,0.6309,0.5,5,1.0,0.6309,0.5,5,1.0,1.0,1.0,6,1.0,1.0,1.0,6,1.0,1.0,1.0,7,1.0,1.0,1.0,11
xbrl-csco-2023-finite-lived-intangible-assets-gross-usd-0000858877-23-000023,hybrid,True,tables,1.0,0.5,0.3333,7,1.0,0.6309,0.5,10,1.0,0.6309,0.5,12,1.0,0.6309,0.5,12,1.0,1.0,1.0,13,1.0,1.0,1.0,13,1.0,1.0,1.0,13,1.0,1.0,1.0,15
xbrl-csco-2023-liabilities-current-usd-0000858877-23-000023,bm25,True,tables,1.0,0.2789,0.0909,5,1.0,0.2891,0.1,5,1.0,0.301,0.1111,5,1.0,0.3155,0.125,5,1.0,0.3155,0.125,5,1.0,0.3562,0.1667,6,1.0,0.5,0.3333,8,1.0,0.5,0.3333,9
xbrl-csco-2023-liabilities-current-usd-0000858877-23-000023,hybrid,True,tables,0.0,0.0,0.0,5,1.0,0.3869,0.2,10,1.0,0.3869,0.2,11,1.0,0.3869,0.2,12,1.0,0.3562,0.1667,12,1.0,0.3562,0.1667,13,1.0,0.3562,0.1667,15,1.0,0.3155,0.125,16
xbrl-csco-2023-state-and-local-income-tax-expense-benefit-continuing-operations-usd-0000858877-23-000023,bm25,True,tables,0.0,0.0,0.0,6,0.0,0.0,0.0,7,0.0,0.0,0.0,7,0.0,0.0,0.0,8,0.0,0.0,0.0,8,0.0,0.0,0.0,9,0.0,0.0,0.0,11,0.0,0.0,0.0,13
xbrl-csco-2023-state-and-local-income-tax-expense-benefit-continuing-operations-usd-0000858877-23-000023,hybrid,True,tables,0.0,0.0,0.0,5,0.0,0.0,0.0,7,0.0,0.0,0.0,9,0.0,0.0,0.0,13,0.0,0.0,0.0,13,0.0,0.0,0.0,14,0.0,0.0,0.0,16,0.0,0.0,0.0,16
xbrl-csco-2023-long-term-debt-gross-usd-0000858877-23-000023,bm25,True,tables,0.0,0.0,0.0,3,0.0,0.0,0.0,4,0.0,0.0,0.0,4,0.0,0.0,0.0,4,0.0,0.0,0.0,6,0.0,0.0,0.0,7,0.0,0.0,0.0,9,0.0,0.0,0.0,13
xbrl-csco-2023-long-term-debt-gross-usd-0000858877-23-000023,hybrid,True,tables,0.0,0.0,0.0,7,0.0,0.0,0.0,9,0.0,0.0,0.0,10,0.0,0.0,0.0,11,0.0,0.0,0.0,12,0.0,0.0,0.0,13,0.3333333333333333,0.148,0.125,14,0.3333333333333333,0.148,0.125,15
xbrl-csco-2023-tax-cuts-and-jobs-act-transition-tax-for-accumulated-foreign-earnings-liability-usd-0000858877-23-000023,bm25,True,tables,0.0,0.0,0.0,4,0.0,0.0,0.0,5,0.0,0.0,0.0,6,0.0,0.0,0.0,7,0.0,0.0,0.0,8,0.0,0.0,0.0,8,0.0,0.0,0.0,8,0.0,0.0,0.0,13
xbrl-csco-2023-tax-cuts-and-jobs-act-transition-tax-for-accumulated-foreign-earnings-liability-usd-0000858877-23-000023,hybrid,True,tables,0.0,0.0,0.0,4,0.0,0.0,0.0,8,0.0,0.0,0.0,9,0.0,0.0,0.0,14,0.0,0.0,0.0,16,0.0,0.0,0.0,16,0.0,0.0,0.0,16,0.0,0.0,0.0,16
xbrl-csco-2023-accounts-payable-current-usd-0000858877-23-000023,bm25,True,tables,1.0,1.0,1.0,2,1.0,1.0,1.0,3,1.0,1.0,1.0,3,1.0,1.0,1.0,3,1.0,1.0,1.0,4,1.0,1.0,1.0,4,1.0,1.0,1.0,7,1.0,1.0,1.0,10
xbrl-csco-2023-accounts-payable-current-usd-0000858877-23-000023,hybrid,True,tables,1.0,0.2702,0.0833,7,1.0,0.6309,0.5,11,1.0,0.6309,0.5,12,1.0,0.6309,0.5,12,1.0,0.6309,0.5,12,1.0,0.6309,0.5,12,1.0,0.5,0.3333,14,1.0,0.3562,0.1667,16
xbrl-csco-2023-debt-securities-available-for-sale-realized-gain-usd-0000858877-23-000023,bm25,True,both,0.0,0.0,0.0,8,0.0,0.0,0.0,9,0.0,0.0,0.0,10,0.0,0.0,0.0,10,0.0,0.0,0.0,10,0.0,0.0,0.0,11,0.0,0.0,0.0,12,0.0,0.0,0.0,15
xbrl-csco-2023-debt-securities-available-for-sale-realized-gain-usd-0000858877-23-000023,hybrid,True,both,0.0,0.0,0.0,7,0.0,0.0,0.0,12,0.0,0.0,0.0,14,0.0,0.0,0.0,15,0.0,0.0,0.0,16,0.0,0.0,0.0,16,0.0,0.0,0.0,16,0.0,0.0,0.0,16
xbrl-csco-2023-operating-income-loss-usd-0000858877-23-000023,bm25,True,tables,0.0,0.0,0.0,8,0.0,0.0,0.0,9,0.0,0.0,0.0,9,0.0,0.0,0.0,10,0.0,0.0,0.0,12,0.0,0.0,0.0,12,0.0,0.0,0.0,14,0.0,0.0,0.0,16
xbrl-csco-2023-operating-income-loss-usd-0000858877-23-000023,hybrid,True,tables,0.0,0.0,0.0,11,0.0,0.0,0.0,15,0.0,0.0,0.0,16,0.0,0.0,0.0,16,0.0,0.0,0.0,16,0.0,0.0,0.0,16,0.0,0.0,0.0,16,0.0,0.0,0.0,16
xbrl-csco-2023-operating-expenses-usd-0000858877-23-000023,bm25,True,tables,0.0,0.0,0.0,1,0.0,0.0,0.0,1,0.0,0.0,0.0,2,0.0,0.0,0.0,2,0.0,0.0,0.0,3,0.0,0.0,0.0,4,1.0,0.2447,0.0625,7,1.0,0.3155,0.125,11
xbrl-csco-2023-operating-expenses-usd-0000858877-23-000023,hybrid,True,tables,0.0,0.0,0.0,6,1.0,0.3562,0.1667,11,1.0,0.3869,0.2,11,1.0,0.3869,0.2,11,1.0,0.3869,0.2,12,1.0,0.3869,0.2,13,1.0,0.3869,0.2,14,1.0,0.3869,0.2,16
xbrl-csco-2023-payments-to-acquire-property-plant-and-equipment-usd-0000858877-23-000023,bm25,True,both,0.3333333333333333,0.2346,0.3333,0,0.3333333333333333,0.2346,0.3333,0,0.3333333333333333,0.2346,0.3333,1,0.3333333333333333,0.2346,0.3333,1,0.3333333333333333,0.2346,0.3333,2,0.3333333333333333,0.2346,0.3333,2,0.6666666666666666,0.3254,0.25,3,0.6666666666666666,0.3434,0.25,8
xbrl-csco-2023-payments-to-acquire-property-plant-and-equipment-usd-0000858877-23-000023,hybrid,True,both,0.3333333333333333,0.1413,0.1111,2,0.6666666666666666,0.2406,0.0769,5,0.6666666666666666,0.3228,0.2,7,0.6666666666666666,0.3911,0.3333,8,0.6666666666666666,0.3827,0.3333,9,0.6666666666666666,0.3827,0.3333,9,0.6666666666666666,0.3615,0.3333,11,0.6666666666666666,0.5841,1.0,13
xbrl-csco-2023-sales-type-and-direct-financing-leases-lease-receivable-to-be-received-year-three-usd-0000858877-23-000023,bm25,True,tables,0.0,0.0,0.0,1,0.0,0.0,0.0,1,0.0,0.0,0.0,1,0.0,0.0,0.0,1,0.0,0.0,0.0,1,0.0,0.0,0.0,1,0.0,0.0,0.0,1,0.0,0.0,0.0,6
xbrl-csco-2023-sales-type-and-direct-financing-leases-lease-receivable-to-be-received-year-three-usd-0000858877-23-000023,hybrid,True,tables,0.0,0.0,0.0,1,1.0,0.3618,0.1111,6,1.0,0.378,0.125,8,1.0,0.3978,0.1429,9,1.0,0.4556,0.2,9,1.0,0.4556,0.2,9,1.0,0.3429,0.1,11,0.0,0.0,0.0,16
xbrl-csco-2023-dividends-common-stock-cash-usd-0000858877-23-000023,bm25,True,tables,0.6666666666666666,0.294,0.1667,6,0.6666666666666666,0.3028,0.1667,6,0.6666666666666666,0.3172,0.2,6,1.0,0.4497,0.2,7,1.0,0.4648,0.2,8,1.0,0.4648,0.2,8,1.0,0.5105,0.25,11,1.0,0.5401,0.25,13
xbrl-csco-2023-dividends-common-stock-cash-usd-0000858877-23-000023,hybrid,True,tables,1.0,0.3954,0.1111,8,1.0,0.5833,0.3333,10,1.0,0.5508,0.25,14,1.0,0.5833,0.3333,14,1.0,0.5833,0.3333,14,1.0,0.5833,0.3333,14,1.0,0.6039,0.3333,16,1.0,0.6546,0.5,16
xbrl-csco-2024-liabilities-and-equity-usd-0000858877-24-000017,bm25,True,tables,0.0,0.0,0.0,0,0.0,0.0,0.0,0,0.0,0.0,0.0,1,0.0,0.0,0.0,4,0.5,0.1533,0.0667,5,0.5,0.1657,0.0833,6,1.0,0.4218,0.2,7,1.0,0.4416,0.2,16
xbrl-csco-2024-liabilities-and-equity-usd-0000858877-24-000017,hybrid,True,tables,0.5,0.3869,0.5,9,0.5,0.6131,1.0,11,1.0,0.8175,1.0,11,1.0,0.8175,1.0,11,1.0,0.8175,1.0,11,1.0,0.8066,1.0,12,1.0,0.7904,1.0,14,1.0,0.7904,1.0,16
xbrl-csco-2024-deferred-tax-assets-tax-deferred-expense-compensation-and-benefits-share-based-compensation-cost-usd-0000858877-24-000017,bm25,True,tables,0.5,0.3869,0.5,4,0.5,0.3869,0.5,6,0.5,0.3869,0.5,6,0.5,0.3869,0.5,7,0.5,0.3869,0.5,8,0.5,0.6131,1.0,8,0.5,0.6131,1.0,11,0.5,0.6131,1.0,14
xbrl-csco-2024-deferred-tax-assets-tax-deferred-expense-compensation-and-benefits-share-based-compensation-cost-usd-0000858877-24-000017,hybrid,True,tables,0.5,0.171,0.0909,5,0.5,0.2184,0.1667,8,0.5,0.2372,0.2,11,0.5,0.3066,0.3333,13,0.5,0.2641,0.25,14,0.5,0.3066,0.3333,15,0.5,0.2372,0.2,16,0.5,0.2372,0.2,16
xbrl-csco-2024-increase-decrease-in-employee-related-liabilities-usd-0000858877-24-000017,bm25,True,tables,0.0,0.0,0.0,1,0.0,0.0,0.0,2,0.0,0.0,0.0,2,0.0,0.0,0.0,4,0.0,0.0,0.0,4,0.0,0.0,0.0,4,0.0,0.0,0.0,6,0.0,0.0,0.0,10
xbrl-csco-2024-increase-decrease-in-employee-related-liabilities-usd-0000858877-24-000017,hybrid,True,tables,0.0,0.0,0.0,6,0.0,0.0,0.0,7,0.0,0.0,0.0,9,0.0,0.0,0.0,10,0.0,0.0,0.0,10,0.0,0.0,0.0,11,0.0,0.0,0.0,12,0.0,0.0,0.0,14
xbrl-csco-2024-contract-with-customer-liability-current-usd-0000858877-24-000017,bm25,True,tables,0.0,0.0,0.0,0,0.0,0.0,0.0,0,0.0,0.0,0.0,0,0.0,0.0,0.0,0,0.0,0.0,0.0,0,0.0,0.0,0.0,0,0.0,0.0,0.0,0,0.0,0.0,0.0,1
xbrl-csco-2024-contract-with-customer-liability-current-usd-0000858877-24-000017,hybrid,True,tables,0.0,0.0,0.0,0,0.0,0.0,0.0,4,0.0,0.0,0.0,7,0.0,0.0,0.0,8,0.0,0.0,0.0,8,0.0,0.0,0.0,8,0.0,0.0,0.0,10,0.0,0.0,0.0,10
xbrl-csco-2024-federal-income-tax-expense-benefit-continuing-operations-usd-0000858877-24-000017,bm25,True,tables,0.0,0.0,0.0,8,0.0,0.0,0.0,8,0.0,0.0,0.0,8,0.0,0.0,0.0,8,0.0,0.0,0.0,9,0.0,0.0,0.0,9,0.0,0.0,0.0,9,0.0,0.0,0.0,12
xbrl-csco-2024-federal-income-tax-expense-benefit-continuing-operations-usd-0000858877-24-000017,hybrid,True,tables,0.0,0.0,0.0,5,0.0,0.0,0.0,6,0.0,0.0,0.0,12,0.0,0.0,0.0,12,0.0,0.0,0.0,12,0.0,0.0,0.0,12,0.0,0.0,0.0,14,0.0,0.0,0.0,15
xbrl-csco-2024-employee-related-liabilities-current-usd-0000858877-24-000017,bm25,True,tables,0.0,0.0,0.0,0,0.0,0.0,0.0,0,0.0,0.0,0.0,0,0.0,0.0,0.0,1,1.0,0.2626,0.0769,2,1.0,0.2702,0.0833,5,1.0,0.4307,0.25,7,1.0,0.6309,0.5,9
xbrl-csco-2024-employee-related-liabilities-current-usd-0000858877-24-000017,hybrid,True,tables,1.0,0.3333,0.1429,6,1.0,0.4307,0.25,10,1.0,0.4307,0.25,10,1.0,0.4307,0.25,10,1.0,0.4307,0.25,10,1.0,0.4307,0.25,10,1.0,0.4307,0.25,14,1.0,0.4307,0.25,16
xbrl-csco-2024-deferred-tax-liabilities-net-usd-0000858877-24-000017,bm25,True,tables,1.0,0.5,0.3333,3,1.0,0.5,0.3333,3,1.0,0.5,0.3333,3,1.0,0.6309,0.5,3,1.0,0.6309,0.5,3,1.0,0.6309,0.5,4,1.0,0.6309,0.5,7,1.0,0.6309,0.5,15
xbrl-csco-2024-deferred-tax-liabilities-net-usd-0000858877-24-000017,hybrid,True,tables,1.0,0.3562,0.1667,3,1.0,0.3869,0.2,8,1.0,0.5,0.3333,11,1.0,0.6309,0.5,14,1.0,0.5,0.3333,16,1.0,0.5,0.3333,16,1.0,0.5,0.3333,16,1.0,0.5,0.3333,16
xbrl-csco-2024-inventory-raw-materials-net-of-reserves-usd-0000858877-24-000017,bm25,True,tables,0.3333333333333333,0.1564,0.1429,1,0.3333333333333333,0.1672,0.1667,1,0.3333333333333333,0.2021,0.25,1,0.3333333333333333,0.2346,0.3333,2,0.3333333333333333,0.4693,1.0,2,0.3333333333333333,0.4693,1.0,3,0.3333333333333333,0.4693,1.0,7,0.3333333333333333,0.4693,1.0,14
xbrl-csco-2024-inventory-raw-materials-net-of-reserves-usd-0000858877-24-000017,hybrid,True,tables,0.3333333333333333,0.2346,0.3333,2,0.3333333333333333,0.4693,1.0,8,0.3333333333333333,0.4693,1.0,9,0.3333333333333333,0.4693,1.0,9,0.3333333333333333,0.4693,1.0,10,0.3333333333333333,0.4693,1.0,10,0.3333333333333333,0.4693,1.0,11,0.3333333333333333,0.4693,1.0,16
xbrl-csco-2024-cash-cash-equivalents-restricted-cash-and-restricted-cash-equivalents-usd-0000858877-24-000017,bm25,True,tables,1.0,0.5438,0.3333,5,1.0,0.6509,0.5,6,1.0,0.6934,0.5,7,1.0,0.6934,0.5,8,1.0,0.6934,0.5,9,1.0,0.6934,0.5,9,1.0,0.6934,0.5,11,1.0,0.6934,0.5,14
xbrl-csco-2024-cash-cash-equivalents-restricted-cash-and-restricted-cash-equivalents-usd-0000858877-24-000017,hybrid,True,tables,1.0,0.5438,0.3333,7,1.0,0.6509,0.5,11,1.0,0.6934,0.5,12,1.0,0.6934,0.5,15,1.0,0.6934,0.5,16,1.0,0.6934,0.5,16,1.0,0.6934,0.5,16,1.0,0.6934,0.5,16
xbrl-csco-2024-cost-of-goods-and-services-sold-usd-0000858877-24-000017,bm25,True,tables,0.0,0.0,0.0,0,0.0,0.0,0.0,0,0.0,0.0,0.0,0,0.0,0.0,0.0,0,0.0,0.0,0.0,1,0.0,0.0,0.0,1,0.0,0.0,0.0,6,0.0,0.0,0.0,14
xbrl-csco-2024-cost-of-goods-and-services-sold-usd-0000858877-24-000017,hybrid,True,tables,0.0,0.0,0.0,7,0.0,0.0,0.0,8,0.0,0.0,0.0,8,0.0,0.0,0.0,8,0.0,0.0,0.0,8,0.0,0.0,0.0,8,1.0,0.6309,0.5,11,1.0,0.6309,0.5,16
xbrl-csco-2024-deferred-tax-assets-net-usd-0000858877-24-000017,bm25,True,tables,1.0,0.5706,0.3333,5,1.0,0.5706,0.3333,5,1.0,0.8772,1.0,5,1.0,1.0,1.0,5,1.0,1.0,1.0,6,1.0,1.0,1.0,7,1.0,1.0,1.0,9,1.0,1.0,1.0,13
xbrl-csco-2024-deferred-tax-assets-net-usd-0000858877-24-000017,hybrid,True,tables,1.0,0.6509,0.5,6,1.0,0.6241,0.5,9,1.0,0.8772,1.0,14,1.0,1.0,1.0,14,1.0,0.9197,1.0,15,1.0,0.9197,1.0,15,1.0,0.9197,1.0,16,1.0,0.9197,1.0,16
xbrl-csco-2024-finite-lived-intangible-asset-expected-amortization-after-year-five-usd-0000858877-24-000017,bm25,True,tables,0.0,0.0,0.0,4,0.0,0.0,0.0,5,0.0,0.0,0.0,5,0.0,0.0,0.0,5,0.0,0.0,0.0,5,0.0,0.0,0.0,5,0.0,0.0,0.0,7,0.0,0.0,0.0,9
xbrl-csco-2024-finite-lived-intangible-asset-expected-amortization-after-year-five-usd-0000858877-24-000017,hybrid,True,tables,0.0,0.0,0.0,5,0.0,0.0,0.0,7,0.0,0.0,0.0,8,0.0,0.0,0.0,9,0.0,0.0,0.0,9,0.0,0.0,0.0,10,0.0,0.0,0.0,12,0.0,0.0,0.0,13
xbrl-csco-2024-impairment-of-intangible-assets-excluding-goodwill-usd-0000858877-24-000017,bm25,True,both,0.6666666666666666,0.4018,0.3333,0,0.6666666666666666,0.4018,0.3333,2,0.6666666666666666,0.4018,0.3333,2,0.6666666666666666,0.4018,0.3333,3,0.6666666666666666,0.4018,0.3333,3,0.6666666666666666,0.4018,0.3333,3,0.6666666666666666,0.294,0.1667,6,0.3333333333333333,0.1268,0.0833,11
xbrl-csco-2024-impairment-of-intangible-assets-excluding-goodwill-usd-0000858877-24-000017,hybrid,True,both,0.6666666666666666,0.4018,0.3333,2,0.6666666666666666,0.3911,0.3333,6,0.6666666666666666,0.3169,0.25,7,0.6666666666666666,0.2441,0.0833,9,0.6666666666666666,0.2482,0.0909,9,0.6666666666666666,0.2482,0.0909,9,0.3333333333333333,0.1173,0.0667,13,0.0,0.0,0.0,15
xbrl-csco-2024-net-cash-provided-by-used-in-investing-activities-usd-0000858877-24-000017,bm25,True,tables,1.0,1.0,1.0,5,1.0,1.0,1.0,5,1.0,1.0,1.0,5,1.0,1.0,1.0,5,1.0,1.0,1.0,6,1.0,1.0,1.0,6,1.0,1.0,1.0,8,1.0,1.0,1.0,12
xbrl-csco-2024-net-cash-provided-by-used-in-investing-activities-usd-0000858877-24-000017,hybrid,True,tables,1.0,0.5,0.3333,6,1.0,0.6309,0.5,9,1.0,1.0,1.0,11,1.0,1.0,1.0,12,1.0,1.0,1.0,13,1.0,1.0,1.0,16,1.0,1.0,1.0,16,1.0,1.0,1.0,16
xbrl-csco-2024-preferred-stock-shares-authorized-shares-0000858877-24-000017,bm25,True,prose,0.0,0.0,0.0,5,0.0,0.0,0.0,5,0.0,0.0,0.0,6,0.0,0.0,0.0,6,0.0,0.0,0.0,6,0.0,0.0,0.0,8,0.0,0.0,0.0,9,0.0,0.0,0.0,11
xbrl-csco-2024-preferred-stock-shares-authorized-shares-0000858877-24-000017,hybrid,True,prose,0.0,0.0,0.0,9,0.0,0.0,0.0,10,0.0,0.0,0.0,13,0.0,0.0,0.0,13,0.0,0.0,0.0,14,0.0,0.0,0.0,14,0.0,0.0,0.0,15,0.0,0.0,0.0,16
xbrl-csco-2024-property-subject-to-or-available-for-operating-lease-gross-usd-0000858877-24-000017,bm25,True,tables,0.0,0.0,0.0,0,0.0,0.0,0.0,0,0.0,0.0,0.0,0,0.3333333333333333,0.1268,0.0833,1,0.3333333333333333,0.1413,0.1111,3,0.3333333333333333,0.1672,0.1667,4,0.3333333333333333,0.2961,0.5,5,0.3333333333333333,0.4693,1.0,15
xbrl-csco-2024-property-subject-to-or-available-for-operating-lease-gross-usd-0000858877-24-000017,hybrid,True,tables,0.6666666666666666,0.2629,0.125,7,0.6666666666666666,0.3222,0.25,9,0.6666666666666666,0.427,0.5,9,0.6666666666666666,0.427,0.5,9,0.6666666666666666,0.4229,0.5,9,0.6666666666666666,0.4229,0.5,10,0.6666666666666666,0.4134,0.5,14,0.6666666666666666,0.4441,0.5,16
xbrl-csco-2024-financing-receivable-year-four-originated-three-years-before-current-fiscal-year-usd-0000858877-24-000017,bm25,True,tables,0.0,0.0,0.0,3,0.0,0.0,0.0,5,0.0,0.0,0.0,6,0.0,0.0,0.0,8,0.0,0.0,0.0,10,0.0,0.0,0.0,10,0.0,0.0,0.0,13,0.0,0.0,0.0,14
xbrl-csco-2024-financing-receivable-year-four-originated-three-years-before-current-fiscal-year-usd-0000858877-24-000017,hybrid,True,tables,0.0,0.0,0.0,9,0.0,0.0,0.0,12,0.0,0.0,0.0,14,0.0,0.0,0.0,14,0.0,0.0,0.0,14,0.0,0.0,0.0,14,0.0,0.0,0.0,16,0.0,0.0,0.0,16
xbrl-csco-2024-finite-lived-intangible-assets-accumulated-amortization-usd-0000858877-24-000017,bm25,True,tables,1.0,0.5,0.3333,5,1.0,0.5,0.3333,5,1.0,0.5,0.3333,6,1.0,0.5,0.3333,7,1.0,0.6309,0.5,8,1.0,0.6309,0.5,8,1.0,0.6309,0.5,9,1.0,0.6309,0.5,12
xbrl-csco-2024-finite-lived-intangible-assets-accumulated-amortization-usd-0000858877-24-000017,hybrid,True,tables,1.0,0.6309,0.5,4,1.0,1.0,1.0,7,1.0,1.0,1.0,9,1.0,1.0,1.0,15,1.0,1.0,1.0,15,1.0,1.0,1.0,16,1.0,1.0,1.0,16,1.0,1.0,1.0,16
xbrl-csco-2024-debt-securities-available-for-sale-continuous-unrealized-loss-position-less-than-12-months-usd-0000858877-24-000017,bm25,True,tables,0.0,0.0,0.0,13,0.0,0.0,0.0,13,0.0,0.0,0.0,13,0.0,0.0,0.0,14,0.5,0.15,0.0625,15,0.5,0.15,0.0625,15,0.5,0.1533,0.0667,16,0.5,0.1533,0.0667,16
xbrl-csco-2024-debt-securities-available-for-sale-continuous-unrealized-loss-position-less-than-12-months-usd-0000858877-24-000017,hybrid,True,tables,0.5,0.161,0.0769,14,0.5,0.161,0.0769,15,0.5,0.161,0.0769,15,0.5,0.1657,0.0833,16,0.5,0.1657,0.0833,16,0.5,0.1657,0.0833,16,0.5,0.1657,0.0833,16,0.5,0.1657,0.0833,16
xbrl-csco-2024-restructuring-charges-usd-0000858877-24-000017,bm25,True,both,0.6666666666666666,0.4525,0.5,4,0.6666666666666666,0.4632,0.5,4,0.6666666666666666,0.4632,0.5,4,0.6666666666666666,0.4632,0.5,4,0.6666666666666666,0.4632,0.5,4,0.6666666666666666,0.4776,0.5,5,0.6666666666666666,0.5307,0.5,5,0.6666666666666666,0.6364,1.0,7
xbrl-csco-2024-restructuring-charges-usd-0000858877-24-000017,hybrid,True,both,0.6666666666666666,0.3693,0.25,9,0.6666666666666666,0.3501,0.25,10,0.6666666666666666,0.4525,0.5,10,0.6666666666666666,0.6257,1.0,11,0.6666666666666666,0.6508,1.0,11,0.6666666666666666,0.6508,1.0,11,0.6666666666666666,0.6364,1.0,12,0.6666666666666666,0.5841,1.0,14
xbrl-csco-2025-finite-lived-intangible-assets-accumulated-amortization-usd-0000858877-25-000111,bm25,True,both,1.0,0.6546,0.5,5,1.0,0.5932,0.3333,6,1.0,0.5932,0.3333,6,1.0,0.5932,0.3333,6,1.0,0.6546,0.5,6,1.0,0.6546,0.5,7,1.0,0.6546,0.5,8,1.0,0.613,0.5,11
xbrl-csco-2025-finite-lived-intangible-assets-accumulated-amortization-usd-0000858877-25-000111,hybrid,True,both,1.0,0.9469,1.0,5,1.0,0.8855,1.0,8,1.0,0.8711,1.0,10,0.6666666666666666,0.7039,1.0,15,0.6666666666666666,0.6714,1.0,15,0.3333333333333333,0.4693,1.0,16,0.3333333333333333,0.4693,1.0,16,0.3333333333333333,0.4693,1.0,16
xbrl-csco-2025-lessee-operating-lease-liability-to-be-paid-usd-0000858877-25-000111,bm25,True,tables,0.0,0.0,0.0,1,0.0,0.0,0.0,2,0.0,0.0,0.0,2,0.0,0.0,0.0,2,0.0,0.0,0.0,2,0.0,0.0,0.0,3,0.0,0.0,0.0,5,0.0,0.0,0.0,12
xbrl-csco-2025-lessee-operating-lease-liability-to-be-paid-usd-0000858877-25-000111,hybrid,True,tables,0.5,0.1533,0.0667,5,0.5,0.171,0.0909,7,0.5,0.1772,0.1,9,0.5,0.1772,0.1,9,0.5,0.171,0.0909,9,0.5,0.171,0.0909,10,0.5,0.15,0.0625,14,0.0,0.0,0.0,16
xbrl-csco-2025-other-liabilities-current-usd-0000858877-25-000111,bm25,True,tables,1.0,0.2626,0.0769,4,1.0,0.2702,0.0833,6,1.0,0.2789,0.0909,6,1.0,0.2789,0.0909,6,1.0,0.3333,0.1429,6,1.0,0.3562,0.1667,6,1.0,0.5,0.3333,7,1.0,0.5,0.3333,9
xbrl-csco-2025-other-liabilities-current-usd-0000858877-25-000111,hybrid,True,tables,1.0,0.3562,0.1667,7,1.0,0.5,0.3333,9,1.0,0.5,0.3333,10,1.0,0.5,0.3333,10,1.0,0.5,0.3333,12,1.0,0.5,0.3333,12,1.0,0.5,0.3333,16,1.0,0.4307,0.25,16
xbrl-csco-2025-financing-receivable-allowance-for-credit-loss-usd-0000858877-25-000111,bm25,True,prose,0.0,0.0,0.0,6,0.0,0.0,0.0,6,0.0,0.0,0.0,6,0.0,0.0,0.0,7,0.0,0.0,0.0,7,0.0,0.0,0.0,7,0.0,0.0,0.0,7,0.0,0.0,0.0,13
xbrl-csco-2025-financing-receivable-allowance-for-credit-loss-usd-0000858877-25-000111,hybrid,True,prose,0.0,0.0,0.0,7,0.0,0.0,0.0,7,0.0,0.0,0.0,10,0.0,0.0,0.0,13,0.0,0.0,0.0,13,0.0,0.0,0.0,13,0.0,0.0,0.0,14,0.0,0.0,0.0,16
xbrl-csco-2025-deferred-tax-assets-net-of-valuation-allowance-usd-0000858877-25-000111,bm25,True,tables,1.0,0.5,0.3333,3,1.0,0.5,0.3333,4,1.0,0.5,0.3333,6,1.0,0.5,0.3333,6,1.0,1.0,1.0,7,1.0,1.0,1.0,9,1.0,1.0,1.0,13,1.0,1.0,1.0,13
xbrl-csco-2025-deferred-tax-assets-net-of-valuation-allowance-usd-0000858877-25-000111,hybrid,True,tables,1.0,0.4307,0.25,5,1.0,0.6309,0.5,8,1.0,0.6309,0.5,10,1.0,1.0,1.0,12,1.0,1.0,1.0,13,1.0,1.0,1.0,14,1.0,1.0,1.0,16,1.0,1.0,1.0,16
xbrl-csco-2025-significant-change-in-unrecognized-tax-benefits-is-reasonably-possible-amount-of-unrecorded-benefit-usd-0000858877-25-000111,bm25,True,both,0.3333333333333333,0.1309,0.0909,3,0.3333333333333333,0.1268,0.0833,3,0.3333333333333333,0.1268,0.0833,3,0.3333333333333333,0.1268,0.0833,3,0.3333333333333333,0.1268,0.0833,3,0.3333333333333333,0.1268,0.0833,3,0.3333333333333333,0.1148,0.0625,7,0.0,0.0,0.0,12
xbrl-csco-2025-significant-change-in-unrecognized-tax-benefits-is-reasonably-possible-amount-of-unrecorded-benefit-usd-0000858877-25-000111,hybrid,True,both,0.3333333333333333,0.1201,0.0714,3,0.3333333333333333,0.1173,0.0667,3,0.0,0.0,0.0,5,0.0,0.0,0.0,8,0.0,0.0,0.0,10,0.0,0.0,0.0,11,0.0,0.0,0.0,11,0.0,0.0,0.0,13
xbrl-csco-2025-income-tax-expense-benefit-usd-0000858877-25-000111,bm25,True,tables,0.0,0.0,0.0,7,0.0,0.0,0.0,7,0.0,0.0,0.0,7,0.0,0.0,0.0,7,0.0,0.0,0.0,8,0.5,0.15,0.0625,9,0.5,0.1569,0.0714,10,0.5,0.1772,0.1,11
xbrl-csco-2025-income-tax-expense-benefit-usd-0000858877-25-000111,hybrid,True,tables,0.0,0.0,0.0,5,0.0,0.0,0.0,6,0.5,0.1772,0.1,12,0.5,0.1934,0.125,13,0.5,0.2044,0.1429,14,0.5,0.2044,0.1429,14,0.5,0.2044,0.1429,16,0.5,0.2044,0.1429,16
xbrl-csco-2025-current-foreign-tax-expense-benefit-usd-0000858877-25-000111,bm25,True,tables,0.0,0.0,0.0,7,0.0,0.0,0.0,7,0.0,0.0,0.0,8,0.0,0.0,0.0,8,0.0,0.0,0.0,8,0.0,0.0,0.0,8,0.0,0.0,0.0,9,0.0,0.0,0.0,13
xbrl-csco-2025-current-foreign-tax-expense-benefit-usd-0000858877-25-000111,hybrid,True,tables,0.0,0.0,0.0,5,0.0,0.0,0.0,8,1.0,0.2702,0.0833,13,1.0,0.2789,0.0909,15,1.0,0.2891,0.1,16,1.0,0.2891,0.1,16,1.0,0.301,0.1111,16,1.0,0.3333,0.1429,16
xbrl-csco-2025-inventory-net-usd-0000858877-25-000111,bm25,True,tables,0.0,0.0,0.0,0,0.0,0.0,0.0,0,0.0,0.0,0.0,0,0.0,0.0,0.0,0,0.0,0.0,0.0,0,0.3333333333333333,0.1201,0.0714,1,0.3333333333333333,0.148,0.125,5,0.3333333333333333,0.4693,1.0,13
xbrl-csco-2025-inventory-net-usd-0000858877-25-000111,hybrid,True,tables,0.3333333333333333,0.1413,0.1111,3,0.3333333333333333,0.1815,0.2,7,0.3333333333333333,0.2346,0.3333,9,0.3333333333333333,0.4693,1.0,9,0.3333333333333333,0.4693,1.0,10,0.3333333333333333,0.4693,1.0,10,0.3333333333333333,0.4693,1.0,11,0.3333333333333333,0.4693,1.0,14
xbrl-csco-2025-equity-securities-fv-ni-unrealized-gain-loss-usd-0000858877-25-000111,bm25,True,both,0.3333333333333333,0.1148,0.0625,10,0.3333333333333333,0.1148,0.0625,10,0.3333333333333333,0.1148,0.0625,10,0.0,0.0,0.0,11,0.0,0.0,0.0,12,0.0,0.0,0.0,12,0.0,0.0,0.0,15,0.0,0.0,0.0,16
xbrl-csco-2025-equity-securities-fv-ni-unrealized-gain-loss-usd-0000858877-25-000111,hybrid,True,both,0.0,0.0,0.0,13,0.0,0.0,0.0,14,0.0,0.0,0.0,15,0.0,0.0,0.0,16,0.0,0.0,0.0,16,0.0,0.0,0.0,16,0.0,0.0,0.0,16,0.0,0.0,0.0,16
xbrl-csco-2025-proceeds-from-issuance-of-common-stock-usd-0000858877-25-000111,bm25,True,tables,0.6666666666666666,0.5925,1.0,6,0.6666666666666666,0.6049,1.0,7,0.6666666666666666,0.6105,1.0,7,0.6666666666666666,0.6173,1.0,7,0.6666666666666666,0.6173,1.0,8,0.6666666666666666,0.6173,1.0,10,0.6666666666666666,0.6364,1.0,12,0.6666666666666666,0.6364,1.0,14
xbrl-csco-2025-proceeds-from-issuance-of-common-stock-usd-0000858877-25-000111,hybrid,True,tables,0.6666666666666666,0.6105,1.0,8,0.6666666666666666,0.6257,1.0,11,0.6666666666666666,0.6364,1.0,13,0.6666666666666666,0.6364,1.0,13,0.6666666666666666,0.6364,1.0,15,0.6666666666666666,0.6364,1.0,15,0.6666666666666666,0.6257,1.0,16,0.6666666666666666,0.6257,1.0,16
xbrl-csco-2025-us-gaap-debtsecuritiesavailableforsaleamortizedcostexcludingaccruedinterestbeforeallowanceforcreditloss-usd-0000858877-25-000111,bm25,False,tables,0.0,0.0,0.0,0,0.0,0.0,0.0,0,0.0,0.0,0.0,0,0.0,0.0,0.0,0,0.0,0.0,0.0,0,0.0,0.0,0.0,0,0.0,0.0,0.0,0,0.0,0.0,0.0,0
xbrl-csco-2025-us-gaap-debtsecuritiesavailableforsaleamortizedcostexcludingaccruedinterestbeforeallowanceforcreditloss-usd-0000858877-25-000111,hybrid,False,tables,0.0,0.0,0.0,0,0.0,0.0,0.0,0,0.0,0.0,0.0,0,0.0,0.0,0.0,0,0.0,0.0,0.0,0,0.0,0.0,0.0,0,0.0,0.0,0.0,0,0.0,0.0,0.0,0
xbrl-csco-2025-common-stocks-including-additional-paid-in-capital-usd-0000858877-25-000111,bm25,True,tables,1.0,0.3701,0.1429,9,1.0,0.3754,0.1429,9,1.0,0.3816,0.1429,9,1.0,0.3816,0.1429,10,1.0,0.3816,0.1429,10,1.0,0.3816,0.1429,10,1.0,0.389,0.1429,11,1.0,0.389,0.1429,13
xbrl-csco-2025-common-stocks-including-additional-paid-in-capital-usd-0000858877-25-000111,hybrid,True,tables,1.0,0.511,0.3333,11,1.0,0.4416,0.2,12,1.0,0.4825,0.25,13,1.0,0.4825,0.25,15,1.0,0.4825,0.25,15,1.0,0.4825,0.25,15,1.0,0.4825,0.25,15,1.0,0.4825,0.25,16
xbrl-csco-2025-long-term-debt-maturity-year-five-usd-0000858877-25-000111,bm25,True,both,0.3333333333333333,0.2961,0.5,4,0.3333333333333333,0.2961,0.5,4,0.3333333333333333,0.2346,0.3333,4,0.3333333333333333,0.2346,0.3333,4,0.3333333333333333,0.2346,0.3333,4,0.3333333333333333,0.2346,0.3333,5,0.3333333333333333,0.2346,0.3333,6,0.3333333333333333,0.1815,0.2,11
xbrl-csco-2025-long-term-debt-maturity-year-five-usd-0000858877-25-000111,hybrid,True,both,0.3333333333333333,0.4693,1.0,8,0.3333333333333333,0.2961,0.5,9,0.6666666666666666,0.3494,0.3333,11,0.6666666666666666,0.2482,0.0909,12,0.6666666666666666,0.2416,0.0833,12,0.6666666666666666,0.2441,0.0833,12,1.0,0.4066,0.125,14,0.6666666666666666,0.2921,0.1429,16
xbrl-csco-2025-finite-lived-intangible-asset-expected-amortization-year-two-usd-0000858877-25-000111,bm25,True,tables,0.0,0.0,0.0,5,0.0,0.0,0.0,5,0.0,0.0,0.0,5,0.0,0.0,0.0,5,0.0,0.0,0.0,5,0.0,0.0,0.0,5,0.0,0.0,0.0,7,0.0,0.0,0.0,9
xbrl-csco-2025-finite-lived-intangible-asset-expected-amortization-year-two-usd-0000858877-25-000111,hybrid,True,tables,0.0,0.0,0.0,6,0.0,0.0,0.0,8,0.0,0.0,0.0,8,0.0,0.0,0.0,10,0.0,0.0,0.0,10,0.0,0.0,0.0,10,0.0,0.0,0.0,12,0.0,0.0,0.0,13
xbrl-csco-2025-sales-type-and-direct-financing-leases-lease-receivable-usd-0000858877-25-000111,bm25,True,prose,0.6666666666666666,0.6508,1.0,0,0.6666666666666666,0.6508,1.0,0,0.6666666666666666,0.6508,1.0,0,0.6666666666666666,0.6508,1.0,0,0.6666666666666666,0.6508,1.0,1,0.6666666666666666,0.6508,1.0,2,0.6666666666666666,0.6508,1.0,6,0.6666666666666666,0.6173,1.0,9
xbrl-csco-2025-sales-type-and-direct-financing-leases-lease-receivable-usd-0000858877-25-000111,hybrid,True,prose,1.0,0.5179,0.3333,3,1.0,0.5179,0.3333,6,0.6666666666666666,0.4134,0.5,9,0.6666666666666666,0.3084,0.2,11,0.3333333333333333,0.1357,0.1,12,0.3333333333333333,0.1357,0.1,12,0.3333333333333333,0.1201,0.0714,14,0.0,0.0,0.0,16
xbrl-csco-2025-contract-with-customer-asset-before-allowance-for-credit-loss-usd-0000858877-25-000111,bm25,True,tables,0.0,0.0,0.0,4,0.0,0.0,0.0,5,0.0,0.0,0.0,6,0.0,0.0,0.0,6,0.0,0.0,0.0,9,0.0,0.0,0.0,9,0.0,0.0,0.0,10,0.0,0.0,0.0,12
xbrl-csco-2025-contract-with-customer-asset-before-allowance-for-credit-loss-usd-0000858877-25-000111,hybrid,True,tables,0.0,0.0,0.0,6,0.0,0.0,0.0,8,0.0,0.0,0.0,10,0.0,0.0,0.0,11,0.0,0.0,0.0,11,0.0,0.0,0.0,13,0.0,0.0,0.0,14,0.0,0.0,0.0,16
xbrl-csco-2025-revenue-remaining-performance-obligation-amount-usd-0000858877-25-000111,bm25,True,tables,0.0,0.0,0.0,0,0.0,0.0,0.0,0,0.0,0.0,0.0,0,0.0,0.0,0.0,0,0.0,0.0,0.0,0,0.0,0.0,0.0,0,0.3333333333333333,0.1268,0.0833,1,0.6666666666666666,0.3254,0.25,4
xbrl-csco-2025-revenue-remaining-performance-obligation-amount-usd-0000858877-25-000111,hybrid,True,tables,0.0,0.0,0.0,3,0.0,0.0,0.0,6,0.3333333333333333,0.1148,0.0625,8,0.3333333333333333,0.1148,0.0625,8,0.3333333333333333,0.1148,0.0625,8,0.3333333333333333,0.4693,1.0,8,0.3333333333333333,0.4693,1.0,9,0.6666666666666666,0.6105,1.0,10
xbrl-csco-2025-other-comprehensive-income-loss-net-of-tax-portion-attributable-to-parent-usd-0000858877-25-000111,bm25,True,tables,0.3333333333333333,0.1413,0.1111,5,0.3333333333333333,0.1672,0.1667,7,0.3333333333333333,0.1672,0.1667,9,0.3333333333333333,0.1815,0.2,11,0.3333333333333333,0.1815,0.2,12,0.3333333333333333,0.2021,0.25,13,0.3333333333333333,0.2021,0.25,15,0.3333333333333333,0.2021,0.25,16
xbrl-csco-2025-other-comprehensive-income-loss-net-of-tax-portion-attributable-to-parent-usd-0000858877-25-000111,hybrid,True,tables,0.3333333333333333,0.2961,0.5,12,0.6666666666666666,0.4109,0.5,15,0.6666666666666666,0.4109,0.5,15,0.6666666666666666,0.5841,1.0,15,0.6666666666666666,0.5866,1.0,16,0.6666666666666666,0.5866,1.0,16,0.6666666666666666,0.5894,1.0,16,0.6666666666666666,0.5894,1.0,16
xbrl-csco-2025-stock-repurchased-and-retired-during-period-value-usd-0000858877-25-000111,bm25,True,tables,0.3333333333333333,0.1815,0.2,3,0.3333333333333333,0.2346,0.3333,3,0.3333333333333333,0.4693,1.0,3,0.3333333333333333,0.4693,1.0,3,0.3333333333333333,0.4693,1.0,4,0.3333333333333333,0.4693,1.0,4,0.3333333333333333,0.4693,1.0,5,0.3333333333333333,0.4693,1.0,9
xbrl-csco-2025-stock-repurchased-and-retired-during-period-value-usd-0000858877-25-000111,hybrid,True,tables,0.3333333333333333,0.2961,0.5,4,1.0,0.5834,0.5,7,1.0,0.767,1.0,8,1.0,0.7845,1.0,9,1.0,0.8072,1.0,9,1.0,0.7845,1.0,10,1.0,0.767,1.0,11,1.0,0.7566,1.0,14
xbrl-googl-2021-deferred-tax-liabilities-gross-usd-0001652044-22-000019,bm25,True,tables,1.0,0.3562,0.1667,3,1.0,0.3869,0.2,4,1.0,0.4307,0.25,4,1.0,0.5,0.3333,4,1.0,0.6309,0.5,4,1.0,0.6309,0.5,5,1.0,0.6309,0.5,7,1.0,1.0,1.0,12
xbrl-googl-2021-deferred-tax-liabilities-gross-usd-0001652044-22-000019,hybrid,True,tables,1.0,0.6309,0.5,6,1.0,1.0,1.0,10,1.0,1.0,1.0,11,1.0,1.0,1.0,11,1.0,1.0,1.0,12,1.0,1.0,1.0,12,1.0,1.0,1.0,14,1.0,1.0,1.0,16
xbrl-googl-2021-derivative-collateral-right-to-reclaim-cash-usd-0001652044-22-000019,bm25,True,tables,0.0,0.0,0.0,0,0.0,0.0,0.0,4,0.0,0.0,0.0,4,0.0,0.0,0.0,4,0.0,0.0,0.0,4,0.0,0.0,0.0,4,0.0,0.0,0.0,5,0.0,0.0,0.0,8
xbrl-googl-2021-derivative-collateral-right-to-reclaim-cash-usd-0001652044-22-000019,hybrid,True,tables,0.0,0.0,0.0,6,0.0,0.0,0.0,9,0.0,0.0,0.0,9,0.0,0.0,0.0,10,0.0,0.0,0.0,10,0.0,0.0,0.0,10,0.0,0.0,0.0,12,0.0,0.0,0.0,13
xbrl-googl-2021-common-stock-shares-issued-shares-0001652044-22-000019,bm25,True,both,0.3333333333333333,0.2961,0.5,6,0.3333333333333333,0.4693,1.0,6,0.3333333333333333,0.4693,1.0,6,0.3333333333333333,0.4693,1.0,7,0.3333333333333333,0.4693,1.0,7,0.3333333333333333,0.4693,1.0,7,0.3333333333333333,0.4693,1.0,11,0.3333333333333333,0.4693,1.0,16
xbrl-googl-2021-common-stock-shares-issued-shares-0001652044-22-000019,hybrid,True,both,0.6666666666666666,0.4441,0.5,7,0.6666666666666666,0.4525,0.5,13,0.6666666666666666,0.4373,0.5,13,0.6666666666666666,0.4317,0.5,14,0.6666666666666666,0.6105,1.0,14,0.6666666666666666,0.6105,1.0,15,0.6666666666666666,0.6049,1.0,16,0.6666666666666666,0.6002,1.0,16
xbrl-googl-2021-debt-securities-available-for-sale-fair-value-maturity-allocated-and-single-maturity-date-year-one-usd-0001652044-22-000019,bm25,True,tables,0.0,0.0,0.0,0,0.0,0.0,0.0,0,0.0,0.0,0.0,0,0.0,0.0,0.0,1,0.0,0.0,0.0,1,0.0,0.0,0.0,1,0.0,0.0,0.0,6,0.0,0.0,0.0,9
xbrl-googl-2021-debt-securities-available-for-sale-fair-value-maturity-allocated-and-single-maturity-date-year-one-usd-0001652044-22-000019,hybrid,True,tables,0.0,0.0,0.0,8,0.0,0.0,0.0,10,0.0,0.0,0.0,11,0.0,0.0,0.0,12,0.0,0.0,0.0,12,0.0,0.0,0.0,12,0.0,0.0,0.0,15,0.0,0.0,0.0,16
xbrl-googl-2021-income-loss-from-continuing-operations-before-income-taxes-foreign-usd-0001652044-22-000019,bm25,True,tables,0.0,0.0,0.0,5,0.0,0.0,0.0,6,0.0,0.0,0.0,7,0.0,0.0,0.0,7,0.0,0.0,0.0,7,0.0,0.0,0.0,8,0.0,0.0,0.0,11,0.0,0.0,0.0,14
xbrl-googl-2021-income-loss-from-continuing-operations-before-income-taxes-foreign-usd-0001652044-22-000019,hybrid,True,tables,0.0,0.0,0.0,10,0.0,0.0,0.0,12,0.0,0.0,0.0,13,0.0,0.0,0.0,16,0.0,0.0,0.0,16,0.0,0.0,0.0,16,0.0,0.0,0.0,16,0.0,0.0,0.0,16
xbrl-googl-2021-cash-and-cash-equivalents-fair-value-disclosure-usd-0001652044-22-000019,bm25,True,tables,0.0,0.0,0.0,4,0.0,0.0,0.0,4,1.0,0.2447,0.0625,6,1.0,0.256,0.0714,6,1.0,0.2626,0.0769,6,1.0,0.2789,0.0909,6,1.0,0.3562,0.1667,9,1.0,0.3562,0.1667,12
xbrl-googl-2021-cash-and-cash-equivalents-fair-value-disclosure-usd-0001652044-22-000019,hybrid,True,tables,1.0,0.3869,0.2,8,1.0,0.3562,0.1667,11,1.0,0.6309,0.5,11,1.0,0.6309,0.5,11,1.0,0.6309,0.5,14,1.0,0.6309,0.5,14,1.0,1.0,1.0,16,1.0,1.0,1.0,16
xbrl-googl-2021-long-term-debt-and-lease-obligation-usd-0001652044-22-000019,bm25,True,tables,1.0,0.319,0.0833,2,1.0,0.3267,0.0833,2,1.0,0.3556,0.1111,2,1.0,0.378,0.125,2,1.0,0.378,0.125,2,1.0,0.3978,0.1429,3,1.0,0.6934,0.5,4,1.0,1.0,1.0,6
xbrl-googl-2021-long-term-debt-and-lease-obligation-usd-0001652044-22-000019,hybrid,True,tables,1.0,0.4685,0.25,5,1.0,0.6509,0.5,7,1.0,1.0,1.0,8,1.0,1.0,1.0,9,1.0,1.0,1.0,9,1.0,1.0,1.0,9,1.0,1.0,1.0,10,1.0,1.0,1.0,13
xbrl-googl-2021-accounts-receivable-after-allowance-for-credit-loss-current-usd-0001652044-22-000019,bm25,True,tables,1.0,0.25,0.0667,1,1.0,0.2626,0.0769,1,1.0,0.2702,0.0833,1,1.0,0.2789,0.0909,1,1.0,0.301,0.1111,1,1.0,0.3333,0.1429,1,1.0,0.4307,0.25,2,1.0,0.6309,0.5,8
xbrl-googl-2021-accounts-receivable-after-allowance-for-credit-loss-current-usd-0001652044-22-000019,hybrid,True,tables,1.0,0.4307,0.25,4,1.0,0.5,0.3333,8,1.0,1.0,1.0,10,1.0,1.0,1.0,11,1.0,1.0,1.0,11,1.0,1.0,1.0,12,1.0,1.0,1.0,13,1.0,1.0,1.0,14
xbrl-googl-2021-inventory-net-usd-0001652044-22-000019,bm25,True,tables,1.0,0.2447,0.0625,1,1.0,0.256,0.0714,1,1.0,0.2789,0.0909,1,1.0,0.2789,0.0909,2,1.0,0.301,0.1111,2,1.0,0.3562,0.1667,3,1.0,1.0,1.0,6,1.0,1.0,1.0,10
xbrl-googl-2021-inventory-net-usd-0001652044-22-000019,hybrid,True,tables,1.0,0.5,0.3333,6,1.0,0.6309,0.5,10,1.0,1.0,1.0,10,1.0,1.0,1.0,10,1.0,1.0,1.0,10,1.0,1.0,1.0,11,1.0,1.0,1.0,12,1.0,1.0,1.0,16
xbrl-googl-2021-unrecognized-tax-benefits-increase-resulting-from-prior-period-tax-positions-usd-0001652044-22-000019,bm25,True,tables,0.0,0.0,0.0,1,0.0,0.0,0.0,1,0.0,0.0,0.0,1,0.0,0.0,0.0,2,0.0,0.0,0.0,2,0.0,0.0,0.0,3,0.0,0.0,0.0,4,0.0,0.0,0.0,6
xbrl-googl-2021-unrecognized-tax-benefits-increase-resulting-from-prior-period-tax-positions-usd-0001652044-22-000019,hybrid,True,tables,0.0,0.0,0.0,3,0.0,0.0,0.0,5,0.0,0.0,0.0,9,0.0,0.0,0.0,9,0.0,0.0,0.0,10,0.0,0.0,0.0,10,0.0,0.0,0.0,11,0.0,0.0,0.0,11
xbrl-googl-2021-foreign-currency-transaction-gain-loss-before-tax-usd-0001652044-22-000019,bm25,True,both,0.3333333333333333,0.1815,0.2,5,0.3333333333333333,0.1815,0.2,6,0.3333333333333333,0.1815,0.2,6,0.3333333333333333,0.2346,0.3333,7,0.3333333333333333,0.2346,0.3333,7,0.3333333333333333,0.2961,0.5,7,0.3333333333333333,0.2961,0.5,8,0.3333333333333333,0.4693,1.0,11
xbrl-googl-2021-foreign-currency-transaction-gain-loss-before-tax-usd-0001652044-22-000019,hybrid,True,both,0.3333333333333333,0.1201,0.0714,7,0.3333333333333333,0.1357,0.1,8,0.3333333333333333,0.1672,0.1667,9,0.3333333333333333,0.1815,0.2,13,0.3333333333333333,0.1815,0.2,15,0.3333333333333333,0.1815,0.2,15,0.3333333333333333,0.1672,0.1667,16,0.3333333333333333,0.1564,0.1429,16
xbrl-googl-2021-deferred-income-tax-assets-net-usd-0001652044-22-000019,bm25,True,tables,0.0,0.0,0.0,4,1.0,0.2626,0.0769,6,1.0,0.2626,0.0769,6,1.0,0.2626,0.0769,7,1.0,0.2626,0.0769,8,1.0,0.2789,0.0909,8,1.0,0.3155,0.125,9,1.0,0.3562,0.1667,13
xbrl-googl-2021-deferred-income-tax-assets-net-usd-0001652044-22-000019,hybrid,True,tables,1.0,0.2891,0.1,9,1.0,0.3333,0.1429,10,1.0,0.3869,0.2,13,1.0,0.3562,0.1667,15,1.0,0.3562,0.1667,16,1.0,0.3869,0.2,16,1.0,0.3869,0.2,16,1.0,0.3562,0.1667,16
xbrl-googl-2021-debt-securities-available-for-sale-continuous-unrealized-loss-position-less-than-12-months-usd-0001652044-22-000019,bm25,True,tables,1.0,0.3869,0.2,8,1.0,0.4307,0.25,8,1.0,0.5,0.3333,8,1.0,0.5,0.3333,8,1.0,0.5,0.3333,9,1.0,0.5,0.3333,9,1.0,0.6309,0.5,10,1.0,0.6309,0.5,12
xbrl-googl-2021-debt-securities-available-for-sale-continuous-unrealized-loss-position-less-than-12-months-usd-0001652044-22-000019,hybrid,True,tables,1.0,0.5,0.3333,10,1.0,0.6309,0.5,12,1.0,1.0,1.0,13,1.0,1.0,1.0,13,1.0,1.0,1.0,15,1.0,1.0,1.0,15,1.0,1.0,1.0,16,1.0,1.0,1.0,16
xbrl-googl-2021-contract-with-customer-liability-noncurrent-usd-0001652044-22-000019,bm25,True,tables,0.0,0.0,0.0,0,0.0,0.0,0.0,0,0.0,0.0,0.0,0,0.0,0.0,0.0,0,0.0,0.0,0.0,0,0.0,0.0,0.0,0,0.0,0.0,0.0,2,0.0,0.0,0.0,4
xbrl-googl-2021-contract-with-customer-liability-noncurrent-usd-0001652044-22-000019,hybrid,True,tables,0.0,0.0,0.0,1,0.0,0.0,0.0,7,0.0,0.0,0.0,8,0.0,0.0,0.0,8,0.0,0.0,0.0,8,0.0,0.0,0.0,8,0.0,0.0,0.0,9,0.0,0.0,0.0,10
xbrl-googl-2021-deferred-tax-assets-valuation-allowance-usd-0001652044-22-000019,bm25,True,tables,1.0,0.5,0.3333,3,1.0,0.6309,0.5,3,1.0,1.0,1.0,3,1.0,1.0,1.0,3,1.0,1.0,1.0,3,1.0,1.0,1.0,3,1.0,1.0,1.0,3,1.0,1.0,1.0,9
xbrl-googl-2021-deferred-tax-assets-valuation-allowance-usd-0001652044-22-000019,hybrid,True,tables,1.0,0.6309,0.5,5,1.0,1.0,1.0,8,1.0,1.0,1.0,10,1.0,1.0,1.0,10,1.0,1.0,1.0,11,1.0,1.0,1.0,11,1.0,1.0,1.0,11,1.0,1.0,1.0,12
xbrl-googl-2021-lessee-operating-lease-liability-to-be-paid-after-year-five-usd-0001652044-22-000019,bm25,True,tables,0.0,0.0,0.0,1,0.0,0.0,0.0,1,0.0,0.0,0.0,1,0.0,0.0,0.0,1,0.0,0.0,0.0,3,0.0,0.0,0.0,3,1.0,0.3333,0.1429,4,1.0,0.4307,0.25,7
xbrl-googl-2021-lessee-operating-lease-liability-to-be-paid-after-year-five-usd-0001652044-22-000019,hybrid,True,tables,1.0,0.2447,0.0625,4,1.0,0.3155,0.125,8,1.0,0.4307,0.25,9,1.0,0.5,0.3333,9,1.0,0.5,0.3333,9,1.0,0.5,0.3333,9,1.0,0.5,0.3333,11,1.0,0.5,0.3333,13
xbrl-googl-2021-increase-decrease-in-accounts-receivable-usd-0001652044-22-000019,bm25,True,tables,1.0,0.2702,0.0833,1,1.0,0.2891,0.1,1,1.0,0.3333,0.1429,1,1.0,0.3562,0.1667,2,1.0,0.3869,0.2,2,1.0,0.3869,0.2,3,1.0,0.6309,0.5,3,1.0,1.0,1.0,5
xbrl-googl-2021-increase-decrease-in-accounts-receivable-usd-0001652044-22-000019,hybrid,True,tables,1.0,0.4307,0.25,5,1.0,1.0,1.0,8,1.0,1.0,1.0,8,1.0,1.0,1.0,8,1.0,1.0,1.0,9,1.0,1.0,1.0,9,1.0,1.0,1.0,10,1.0,1.0,1.0,13
xbrl-googl-2021-deferred-tax-liabilities-property-plant-and-equipment-usd-0001652044-22-000019,bm25,True,tables,1.0,0.6309,0.5,2,1.0,1.0,1.0,2,1.0,1.0,1.0,4,1.0,1.0,1.0,4,1.0,1.0,1.0,5,1.0,1.0,1.0,5,1.0,1.0,1.0,7,1.0,1.0,1.0,13
xbrl-googl-2021-deferred-tax-liabilities-property-plant-and-equipment-usd-0001652044-22-000019,hybrid,True,tables,1.0,1.0,1.0,5,1.0,1.0,1.0,7,1.0,1.0,1.0,9,1.0,1.0,1.0,9,1.0,1.0,1.0,11,1.0,1.0,1.0,12,1.0,1.0,1.0,13,1.0,1.0,1.0,16
xbrl-googl-2021-cash-and-cash-equivalents-at-carrying-value-usd-0001652044-22-000019,bm25,True,tables,0.5,0.2044,0.1429,2,1.0,0.4174,0.25,3,1.0,0.4723,0.3333,5,1.0,0.7788,1.0,6,1.0,0.7904,1.0,6,1.0,0.7904,1.0,6,1.0,0.9197,1.0,7,1.0,0.9197,1.0,10
xbrl-googl-2021-cash-and-cash-equivalents-at-carrying-value-usd-0001652044-22-000019,hybrid,True,tables,1.0,0.4825,0.25,7,1.0,0.6509,0.5,8,1.0,0.6509,0.5,10,1.0,0.8772,1.0,10,1.0,0.6509,0.5,10,1.0,0.6509,0.5,10,1.0,0.6509,0.5,15,1.0,0.6509,0.5,16
xbrl-googl-2021-long-term-debt-maturity-year-five-usd-0001652044-22-000019,bm25,True,tables,0.0,0.0,0.0,3,0.0,0.0,0.0,3,0.0,0.0,0.0,3,0.0,0.0,0.0,3,0.0,0.0,0.0,3,0.0,0.0,0.0,3,0.0,0.0,0.0,3,0.0,0.0,0.0,4
xbrl-googl-2021-long-term-debt-maturity-year-five-usd-0001652044-22-000019,hybrid,True,tables,0.0,0.0,0.0,6,0.0,0.0,0.0,8,0.0,0.0,0.0,9,0.0,0.0,0.0,9,0.0,0.0,0.0,9,0.0,0.0,0.0,10,0.0,0.0,0.0,11,0.0,0.0,0.0,13
xbrl-googl-2022-goodwill-usd-0001652044-23-000016,bm25,True,tables,0.0,0.0,0.0,1,0.0,0.0,0.0,1,0.0,0.0,0.0,1,0.0,0.0,0.0,1,0.0,0.0,0.0,1,0.0,0.0,0.0,1,0.5,0.171,0.0909,2,0.5,0.2372,0.2,6
xbrl-googl-2022-goodwill-usd-0001652044-23-000016,hybrid,True,tables,0.5,0.2372,0.2,5,0.5,0.3066,0.3333,7,0.5,0.3066,0.3333,8,0.5,0.3066,0.3333,8,0.5,0.3869,0.5,9,0.5,0.3869,0.5,9,0.5,0.3869,0.5,9,0.5,0.3869,0.5,12
xbrl-googl-2022-derivative-asset-fair-value-gross-asset-usd-0001652044-23-000016,bm25,True,tables,0.0,0.0,0.0,6,0.0,0.0,0.0,6,0.0,0.0,0.0,7,0.0,0.0,0.0,8,0.0,0.0,0.0,9,0.0,0.0,0.0,10,0.0,0.0,0.0,15,0.0,0.0,0.0,16
xbrl-googl-2022-derivative-asset-fair-value-gross-asset-usd-0001652044-23-000016,hybrid,True,tables,0.0,0.0,0.0,14,0.0,0.0,0.0,16,0.0,0.0,0.0,16,0.0,0.0,0.0,16,0.0,0.0,0.0,16,0.0,0.0,0.0,16,0.0,0.0,0.0,16,0.0,0.0,0.0,16
xbrl-googl-2022-deferred-tax-liabilities-investments-usd-0001652044-23-000016,bm25,True,tables,1.0,0.3155,0.125,3,1.0,0.3333,0.1429,4,1.0,0.3869,0.2,5,1.0,0.4307,0.25,5,1.0,0.4307,0.25,5,1.0,0.5,0.3333,6,1.0,0.5,0.3333,9,1.0,0.6309,0.5,13
xbrl-googl-2022-deferred-tax-liabilities-investments-usd-0001652044-23-000016,hybrid,True,tables,1.0,0.4307,0.25,7,1.0,1.0,1.0,11,1.0,1.0,1.0,12,1.0,1.0,1.0,12,1.0,1.0,1.0,12,1.0,1.0,1.0,12,1.0,1.0,1.0,15,1.0,1.0,1.0,16
xbrl-googl-2022-cash-usd-0001652044-23-000016,bm25,True,tables,0.0,0.0,0.0,2,0.0,0.0,0.0,2,0.0,0.0,0.0,2,0.0,0.0,0.0,3,0.0,0.0,0.0,4,0.0,0.0,0.0,4,0.0,0.0,0.0,7,0.0,0.0,0.0,9
xbrl-googl-2022-cash-usd-0001652044-23-000016,hybrid,True,tables,0.0,0.0,0.0,5,0.0,0.0,0.0,8,0.0,0.0,0.0,9,0.0,0.0,0.0,10,0.0,0.0,0.0,10,0.0,0.0,0.0,10,0.0,0.0,0.0,11,1.0,0.3155,0.125,15
xbrl-googl-2022-stockholders-equity-attributable-to-parent-usd-0001652044-23-000016,bm25,True,both,0.0,0.0,0.0,0,0.0,0.0,0.0,3,0.0,0.0,0.0,3,0.0,0.0,0.0,3,0.0,0.0,0.0,5,0.0,0.0,0.0,5,0.0,0.0,0.0,11,0.0,0.0,0.0,16
xbrl-googl-2022-stockholders-equity-attributable-to-parent-usd-0001652044-23-000016,hybrid,True,both,0.6666666666666666,0.2789,0.125,6,0.3333333333333333,0.1233,0.0769,12,0.3333333333333333,0.1173,0.0667,14,0.0,0.0,0.0,16,0.0,0.0,0.0,16,0.3333333333333333,0.2021,0.25,16,0.3333333333333333,0.1815,0.2,16,0.3333333333333333,0.1672,0.1667,16
xbrl-googl-2022-foreign-currency-transaction-gain-loss-before-tax-usd-0001652044-23-000016,bm25,True,tables,1.0,0.4307,0.25,6,1.0,0.4307,0.25,6,1.0,0.4307,0.25,7,1.0,0.5,0.3333,8,1.0,0.5,0.3333,8,1.0,0.5,0.3333,8,1.0,1.0,1.0,10,1.0,1.0,1.0,11
xbrl-googl-2022-foreign-currency-transaction-gain-loss-before-tax-usd-0001652044-23-000016,hybrid,True,tables,1.0,0.2789,0.0909,6,1.0,0.3333,0.1429,10,1.0,0.3869,0.2,12,1.0,0.3869,0.2,13,1.0,0.3869,0.2,14,1.0,0.3562,0.1667,14,1.0,0.3562,0.1667,14,1.0,0.3562,0.1667,15
xbrl-googl-2022-unrecognized-tax-benefits-decrease-resulting-from-prior-period-tax-positions-usd-0001652044-23-000016,bm25,True,tables,0.5,0.6131,1.0,1,0.5,0.6131,1.0,1,0.5,0.6131,1.0,1,0.5,0.6131,1.0,1,0.5,0.6131,1.0,1,0.5,0.6131,1.0,2,0.5,0.6131,1.0,4,0.5,0.6131,1.0,8
xbrl-googl-2022-unrecognized-tax-benefits-decrease-resulting-from-prior-period-tax-positions-usd-0001652044-23-000016,hybrid,True,tables,0.5,0.6131,1.0,4,0.5,0.6131,1.0,8,0.5,0.6131,1.0,10,0.5,0.6131,1.0,10,0.5,0.6131,1.0,10,0.5,0.6131,1.0,10,0.5,0.6131,1.0,11,0.5,0.6131,1.0,11
xbrl-googl-2022-retained-earnings-accumulated-deficit-usd-0001652044-23-000016,bm25,True,both,0.0,0.0,0.0,16,0.0,0.0,0.0,16,0.0,0.0,0.0,16,0.0,0.0,0.0,16,0.0,0.0,0.0,16,0.0,0.0,0.0,16,0.0,0.0,0.0,16,0.0,0.0,0.0,16
xbrl-googl-2022-retained-earnings-accumulated-deficit-usd-0001652044-23-000016,hybrid,True,both,0.6666666666666666,0.6714,1.0,16,0.6666666666666666,0.6714,1.0,16,0.6666666666666666,0.6714,1.0,16,0.6666666666666666,0.6714,1.0,16,0.6666666666666666,0.6714,1.0,16,0.6666666666666666,0.6714,1.0,16,0.6666666666666666,0.6364,1.0,16,0.6666666666666666,0.6173,1.0,16
xbrl-googl-2022-unrecognized-tax-benefits-income-tax-penalties-and-interest-accrued-usd-0001652044-23-000016,bm25,True,prose,0.6666666666666666,0.7039,1.0,2,0.6666666666666666,0.7039,1.0,2,0.6666666666666666,0.7039,1.0,2,0.6666666666666666,0.7039,1.0,3,0.6666666666666666,0.7039,1.0,3,0.6666666666666666,0.6714,1.0,3,0.6666666666666666,0.6714,1.0,6,0.6666666666666666,0.4441,0.5,10
xbrl-googl-2022-unrecognized-tax-benefits-income-tax-penalties-and-interest-accrued-usd-0001652044-23-000016,hybrid,True,prose,0.6666666666666666,0.7039,1.0,4,0.6666666666666666,0.6364,1.0,10,0.6666666666666666,0.3289,0.25,11,0.6666666666666666,0.2625,0.1,11,0.6666666666666666,0.2625,0.1,11,0.6666666666666666,0.2589,0.1,11,0.6666666666666666,0.2589,0.1,11,0.6666666666666666,0.2457,0.0909,13
xbrl-googl-2022-other-comprehensive-income-loss-cash-flow-hedge-gain-loss-after-reclassification-tax-usd-0001652044-23-000016,bm25,True,both,0.0,0.0,0.0,8,0.0,0.0,0.0,8,0.0,0.0,0.0,8,0.0,0.0,0.0,8,0.0,0.0,0.0,8,0.0,0.0,0.0,9,0.0,0.0,0.0,13,0.0,0.0,0.0,16
xbrl-googl-2022-other-comprehensive-income-loss-cash-flow-hedge-gain-loss-after-reclassification-tax-usd-0001652044-23-000016,hybrid,True,both,0.0,0.0,0.0,12,0.0,0.0,0.0,13,0.0,0.0,0.0,13,0.0,0.0,0.0,13,0.0,0.0,0.0,14,0.0,0.0,0.0,14,0.0,0.0,0.0,16,0.0,0.0,0.0,16
xbrl-googl-2022-lessee-operating-lease-liability-to-be-paid-year-three-usd-0001652044-23-000016,bm25,True,tables,0.0,0.0,0.0,1,0.0,0.0,0.0,1,0.0,0.0,0.0,1,0.0,0.0,0.0,1,0.0,0.0,0.0,2,0.0,0.0,0.0,2,1.0,0.3869,0.2,3,1.0,0.5,0.3333,9
xbrl-googl-2022-lessee-operating-lease-liability-to-be-paid-year-three-usd-0001652044-23-000016,hybrid,True,tables,1.0,0.3333,0.1429,4,1.0,0.3869,0.2,6,1.0,0.4307,0.25,8,1.0,0.5,0.3333,8,1.0,0.5,0.3333,8,1.0,0.5,0.3333,9,1.0,0.5,0.3333,9,1.0,0.5,0.3333,13
xbrl-googl-2022-deferred-tax-liabilities-other-usd-0001652044-23-000016,bm25,True,tables,1.0,0.5,0.3333,3,1.0,0.5,0.3333,3,1.0,0.5,0.3333,3,1.0,0.6309,0.5,4,1.0,0.6309,0.5,4,1.0,0.6309,0.5,6,1.0,1.0,1.0,8,1.0,1.0,1.0,11
xbrl-googl-2022-deferred-tax-liabilities-other-usd-0001652044-23-000016,hybrid,True,tables,1.0,0.5,0.3333,7,1.0,0.6309,0.5,10,1.0,0.6309,0.5,11,1.0,0.6309,0.5,11,1.0,0.6309,0.5,11,1.0,0.6309,0.5,11,1.0,1.0,1.0,12,1.0,0.6309,0.5,14
xbrl-googl-2022-operating-lease-liability-noncurrent-usd-0001652044-23-000016,bm25,True,tables,0.0,0.0,0.0,3,0.0,0.0,0.0,3,0.0,0.0,0.0,3,0.0,0.0,0.0,3,0.0,0.0,0.0,4,0.0,0.0,0.0,4,1.0,0.2626,0.0769,6,1.0,0.3562,0.1667,7
xbrl-googl-2022-operating-lease-liability-noncurrent-usd-0001652044-23-000016,hybrid,True,tables,1.0,0.2626,0.0769,5,1.0,0.301,0.1111,9,1.0,0.3562,0.1667,9,1.0,0.3869,0.2,10,1.0,0.3869,0.2,10,1.0,0.3869,0.2,10,1.0,0.3869,0.2,10,1.0,0.3869,0.2,12
xbrl-googl-2022-derivative-asset-usd-0001652044-23-000016,bm25,True,tables,0.0,0.0,0.0,0,0.0,0.0,0.0,0,0.0,0.0,0.0,0,0.0,0.0,0.0,0,0.0,0.0,0.0,0,0.0,0.0,0.0,0,0.0,0.0,0.0,0,0.0,0.0,0.0,7
xbrl-googl-2022-derivative-asset-usd-0001652044-23-000016,hybrid,True,tables,0.0,0.0,0.0,3,0.5,0.1934,0.125,8,0.5,0.1934,0.125,8,0.5,0.1934,0.125,8,0.5,0.1934,0.125,8,0.5,0.1846,0.1111,8,0.5,0.1657,0.0833,10,0.5,0.161,0.0769,11
xbrl-googl-2022-deferred-income-tax-expense-benefit-usd-0001652044-23-000016,bm25,True,tables,0.0,0.0,0.0,5,0.0,0.0,0.0,5,0.0,0.0,0.0,5,0.0,0.0,0.0,5,0.0,0.0,0.0,5,0.0,0.0,0.0,7,0.0,0.0,0.0,9,1.0,0.256,0.0714,12
xbrl-googl-2022-deferred-income-tax-expense-benefit-usd-0001652044-23-000016,hybrid,True,tables,1.0,0.2626,0.0769,8,1.0,0.301,0.1111,11,1.0,0.3155,0.125,13,1.0,0.3333,0.1429,13,1.0,0.3333,0.1429,14,1.0,0.3333,0.1429,14,1.0,0.3562,0.1667,16,1.0,0.3333,0.1429,16
xbrl-googl-2022-inventory-net-usd-0001652044-23-000016,bm25,True,tables,1.0,0.25,0.0667,1,1.0,0.2626,0.0769,1,1.0,0.3155,0.125,2,1.0,0.3869,0.2,2,1.0,0.3869,0.2,3,1.0,0.4307,0.25,4,1.0,1.0,1.0,8,1.0,1.0,1.0,11
xbrl-googl-2022-inventory-net-usd-0001652044-23-000016,hybrid,True,tables,1.0,0.6309,0.5,4,1.0,1.0,1.0,10,1.0,1.0,1.0,10,1.0,1.0,1.0,11,1.0,1.0,1.0,11,1.0,1.0,1.0,12,1.0,1.0,1.0,14,1.0,1.0,1.0,16
xbrl-googl-2022-lessee-operating-lease-liability-to-be-paid-year-one-usd-0001652044-23-000016,bm25,True,tables,0.0,0.0,0.0,1,0.0,0.0,0.0,1,0.0,0.0,0.0,1,0.0,0.0,0.0,1,0.0,0.0,0.0,2,0.0,0.0,0.0,2,1.0,0.3869,0.2,3,1.0,0.5,0.3333,8
xbrl-googl-2022-lessee-operating-lease-liability-to-be-paid-year-one-usd-0001652044-23-000016,hybrid,True,tables,1.0,0.2626,0.0769,5,1.0,0.4307,0.25,7,1.0,0.5,0.3333,8,1.0,0.5,0.3333,8,1.0,0.5,0.3333,8,1.0,0.5,0.3333,8,1.0,0.5,0.3333,9,1.0,0.5,0.3333,12
xbrl-googl-2022-long-term-debt-maturity-year-four-usd-0001652044-23-000016,bm25,True,tables,0.0,0.0,0.0,1,0.0,0.0,0.0,2,0.0,0.0,0.0,2,0.0,0.0,0.0,3,0.0,0.0,0.0,3,0.0,0.0,0.0,3,0.0,0.0,0.0,4,0.0,0.0,0.0,7
xbrl-googl-2022-long-term-debt-maturity-year-four-usd-0001652044-23-000016,hybrid,True,tables,0.0,0.0,0.0,7,0.0,0.0,0.0,10,0.0,0.0,0.0,11,0.0,0.0,0.0,11,0.0,0.0,0.0,11,0.0,0.0,0.0,11,0.0,0.0,0.0,14,0.0,0.0,0.0,15
xbrl-googl-2022-common-stock-shares-issued-shares-0001652044-23-000016,bm25,True,both,0.3333333333333333,0.1201,0.0714,6,0.3333333333333333,0.1201,0.0714,6,0.3333333333333333,0.1268,0.0833,7,0.3333333333333333,0.1268,0.0833,7,0.3333333333333333,0.1309,0.0909,8,0.3333333333333333,0.1357,0.1,9,0.3333333333333333,0.1564,0.1429,12,0.3333333333333333,0.1672,0.1667,16
xbrl-googl-2022-common-stock-shares-issued-shares-0001652044-23-000016,hybrid,True,both,0.6666666666666666,0.3585,0.25,12,0.6666666666666666,0.4982,0.5,15,0.6666666666666666,0.4982,0.5,15,0.6666666666666666,0.6714,1.0,15,0.6666666666666666,0.7039,1.0,16,0.6666666666666666,0.7039,1.0,16,0.6666666666666666,0.7039,1.0,16,0.6666666666666666,0.7039,1.0,16
xbrl-googl-2022-finite-lived-intangible-asset-expected-amortization-year-five-usd-0001652044-23-000016,bm25,True,both,0.0,0.0,0.0,4,0.0,0.0,0.0,5,0.0,0.0,0.0,5,0.0,0.0,0.0,6,0.0,0.0,0.0,6,0.0,0.0,0.0,6,0.0,0.0,0.0,6,0.0,0.0,0.0,8
xbrl-googl-2022-finite-lived-intangible-asset-expected-amortization-year-five-usd-0001652044-23-000016,hybrid,True,both,0.0,0.0,0.0,7,0.0,0.0,0.0,8,0.0,0.0,0.0,9,0.0,0.0,0.0,9,0.0,0.0,0.0,9,0.0,0.0,0.0,10,0.0,0.0,0.0,12,0.0,0.0,0.0,13
xbrl-googl-2023-interest-expense-usd-0001652044-24-000022,bm25,True,both,1.0,0.8855,1.0,2,1.0,0.8307,1.0,3,1.0,0.8452,1.0,3,1.0,0.852,1.0,4,1.0,0.906,1.0,4,1.0,0.906,1.0,4,1.0,0.7123,0.5,6,1.0,0.6133,0.5,9
xbrl-googl-2023-interest-expense-usd-0001652044-24-000022,hybrid,True,both,0.6666666666666666,0.2893,0.125,6,0.6666666666666666,0.3501,0.25,9,0.6666666666666666,0.3911,0.3333,10,0.6666666666666666,0.3911,0.3333,10,1.0,0.5323,0.3333,11,1.0,0.5323,0.3333,11,1.0,0.4286,0.1429,13,0.6666666666666666,0.251,0.0909,15
xbrl-googl-2023-lease-cost-usd-0001652044-24-000022,bm25,True,tables,1.0,1.0,1.0,2,1.0,1.0,1.0,2,1.0,1.0,1.0,2,1.0,1.0,1.0,2,1.0,1.0,1.0,2,1.0,1.0,1.0,2,1.0,1.0,1.0,3,1.0,1.0,1.0,6
xbrl-googl-2023-lease-cost-usd-0001652044-24-000022,hybrid,True,tables,1.0,1.0,1.0,4,1.0,1.0,1.0,8,1.0,1.0,1.0,8,1.0,1.0,1.0,9,1.0,1.0,1.0,9,1.0,1.0,1.0,10,1.0,1.0,1.0,11,1.0,1.0,1.0,13
xbrl-googl-2023-common-stocks-including-additional-paid-in-capital-usd-0001652044-24-000022,bm25,True,tables,0.0,0.0,0.0,16,0.0,0.0,0.0,16,0.0,0.0,0.0,16,0.0,0.0,0.0,16,0.0,0.0,0.0,16,0.0,0.0,0.0,16,0.0,0.0,0.0,16,0.0,0.0,0.0,16
xbrl-googl-2023-common-stocks-including-additional-paid-in-capital-usd-0001652044-24-000022,hybrid,True,tables,0.5,0.2641,0.25,10,0.5,0.3066,0.3333,15,1.0,0.4776,0.3333,15,1.0,0.5803,0.5,16,1.0,0.5803,0.5,16,1.0,0.6053,0.5,16,1.0,0.6934,0.5,16,1.0,0.5706,0.3333,16
xbrl-googl-2023-deferred-tax-assets-operating-loss-carryforwards-usd-0001652044-24-000022,bm25,True,tables,1.0,0.4825,0.25,3,1.0,0.4825,0.25,4,1.0,0.5013,0.25,4,1.0,0.5438,0.3333,4,1.0,0.5438,0.3333,5,1.0,0.5706,0.3333,6,1.0,0.6509,0.5,8,1.0,0.6934,0.5,12
xbrl-googl-2023-deferred-tax-assets-operating-loss-carryforwards-usd-0001652044-24-000022,hybrid,True,tables,1.0,0.5438,0.3333,6,1.0,0.5706,0.3333,11,1.0,0.6934,0.5,13,1.0,0.6934,0.5,13,1.0,1.0,1.0,13,1.0,1.0,1.0,14,1.0,1.0,1.0,15,1.0,1.0,1.0,16
xbrl-googl-2023-accounts-payable-current-usd-0001652044-24-000022,bm25,True,tables,1.0,1.0,1.0,5,1.0,1.0,1.0,5,1.0,1.0,1.0,5,1.0,1.0,1.0,5,1.0,1.0,1.0,5,1.0,1.0,1.0,5,1.0,1.0,1.0,7,1.0,1.0,1.0,8
xbrl-googl-2023-accounts-payable-current-usd-0001652044-24-000022,hybrid,True,tables,1.0,0.6309,0.5,9,1.0,1.0,1.0,12,1.0,1.0,1.0,12,1.0,1.0,1.0,12,1.0,1.0,1.0,12,1.0,0.6309,0.5,12,1.0,0.6309,0.5,13,1.0,0.5,0.3333,13
xbrl-googl-2023-accumulated-other-comprehensive-income-loss-net-of-tax-usd-0001652044-24-000022,bm25,True,both,0.3333333333333333,0.1268,0.0833,12,0.3333333333333333,0.1173,0.0667,13,0.0,0.0,0.0,16,0.0,0.0,0.0,16,0.0,0.0,0.0,16,0.0,0.0,0.0,16,0.0,0.0,0.0,16,0.0,0.0,0.0,16
xbrl-googl-2023-accumulated-other-comprehensive-income-loss-net-of-tax-usd-0001652044-24-000022,hybrid,True,both,0.6666666666666666,0.3585,0.25,12,0.6666666666666666,0.2713,0.125,15,0.6666666666666666,0.2713,0.125,16,0.6666666666666666,0.2614,0.1111,16,0.6666666666666666,0.2457,0.0909,16,0.6666666666666666,0.2457,0.0909,16,0.3333333333333333,0.1268,0.0833,16,0.3333333333333333,0.1201,0.0714,16
xbrl-googl-2023-marketable-securities-current-usd-0001652044-24-000022,bm25,True,tables,0.5,0.2044,0.1429,2,0.5,0.2184,0.1667,2,0.5,0.2641,0.25,3,0.5,0.3066,0.3333,4,0.5,0.3066,0.3333,4,0.5,0.6131,1.0,5,0.5,0.6131,1.0,6,0.5,0.6131,1.0,11
xbrl-googl-2023-marketable-securities-current-usd-0001652044-24-000022,hybrid,True,tables,0.0,0.0,0.0,9,0.0,0.0,0.0,13,0.0,0.0,0.0,15,0.0,0.0,0.0,16,0.0,0.0,0.0,16,0.0,0.0,0.0,16,0.0,0.0,0.0,16,0.0,0.0,0.0,16
xbrl-googl-2023-deferred-tax-assets-tax-deferred-expense-compensation-and-benefits-employee-benefits-usd-0001652044-24-000022,bm25,True,tables,1.0,1.0,1.0,4,1.0,1.0,1.0,4,1.0,1.0,1.0,5,1.0,1.0,1.0,6,1.0,1.0,1.0,6,1.0,1.0,1.0,6,1.0,1.0,1.0,6,1.0,1.0,1.0,12
xbrl-googl-2023-deferred-tax-assets-tax-deferred-expense-compensation-and-benefits-employee-benefits-usd-0001652044-24-000022,hybrid,True,tables,1.0,1.0,1.0,7,1.0,1.0,1.0,12,1.0,1.0,1.0,12,1.0,1.0,1.0,12,1.0,1.0,1.0,13,1.0,1.0,1.0,13,1.0,1.0,1.0,13,1.0,1.0,1.0,13
xbrl-googl-2023-net-cash-provided-by-used-in-operating-activities-usd-0001652044-24-000022,bm25,True,tables,1.0,0.5803,0.5,4,1.0,0.6053,0.5,4,1.0,0.6053,0.5,4,1.0,0.6053,0.5,5,1.0,0.8316,1.0,6,1.0,0.8316,1.0,6,1.0,0.8503,1.0,10,1.0,0.8772,1.0,14
xbrl-googl-2023-net-cash-provided-by-used-in-operating-activities-usd-0001652044-24-000022,hybrid,True,tables,1.0,0.5803,0.5,9,1.0,0.6053,0.5,12,1.0,0.8316,1.0,13,1.0,0.8503,1.0,13,1.0,0.8503,1.0,13,1.0,0.8503,1.0,13,1.0,0.8316,1.0,16,1.0,0.8316,1.0,16
xbrl-googl-2023-other-nonoperating-income-expense-usd-0001652044-24-000022,bm25,True,tables,0.0,0.0,0.0,4,0.0,0.0,0.0,5,0.0,0.0,0.0,6,0.0,0.0,0.0,7,0.0,0.0,0.0,7,0.0,0.0,0.0,7,0.3333333333333333,0.1309,0.0909,10,0.3333333333333333,0.148,0.125,14
xbrl-googl-2023-other-nonoperating-income-expense-usd-0001652044-24-000022,hybrid,True,tables,0.0,0.0,0.0,9,0.0,0.0,0.0,13,0.0,0.0,0.0,13,0.0,0.0,0.0,13,0.0,0.0,0.0,13,0.0,0.0,0.0,14,0.0,0.0,0.0,15,0.0,0.0,0.0,16
xbrl-googl-2023-equity-securities-without-readily-determinable-fair-value-amount-usd-0001652044-24-000022,bm25,True,tables,0.0,0.0,0.0,1,0.0,0.0,0.0,2,0.0,0.0,0.0,2,0.0,0.0,0.0,2,0.0,0.0,0.0,3,0.0,0.0,0.0,3,0.0,0.0,0.0,7,0.0,0.0,0.0,13
xbrl-googl-2023-equity-securities-without-readily-determinable-fair-value-amount-usd-0001652044-24-000022,hybrid,True,tables,0.0,0.0,0.0,7,0.0,0.0,0.0,8,0.0,0.0,0.0,13,0.0,0.0,0.0,16,0.0,0.0,0.0,16,0.0,0.0,0.0,16,0.0,0.0,0.0,16,0.0,0.0,0.0,16
xbrl-googl-2023-payments-for-proceeds-from-other-investing-activities-usd-0001652044-24-000022,bm25,True,tables,1.0,0.6309,0.5,3,1.0,0.6309,0.5,3,1.0,0.6309,0.5,3,1.0,0.6309,0.5,3,1.0,0.6309,0.5,4,1.0,0.6309,0.5,4,1.0,1.0,1.0,5,1.0,1.0,1.0,8
xbrl-googl-2023-payments-for-proceeds-from-other-investing-activities-usd-0001652044-24-000022,hybrid,True,tables,1.0,0.6309,0.5,6,1.0,1.0,1.0,9,1.0,1.0,1.0,9,1.0,1.0,1.0,9,1.0,1.0,1.0,10,1.0,1.0,1.0,10,1.0,1.0,1.0,11,1.0,1.0,1.0,13
xbrl-googl-2023-debt-securities-available-for-sale-continuous-unrealized-loss-position-less-than-12-months-usd-0001652044-24-000022,bm25,True,tables,1.0,0.5,0.3333,8,1.0,0.5,0.3333,9,1.0,0.6309,0.5,9,1.0,0.6309,0.5,9,1.0,0.6309,0.5,9,1.0,0.6309,0.5,10,1.0,1.0,1.0,11,1.0,1.0,1.0,12
xbrl-googl-2023-debt-securities-available-for-sale-continuous-unrealized-loss-position-less-than-12-months-usd-0001652044-24-000022,hybrid,True,tables,1.0,0.5,0.3333,10,1.0,0.6309,0.5,14,1.0,1.0,1.0,15,1.0,0.6309,0.5,16,1.0,0.6309,0.5,16,1.0,0.6309,0.5,16,1.0,1.0,1.0,16,1.0,1.0,1.0,16
xbrl-googl-2023-unrecognized-tax-benefits-decrease-resulting-from-prior-period-tax-positions-usd-0001652044-24-000022,bm25,True,tables,0.3333333333333333,0.4693,1.0,1,0.3333333333333333,0.4693,1.0,1,0.3333333333333333,0.4693,1.0,2,0.3333333333333333,0.4693,1.0,2,0.3333333333333333,0.4693,1.0,2,0.3333333333333333,0.4693,1.0,2,0.3333333333333333,0.4693,1.0,5,0.3333333333333333,0.4693,1.0,7
xbrl-googl-2023-unrecognized-tax-benefits-decrease-resulting-from-prior-period-tax-positions-usd-0001652044-24-000022,hybrid,True,tables,0.3333333333333333,0.4693,1.0,3,0.3333333333333333,0.4693,1.0,9,0.3333333333333333,0.4693,1.0,10,0.3333333333333333,0.4693,1.0,10,0.3333333333333333,0.4693,1.0,10,0.3333333333333333,0.4693,1.0,10,0.3333333333333333,0.4693,1.0,11,0.3333333333333333,0.4693,1.0,11
xbrl-googl-2023-deferred-federal-state-and-local-tax-expense-benefit-usd-0001652044-24-000022,bm25,True,tables,1.0,0.3869,0.2,2,1.0,0.3869,0.2,3,1.0,0.4307,0.25,4,1.0,0.4307,0.25,5,1.0,0.4307,0.25,5,1.0,0.4307,0.25,6,1.0,0.6309,0.5,7,1.0,0.6309,0.5,11
xbrl-googl-2023-deferred-federal-state-and-local-tax-expense-benefit-usd-0001652044-24-000022,hybrid,True,tables,1.0,0.5,0.3333,6,1.0,0.6309,0.5,8,1.0,0.6309,0.5,10,1.0,0.6309,0.5,10,1.0,0.6309,0.5,11,1.0,0.6309,0.5,11,1.0,1.0,1.0,12,1.0,1.0,1.0,13
xbrl-googl-2023-variable-lease-cost-usd-0001652044-24-000022,bm25,True,tables,1.0,1.0,1.0,2,1.0,1.0,1.0,2,1.0,1.0,1.0,2,1.0,1.0,1.0,2,1.0,1.0,1.0,2,1.0,1.0,1.0,2,1.0,1.0,1.0,2,1.0,1.0,1.0,4
xbrl-googl-2023-variable-lease-cost-usd-0001652044-24-000022,hybrid,True,tables,1.0,1.0,1.0,4,1.0,1.0,1.0,6,1.0,1.0,1.0,8,1.0,1.0,1.0,9,1.0,1.0,1.0,9,1.0,1.0,1.0,9,1.0,1.0,1.0,10,1.0,1.0,1.0,10
xbrl-googl-2023-repayments-of-debt-and-lease-obligation-usd-0001652044-24-000022,bm25,True,tables,0.0,0.0,0.0,2,1.0,0.256,0.0714,3,1.0,0.2626,0.0769,3,1.0,0.301,0.1111,3,1.0,0.3155,0.125,4,1.0,0.3869,0.2,4,1.0,0.4307,0.25,7,1.0,0.5,0.3333,14
xbrl-googl-2023-repayments-of-debt-and-lease-obligation-usd-0001652044-24-000022,hybrid,True,tables,1.0,0.3333,0.1429,7,1.0,0.3333,0.1429,9,1.0,0.5,0.3333,9,1.0,0.5,0.3333,10,1.0,0.5,0.3333,10,1.0,0.5,0.3333,10,1.0,0.4307,0.25,11,1.0,0.4307,0.25,15
xbrl-googl-2023-unrecognized-tax-benefits-increase-resulting-from-current-period-tax-positions-usd-0001652044-24-000022,bm25,True,tables,1.0,1.0,1.0,1,1.0,1.0,1.0,1,1.0,1.0,1.0,1,1.0,1.0,1.0,2,1.0,1.0,1.0,2,1.0,1.0,1.0,2,1.0,1.0,1.0,4,1.0,1.0,1.0,6
xbrl-googl-2023-unrecognized-tax-benefits-increase-resulting-from-current-period-tax-positions-usd-0001652044-24-000022,hybrid,True,tables,1.0,1.0,1.0,4,1.0,1.0,1.0,6,1.0,1.0,1.0,9,1.0,1.0,1.0,10,1.0,1.0,1.0,10,1.0,1.0,1.0,10,1.0,1.0,1.0,11,1.0,1.0,1.0,11
xbrl-googl-2023-derivative-liability-usd-0001652044-24-000022,bm25,True,tables,0.0,0.0,0.0,0,0.0,0.0,0.0,0,0.0,0.0,0.0,0,0.0,0.0,0.0,0,0.0,0.0,0.0,0,0.0,0.0,0.0,0,0.0,0.0,0.0,1,0.0,0.0,0.0,4
xbrl-googl-2023-derivative-liability-usd-0001652044-24-000022,hybrid,True,tables,0.0,0.0,0.0,1,0.3333333333333333,0.1233,0.0769,6,0.3333333333333333,0.1357,0.1,7,0.3333333333333333,0.1413,0.1111,8,0.3333333333333333,0.1413,0.1111,8,0.3333333333333333,0.1357,0.1,8,0.3333333333333333,0.1357,0.1,8,0.3333333333333333,0.1357,0.1,9
xbrl-googl-2023-equity-securities-fv-ni-gain-loss-usd-0001652044-24-000022,bm25,True,tables,0.3333333333333333,0.1815,0.2,6,0.3333333333333333,0.2021,0.25,6,0.3333333333333333,0.2021,0.25,6,0.3333333333333333,0.2021,0.25,6,0.3333333333333333,0.2346,0.3333,6,0.3333333333333333,0.2346,0.3333,6,0.3333333333333333,0.2346,0.3333,8,0.3333333333333333,0.2346,0.3333,12
xbrl-googl-2023-equity-securities-fv-ni-gain-loss-usd-0001652044-24-000022,hybrid,True,tables,0.3333333333333333,0.1672,0.1667,9,0.3333333333333333,0.2021,0.25,11,0.3333333333333333,0.2021,0.25,12,0.3333333333333333,0.2021,0.25,12,0.3333333333333333,0.2021,0.25,12,0.3333333333333333,0.2021,0.25,12,0.3333333333333333,0.2021,0.25,12,0.3333333333333333,0.2021,0.25,16
xbrl-googl-2024-goodwill-acquired-during-period-usd-0001652044-25-000014,bm25,True,tables,0.0,0.0,0.0,0,0.0,0.0,0.0,0,0.0,0.0,0.0,0,0.0,0.0,0.0,1,0.0,0.0,0.0,1,0.0,0.0,0.0,1,0.0,0.0,0.0,1,0.0,0.0,0.0,4
xbrl-googl-2024-goodwill-acquired-during-period-usd-0001652044-25-000014,hybrid,True,tables,0.0,0.0,0.0,2,0.0,0.0,0.0,6,0.0,0.0,0.0,7,0.0,0.0,0.0,8,0.0,0.0,0.0,8,0.0,0.0,0.0,8,0.0,0.0,0.0,9,0.0,0.0,0.0,9
xbrl-googl-2024-current-federal-state-and-local-tax-expense-benefit-usd-0001652044-25-000014,bm25,True,tables,1.0,0.3869,0.2,3,1.0,0.4307,0.25,4,1.0,0.4307,0.25,4,1.0,0.6309,0.5,4,1.0,0.6309,0.5,5,1.0,0.6309,0.5,5,1.0,0.6309,0.5,6,1.0,0.6309,0.5,9
xbrl-googl-2024-current-federal-state-and-local-tax-expense-benefit-usd-0001652044-25-000014,hybrid,True,tables,1.0,0.6309,0.5,7,1.0,0.6309,0.5,10,1.0,0.6309,0.5,10,1.0,1.0,1.0,10,1.0,1.0,1.0,11,1.0,1.0,1.0,11,1.0,1.0,1.0,13,1.0,1.0,1.0,14
xbrl-googl-2024-foreign-currency-transaction-gain-loss-before-tax-usd-0001652044-25-000014,bm25,True,tables,1.0,0.4228,0.1667,7,1.0,0.4228,0.1667,7,1.0,0.5013,0.25,7,1.0,0.5706,0.3333,8,1.0,0.5706,0.3333,9,1.0,0.9197,1.0,9,1.0,1.0,1.0,10,1.0,1.0,1.0,11
xbrl-googl-2024-foreign-currency-transaction-gain-loss-before-tax-usd-0001652044-25-000014,hybrid,True,tables,1.0,0.3978,0.1429,7,1.0,0.4228,0.1667,12,1.0,0.6509,0.5,12,1.0,0.9197,1.0,12,1.0,0.6509,0.5,12,1.0,0.6934,0.5,12,1.0,0.6509,0.5,13,1.0,0.6509,0.5,14
xbrl-googl-2024-stock-repurchased-and-retired-during-period-value-usd-0001652044-25-000014,bm25,True,tables,0.0,0.0,0.0,0,0.0,0.0,0.0,0,0.0,0.0,0.0,0,0.0,0.0,0.0,0,0.0,0.0,0.0,0,0.0,0.0,0.0,0,0.0,0.0,0.0,1,0.0,0.0,0.0,9
xbrl-googl-2024-stock-repurchased-and-retired-during-period-value-usd-0001652044-25-000014,hybrid,True,tables,0.6666666666666666,0.3028,0.1667,3,0.6666666666666666,0.3152,0.1667,4,0.6666666666666666,0.338,0.2,6,0.6666666666666666,0.4162,0.3333,8,0.6666666666666666,0.4982,0.5,8,0.6666666666666666,0.4982,0.5,8,1.0,0.8072,1.0,9,1.0,0.7845,1.0,11
xbrl-googl-2024-marketable-securities-noncurrent-usd-0001652044-25-000014,bm25,True,prose,1.0,0.4413,0.25,2,1.0,0.4413,0.25,3,1.0,0.4413,0.25,3,1.0,0.4413,0.25,3,1.0,0.4298,0.25,4,1.0,0.4298,0.25,4,1.0,0.3434,0.125,6,0.5,0.1533,0.0667,12
xbrl-googl-2024-marketable-securities-noncurrent-usd-0001652044-25-000014,hybrid,True,prose,1.0,0.7842,1.0,7,0.5,0.6131,1.0,12,0.5,0.6131,1.0,14,0.0,0.0,0.0,16,0.0,0.0,0.0,16,0.0,0.0,0.0,16,0.0,0.0,0.0,16,0.0,0.0,0.0,16
xbrl-googl-2024-noncontrolling-interest-increase-from-sale-of-parent-equity-interest-usd-0001652044-25-000014,bm25,True,tables,1.0,0.4416,0.2,3,1.0,0.4685,0.25,4,1.0,0.4825,0.25,4,1.0,0.6241,0.5,4,1.0,0.6509,0.5,5,1.0,0.6509,0.5,5,1.0,0.8772,1.0,12,1.0,0.9197,1.0,14
xbrl-googl-2024-noncontrolling-interest-increase-from-sale-of-parent-equity-interest-usd-0001652044-25-000014,hybrid,True,tables,1.0,0.3157,0.0833,5,1.0,0.3305,0.1,9,1.0,0.3754,0.1429,11,1.0,0.4486,0.25,11,1.0,0.4685,0.25,12,1.0,0.4685,0.25,12,1.0,0.8175,1.0,13,1.0,0.8316,1.0,15
xbrl-googl-2024-goodwill-usd-0001652044-25-000014,bm25,True,tables,0.0,0.0,0.0,0,0.0,0.0,0.0,0,0.0,0.0,0.0,0,0.0,0.0,0.0,0,0.0,0.0,0.0,0,0.0,0.0,0.0,0,0.5,0.161,0.0769,2,0.5,0.2372,0.2,5
xbrl-googl-2024-goodwill-usd-0001652044-25-000014,hybrid,True,tables,0.0,0.0,0.0,3,0.0,0.0,0.0,5,0.0,0.0,0.0,6,0.0,0.0,0.0,7,0.0,0.0,0.0,8,0.0,0.0,0.0,8,0.0,0.0,0.0,8,0.5,0.1846,0.1111,11
xbrl-googl-2024-unrecognized-tax-benefits-usd-0001652044-25-000014,bm25,True,tables,1.0,0.6309,0.5,2,1.0,0.6309,0.5,3,1.0,0.6309,0.5,3,1.0,1.0,1.0,3,1.0,1.0,1.0,4,1.0,1.0,1.0,4,1.0,1.0,1.0,7,1.0,1.0,1.0,8
xbrl-googl-2024-unrecognized-tax-benefits-usd-0001652044-25-000014,hybrid,True,tables,1.0,1.0,1.0,6,1.0,1.0,1.0,10,1.0,1.0,1.0,10,1.0,1.0,1.0,10,1.0,1.0,1.0,10,1.0,1.0,1.0,10,1.0,1.0,1.0,12,1.0,1.0,1.0,13
xbrl-googl-2024-debt-securities-available-for-sale-continuous-unrealized-loss-position-12-months-or-longer-accumulated-loss-usd-0001652044-25-000014,bm25,True,tables,0.3333333333333333,0.2021,0.25,8,0.3333333333333333,0.2021,0.25,8,0.3333333333333333,0.2961,0.5,9,0.3333333333333333,0.2961,0.5,9,0.3333333333333333,0.2961,0.5,10,0.3333333333333333,0.2961,0.5,10,0.3333333333333333,0.2961,0.5,10,0.3333333333333333,0.4693,1.0,13
xbrl-googl-2024-debt-securities-available-for-sale-continuous-unrealized-loss-position-12-months-or-longer-accumulated-loss-usd-0001652044-25-000014,hybrid,True,tables,0.3333333333333333,0.2346,0.3333,10,0.3333333333333333,0.2961,0.5,12,0.3333333333333333,0.4693,1.0,13,0.3333333333333333,0.4693,1.0,13,0.3333333333333333,0.4693,1.0,13,0.3333333333333333,0.4693,1.0,13,0.3333333333333333,0.4693,1.0,16,0.3333333333333333,0.4693,1.0,16
xbrl-googl-2024-assets-current-usd-0001652044-25-000014,bm25,True,tables,0.0,0.0,0.0,0,1.0,0.25,0.0667,1,1.0,0.2891,0.1,1,1.0,0.3869,0.2,1,1.0,0.5,0.3333,1,1.0,0.6309,0.5,2,1.0,1.0,1.0,5,1.0,1.0,1.0,5
xbrl-googl-2024-assets-current-usd-0001652044-25-000014,hybrid,True,tables,1.0,1.0,1.0,7,1.0,1.0,1.0,10,1.0,1.0,1.0,10,1.0,1.0,1.0,10,1.0,1.0,1.0,10,1.0,1.0,1.0,10,1.0,1.0,1.0,13,1.0,1.0,1.0,16
xbrl-googl-2024-repayments-of-debt-and-lease-obligation-usd-0001652044-25-000014,bm25,True,tables,0.0,0.0,0.0,0,1.0,0.2626,0.0769,1,1.0,0.2891,0.1,1,1.0,0.3333,0.1429,2,1.0,0.3333,0.1429,2,1.0,0.3869,0.2,2,1.0,0.5,0.3333,5,1.0,1.0,1.0,12
xbrl-googl-2024-repayments-of-debt-and-lease-obligation-usd-0001652044-25-000014,hybrid,True,tables,1.0,0.4307,0.25,6,1.0,0.5,0.3333,8,1.0,1.0,1.0,8,1.0,0.6309,0.5,9,1.0,0.6309,0.5,10,1.0,0.6309,0.5,11,1.0,0.6309,0.5,12,1.0,0.5,0.3333,16
xbrl-googl-2024-accounts-payable-current-usd-0001652044-25-000014,bm25,True,tables,1.0,0.6309,0.5,4,1.0,0.6309,0.5,4,1.0,0.6309,0.5,4,1.0,1.0,1.0,4,1.0,1.0,1.0,4,1.0,1.0,1.0,5,1.0,1.0,1.0,6,1.0,1.0,1.0,8
xbrl-googl-2024-accounts-payable-current-usd-0001652044-25-000014,hybrid,True,tables,1.0,1.0,1.0,10,1.0,1.0,1.0,10,1.0,1.0,1.0,10,1.0,1.0,1.0,10,1.0,1.0,1.0,11,1.0,1.0,1.0,11,1.0,1.0,1.0,12,1.0,1.0,1.0,13
xbrl-googl-2024-debt-securities-available-for-sale-continuous-unrealized-loss-position-12-months-or-longer-usd-0001652044-25-000014,bm25,True,tables,1.0,0.4307,0.25,8,1.0,0.4307,0.25,9,1.0,0.5,0.3333,9,1.0,0.5,0.3333,9,1.0,0.5,0.3333,9,1.0,0.6309,0.5,9,1.0,0.6309,0.5,10,1.0,1.0,1.0,12
xbrl-googl-2024-debt-securities-available-for-sale-continuous-unrealized-loss-position-12-months-or-longer-usd-0001652044-25-000014,hybrid,True,tables,1.0,0.6309,0.5,9,1.0,0.6309,0.5,14,1.0,1.0,1.0,15,1.0,1.0,1.0,16,1.0,1.0,1.0,16,1.0,1.0,1.0,16,1.0,1.0,1.0,16,1.0,1.0,1.0,16
xbrl-googl-2024-operating-income-loss-usd-0001652044-25-000014,bm25,True,tables,0.0,0.0,0.0,3,0.0,0.0,0.0,5,0.0,0.0,0.0,5,0.0,0.0,0.0,6,0.3333333333333333,0.1148,0.0625,7,0.3333333333333333,0.1309,0.0909,8,0.3333333333333333,0.1413,0.1111,12,0.3333333333333333,0.1564,0.1429,15
xbrl-googl-2024-operating-income-loss-usd-0001652044-25-000014,hybrid,True,tables,0.3333333333333333,0.2346,0.3333,10,0.3333333333333333,0.2961,0.5,12,0.3333333333333333,0.4693,1.0,12,0.3333333333333333,0.4693,1.0,13,0.3333333333333333,0.4693,1.0,13,0.3333333333333333,0.4693,1.0,13,0.3333333333333333,0.4693,1.0,15,0.3333333333333333,0.4693,1.0,16
xbrl-googl-2024-lessee-operating-lease-liability-to-be-paid-year-three-usd-0001652044-25-000014,bm25,True,tables,0.0,0.0,0.0,1,0.0,0.0,0.0,1,1.0,0.2626,0.0769,2,1.0,0.2891,0.1,2,1.0,0.301,0.1111,3,1.0,0.3155,0.125,3,1.0,0.5,0.3333,4,1.0,0.6309,0.5,9
xbrl-googl-2024-lessee-operating-lease-liability-to-be-paid-year-three-usd-0001652044-25-000014,hybrid,True,tables,1.0,0.4307,0.25,5,1.0,0.6309,0.5,8,1.0,0.6309,0.5,8,1.0,0.6309,0.5,8,1.0,0.6309,0.5,9,1.0,0.6309,0.5,9,1.0,0.6309,0.5,9,1.0,0.6309,0.5,10
xbrl-googl-2024-debt-securities-available-for-sale-fair-value-maturity-allocated-and-single-maturity-date-after-year-one-through-five-usd-0001652044-25-000014,bm25,True,tables,0.0,0.0,0.0,1,0.0,0.0,0.0,1,0.0,0.0,0.0,2,0.0,0.0,0.0,2,0.0,0.0,0.0,3,0.0,0.0,0.0,4,0.0,0.0,0.0,7,0.0,0.0,0.0,11
xbrl-googl-2024-debt-securities-available-for-sale-fair-value-maturity-allocated-and-single-maturity-date-after-year-one-through-five-usd-0001652044-25-000014,hybrid,True,tables,0.0,0.0,0.0,7,0.0,0.0,0.0,10,0.0,0.0,0.0,11,0.0,0.0,0.0,11,0.0,0.0,0.0,11,0.0,0.0,0.0,11,0.0,0.0,0.0,16,0.0,0.0,0.0,16
xbrl-googl-2024-unrecognized-tax-benefits-increase-resulting-from-current-period-tax-positions-usd-0001652044-25-000014,bm25,True,tables,1.0,1.0,1.0,1,1.0,1.0,1.0,1,1.0,1.0,1.0,2,1.0,1.0,1.0,2,1.0,1.0,1.0,2,1.0,1.0,1.0,2,1.0,1.0,1.0,4,1.0,1.0,1.0,8
xbrl-googl-2024-unrecognized-tax-benefits-increase-resulting-from-current-period-tax-positions-usd-0001652044-25-000014,hybrid,True,tables,1.0,1.0,1.0,4,1.0,1.0,1.0,9,1.0,1.0,1.0,11,1.0,1.0,1.0,12,1.0,1.0,1.0,12,1.0,1.0,1.0,12,1.0,1.0,1.0,13,1.0,1.0,1.0,14
xbrl-googl-2024-lessee-operating-lease-liability-to-be-paid-year-five-usd-0001652044-25-000014,bm25,True,tables,0.0,0.0,0.0,1,0.0,0.0,0.0,1,1.0,0.2626,0.0769,2,1.0,0.2891,0.1,2,1.0,0.3155,0.125,3,1.0,0.3333,0.1429,3,1.0,0.5,0.3333,4,1.0,0.6309,0.5,9
xbrl-googl-2024-lessee-operating-lease-liability-to-be-paid-year-five-usd-0001652044-25-000014,hybrid,True,tables,1.0,0.4307,0.25,5,1.0,0.6309,0.5,7,1.0,0.6309,0.5,8,1.0,0.6309,0.5,8,1.0,0.6309,0.5,9,1.0,0.6309,0.5,9,1.0,0.6309,0.5,9,1.0,0.6309,0.5,11
xbrl-googl-2024-debt-securities-available-for-sale-usd-0001652044-25-000014,bm25,True,tables,0.0,0.0,0.0,4,0.0,0.0,0.0,4,0.0,0.0,0.0,5,0.0,0.0,0.0,6,0.0,0.0,0.0,7,0.0,0.0,0.0,7,0.0,0.0,0.0,7,0.0,0.0,0.0,10
xbrl-googl-2024-debt-securities-available-for-sale-usd-0001652044-25-000014,hybrid,True,tables,0.0,0.0,0.0,4,0.0,0.0,0.0,8,0.0,0.0,0.0,10,0.0,0.0,0.0,11,0.0,0.0,0.0,12,0.0,0.0,0.0,12,0.0,0.0,0.0,14,0.0,0.0,0.0,16
xbrl-googl-2024-derivative-asset-usd-0001652044-25-000014,bm25,True,tables,0.0,0.0,0.0,0,0.0,0.0,0.0,0,0.0,0.0,0.0,0,0.0,0.0,0.0,0,0.0,0.0,0.0,0,0.0,0.0,0.0,0,0.0,0.0,0.0,0,0.0,0.0,0.0,8
xbrl-googl-2024-derivative-asset-usd-0001652044-25-000014,hybrid,True,tables,0.5,0.171,0.0909,5,0.5,0.2184,0.1667,7,0.5,0.2184,0.1667,8,0.5,0.2184,0.1667,8,0.5,0.2184,0.1667,8,0.5,0.2184,0.1667,8,0.5,0.1934,0.125,9,0.5,0.1934,0.125,11
xbrl-googl-2025-income-loss-from-continuing-operations-before-income-taxes-domestic-usd-0001652044-26-000018,bm25,True,tables,0.0,0.0,0.0,5,0.0,0.0,0.0,5,0.0,0.0,0.0,5,0.0,0.0,0.0,6,0.0,0.0,0.0,6,0.0,0.0,0.0,8,1.0,0.2447,0.0625,11,1.0,0.2626,0.0769,14
xbrl-googl-2025-income-loss-from-continuing-operations-before-income-taxes-domestic-usd-0001652044-26-000018,hybrid,True,tables,0.0,0.0,0.0,10,1.0,0.2789,0.0909,13,1.0,0.301,0.1111,16,1.0,0.3155,0.125,16,1.0,0.3155,0.125,16,1.0,0.3155,0.125,16,1.0,0.3333,0.1429,16,1.0,0.3155,0.125,16
xbrl-googl-2025-general-and-administrative-expense-usd-0001652044-26-000018,bm25,True,tables,1.0,0.5706,0.3333,2,1.0,0.5706,0.3333,2,1.0,0.5706,0.3333,2,1.0,0.6934,0.5,2,1.0,0.6934,0.5,3,1.0,0.6934,0.5,3,1.0,1.0,1.0,4,1.0,1.0,1.0,10
xbrl-googl-2025-general-and-administrative-expense-usd-0001652044-26-000018,hybrid,True,tables,1.0,0.6241,0.5,3,1.0,0.9197,1.0,9,1.0,1.0,1.0,10,1.0,1.0,1.0,10,1.0,1.0,1.0,10,1.0,1.0,1.0,10,1.0,1.0,1.0,12,1.0,1.0,1.0,15
xbrl-googl-2025-current-federal-state-and-local-tax-expense-benefit-usd-0001652044-26-000018,bm25,True,tables,1.0,0.3869,0.2,5,1.0,0.3869,0.2,5,1.0,0.4307,0.25,6,1.0,0.5,0.3333,6,1.0,0.5,0.3333,6,1.0,0.5,0.3333,7,1.0,0.6309,0.5,7,1.0,0.6309,0.5,11
xbrl-googl-2025-current-federal-state-and-local-tax-expense-benefit-usd-0001652044-26-000018,hybrid,True,tables,1.0,1.0,1.0,6,1.0,1.0,1.0,7,1.0,1.0,1.0,12,1.0,1.0,1.0,13,1.0,1.0,1.0,14,1.0,1.0,1.0,14,1.0,1.0,1.0,15,1.0,1.0,1.0,16
xbrl-googl-2025-deferred-tax-assets-other-usd-0001652044-26-000018,bm25,True,tables,0.5,0.2372,0.2,2,0.5,0.2372,0.2,2,0.5,0.2641,0.25,2,0.5,0.2641,0.25,2,0.5,0.3869,0.5,3,0.5,0.6131,1.0,4,0.5,0.6131,1.0,6,1.0,0.7664,1.0,11
xbrl-googl-2025-deferred-tax-assets-other-usd-0001652044-26-000018,hybrid,True,tables,0.5,0.3869,0.5,5,1.0,0.7742,1.0,10,1.0,0.7904,1.0,12,1.0,0.7977,1.0,13,1.0,0.8066,1.0,13,1.0,0.7977,1.0,13,1.0,0.8175,1.0,13,1.0,0.8175,1.0,14
xbrl-googl-2025-increase-decrease-in-accrued-liabilities-usd-0001652044-26-000018,bm25,True,tables,0.0,0.0,0.0,2,0.0,0.0,0.0,3,0.0,0.0,0.0,3,0.0,0.0,0.0,4,0.0,0.0,0.0,5,0.0,0.0,0.0,6,0.0,0.0,0.0,7,1.0,0.2891,0.1,9
xbrl-googl-2025-increase-decrease-in-accrued-liabilities-usd-0001652044-26-000018,hybrid,True,tables,0.0,0.0,0.0,7,1.0,0.301,0.1111,10,1.0,0.3155,0.125,10,1.0,0.3155,0.125,10,1.0,0.3155,0.125,10,1.0,0.3155,0.125,11,1.0,0.301,0.1111,14,1.0,0.301,0.1111,16
xbrl-googl-2025-right-of-use-asset-obtained-in-exchange-for-finance-lease-liability-usd-0001652044-26-000018,bm25,True,tables,0.5,0.3869,0.5,1,0.5,0.3869,0.5,1,0.5,0.6131,1.0,1,0.5,0.6131,1.0,1,0.5,0.6131,1.0,2,0.5,0.6131,1.0,4,0.5,0.6131,1.0,7,0.5,0.6131,1.0,11
xbrl-googl-2025-right-of-use-asset-obtained-in-exchange-for-finance-lease-liability-usd-0001652044-26-000018,hybrid,True,tables,0.5,0.6131,1.0,2,0.5,0.6131,1.0,6,0.5,0.6131,1.0,8,0.5,0.6131,1.0,8,0.5,0.6131,1.0,8,0.5,0.6131,1.0,9,0.5,0.6131,1.0,11,0.5,0.6131,1.0,15
xbrl-googl-2025-property-plant-and-equipment-and-finance-lease-right-of-use-asset-after-accumulated-depreciation-and-amortization-usd-0001652044-26-000018,bm25,True,tables,0.5,0.1934,0.125,2,0.5,0.2184,0.1667,3,0.5,0.2372,0.2,4,0.5,0.2641,0.25,4,1.0,0.4174,0.25,5,1.0,0.421,0.25,6,1.0,0.5803,0.5,8,1.0,0.6241,0.5,14
xbrl-googl-2025-property-plant-and-equipment-and-finance-lease-right-of-use-asset-after-accumulated-depreciation-and-amortization-usd-0001652044-26-000018,hybrid,True,tables,1.0,0.4351,0.25,7,1.0,0.6053,0.5,11,1.0,0.6241,0.5,11,1.0,0.6509,0.5,11,1.0,0.6509,0.5,13,1.0,0.6509,0.5,13,1.0,0.6934,0.5,15,1.0,0.6509,0.5,16
xbrl-googl-2025-effective-income-tax-rate-reconciliation-tax-expense-benefit-share-based-payment-arrangement-amount-usd-0001652044-26-000018,bm25,True,tables,0.0,0.0,0.0,5,0.0,0.0,0.0,5,0.0,0.0,0.0,5,0.0,0.0,0.0,5,0.0,0.0,0.0,5,0.0,0.0,0.0,5,0.0,0.0,0.0,6,1.0,0.256,0.0714,8
xbrl-googl-2025-effective-income-tax-rate-reconciliation-tax-expense-benefit-share-based-payment-arrangement-amount-usd-0001652044-26-000018,hybrid,True,tables,1.0,0.2702,0.0833,4,1.0,0.3333,0.1429,9,1.0,0.3562,0.1667,10,1.0,0.4307,0.25,10,1.0,0.4307,0.25,11,1.0,0.4307,0.25,11,1.0,0.4307,0.25,14,1.0,0.4307,0.25,16
xbrl-googl-2025-retained-earnings-accumulated-deficit-usd-0001652044-26-000018,bm25,True,both,0.0,0.0,0.0,16,0.0,0.0,0.0,16,0.0,0.0,0.0,16,0.0,0.0,0.0,16,0.0,0.0,0.0,16,0.0,0.0,0.0,16,0.0,0.0,0.0,16,0.0,0.0,0.0,16
xbrl-googl-2025-retained-earnings-accumulated-deficit-usd-0001652044-26-000018,hybrid,True,both,0.6666666666666666,0.7039,1.0,14,0.6666666666666666,0.7039,1.0,16,0.6666666666666666,0.7039,1.0,16,0.6666666666666666,0.7039,1.0,16,0.6666666666666666,0.7039,1.0,16,0.6666666666666666,0.7039,1.0,16,0.6666666666666666,0.7039,1.0,16,0.6666666666666666,0.7039,1.0,16
xbrl-googl-2025-deferred-tax-assets-tax-credit-carryforwards-other-usd-0001652044-26-000018,bm25,True,tables,1.0,0.3869,0.2,2,1.0,0.3869,0.2,2,1.0,0.4307,0.25,3,1.0,0.4307,0.25,4,1.0,0.5,0.3333,4,1.0,0.5,0.3333,5,1.0,0.5,0.3333,7,1.0,1.0,1.0,10
xbrl-googl-2025-deferred-tax-assets-tax-credit-carryforwards-other-usd-0001652044-26-000018,hybrid,True,tables,1.0,0.5,0.3333,5,1.0,0.5,0.3333,7,1.0,0.6309,0.5,11,1.0,1.0,1.0,12,1.0,1.0,1.0,12,1.0,1.0,1.0,13,1.0,1.0,1.0,15,1.0,1.0,1.0,16
xbrl-googl-2025-accrued-income-taxes-current-usd-0001652044-26-000018,bm25,True,both,0.0,0.0,0.0,5,0.0,0.0,0.0,5,0.0,0.0,0.0,5,0.0,0.0,0.0,5,0.0,0.0,0.0,7,0.0,0.0,0.0,8,0.0,0.0,0.0,10,0.0,0.0,0.0,12
xbrl-googl-2025-accrued-income-taxes-current-usd-0001652044-26-000018,hybrid,True,both,0.0,0.0,0.0,6,0.0,0.0,0.0,11,0.0,0.0,0.0,14,0.0,0.0,0.0,14,0.0,0.0,0.0,15,0.0,0.0,0.0,16,0.0,0.0,0.0,16,0.0,0.0,0.0,16
xbrl-googl-2025-debt-securities-available-for-sale-fair-value-maturity-allocated-and-single-maturity-date-after-year-5-through-10-usd-0001652044-26-000018,bm25,True,tables,0.0,0.0,0.0,1,0.0,0.0,0.0,2,0.0,0.0,0.0,2,0.0,0.0,0.0,2,0.0,0.0,0.0,3,0.0,0.0,0.0,3,0.0,0.0,0.0,7,1.0,0.2891,0.1,12
xbrl-googl-2025-debt-securities-available-for-sale-fair-value-maturity-allocated-and-single-maturity-date-after-year-5-through-10-usd-0001652044-26-000018,hybrid,True,tables,1.0,0.2891,0.1,8,1.0,0.3333,0.1429,10,1.0,0.3333,0.1429,12,1.0,0.3562,0.1667,12,1.0,0.3562,0.1667,12,1.0,0.3869,0.2,12,1.0,0.3333,0.1429,14,1.0,0.3333,0.1429,16
xbrl-googl-2025-us-gaap-derivativeliabilityafteroffsetsubjecttomasternettingarrangement-usd-0001652044-26-000018,bm25,False,tables,0.0,0.0,0.0,0,0.0,0.0,0.0,0,0.0,0.0,0.0,0,0.0,0.0,0.0,0,0.0,0.0,0.0,0,0.0,0.0,0.0,0,0.0,0.0,0.0,0,0.0,0.0,0.0,0
xbrl-googl-2025-us-gaap-derivativeliabilityafteroffsetsubjecttomasternettingarrangement-usd-0001652044-26-000018,hybrid,False,tables,0.0,0.0,0.0,0,0.0,0.0,0.0,0,0.0,0.0,0.0,0,0.0,0.0,0.0,0,0.0,0.0,0.0,0,0.0,0.0,0.0,0,0.0,0.0,0.0,0,0.0,0.0,0.0,0
xbrl-googl-2025-deferred-tax-assets-net-of-valuation-allowance-usd-0001652044-26-000018,bm25,True,tables,1.0,0.6309,0.5,2,1.0,1.0,1.0,3,1.0,1.0,1.0,3,1.0,1.0,1.0,4,1.0,1.0,1.0,6,1.0,1.0,1.0,7,1.0,1.0,1.0,8,1.0,1.0,1.0,11
xbrl-googl-2025-deferred-tax-assets-net-of-valuation-allowance-usd-0001652044-26-000018,hybrid,True,tables,1.0,0.6309,0.5,6,1.0,1.0,1.0,9,1.0,1.0,1.0,11,1.0,1.0,1.0,11,1.0,1.0,1.0,11,1.0,1.0,1.0,11,1.0,1.0,1.0,14,1.0,1.0,1.0,16
xbrl-googl-2025-oci-debt-securities-available-for-sale-gain-loss-after-adjustment-and-tax-usd-0001652044-26-000018,bm25,True,tables,0.0,0.0,0.0,5,0.5,0.1569,0.0714,6,0.5,0.161,0.0769,6,0.5,0.171,0.0909,6,0.5,0.171,0.0909,7,0.5,0.1772,0.1,8,1.0,0.3434,0.125,11,1.0,0.3841,0.1667,14
xbrl-googl-2025-oci-debt-securities-available-for-sale-gain-loss-after-adjustment-and-tax-usd-0001652044-26-000018,hybrid,True,tables,1.0,0.3367,0.0909,8,1.0,0.3816,0.1429,11,1.0,0.4825,0.25,13,1.0,0.4685,0.25,14,1.0,0.4825,0.25,16,1.0,0.4825,0.25,16,1.0,0.4825,0.25,16,1.0,0.511,0.3333,16
xbrl-googl-2025-other-comprehensive-income-loss-cash-flow-hedge-gain-loss-after-reclassification-tax-usd-0001652044-26-000018,bm25,True,both,0.3333333333333333,0.4693,1.0,9,0.3333333333333333,0.4693,1.0,9,0.3333333333333333,0.4693,1.0,10,0.3333333333333333,0.4693,1.0,10,0.3333333333333333,0.4693,1.0,10,0.3333333333333333,0.4693,1.0,12,0.3333333333333333,0.4693,1.0,13,0.3333333333333333,0.4693,1.0,16
xbrl-googl-2025-other-comprehensive-income-loss-cash-flow-hedge-gain-loss-after-reclassification-tax-usd-0001652044-26-000018,hybrid,True,both,0.3333333333333333,0.4693,1.0,11,0.3333333333333333,0.4693,1.0,16,0.3333333333333333,0.4693,1.0,16,0.3333333333333333,0.4693,1.0,16,0.3333333333333333,0.4693,1.0,16,0.3333333333333333,0.4693,1.0,16,0.3333333333333333,0.4693,1.0,16,0.3333333333333333,0.4693,1.0,16
xbrl-googl-2025-equity-securities-without-readily-determinable-fair-value-upward-price-adjustment-cumulative-amount-usd-0001652044-26-000018,bm25,True,tables,1.0,0.4307,0.25,1,1.0,0.5,0.3333,1,1.0,0.6309,0.5,1,1.0,0.6309,0.5,1,1.0,0.6309,0.5,1,1.0,0.6309,0.5,3,1.0,1.0,1.0,5,1.0,1.0,1.0,8
xbrl-googl-2025-equity-securities-without-readily-determinable-fair-value-upward-price-adjustment-cumulative-amount-usd-0001652044-26-000018,hybrid,True,tables,1.0,0.3562,0.1667,1,1.0,1.0,1.0,4,1.0,1.0,1.0,9,1.0,1.0,1.0,12,1.0,1.0,1.0,13,1.0,1.0,1.0,13,1.0,1.0,1.0,15,1.0,1.0,1.0,15
xbrl-googl-2025-undistributed-earnings-loss-available-to-common-shareholders-basic-usd-0001652044-26-000018,bm25,True,tables,1.0,0.3562,0.1667,6,1.0,0.3562,0.1667,6,1.0,0.3562,0.1667,6,1.0,0.3562,0.1667,9,1.0,0.3562,0.1667,9,1.0,0.3562,0.1667,9,1.0,0.3562,0.1667,13,1.0,0.3562,0.1667,14
xbrl-googl-2025-undistributed-earnings-loss-available-to-common-shareholders-basic-usd-0001652044-26-000018,hybrid,True,tables,1.0,0.5,0.3333,10,1.0,0.5,0.3333,14,1.0,0.5,0.3333,15,1.0,0.5,0.3333,15,1.0,0.5,0.3333,15,1.0,0.5,0.3333,16,1.0,0.5,0.3333,16,1.0,0.5,0.3333,16
xbrl-googl-2025-finance-lease-liability-current-usd-0001652044-26-000018,bm25,True,tables,0.5,0.1934,0.125,5,0.5,0.1934,0.125,6,0.5,0.1934,0.125,6,0.5,0.2044,0.1429,7,0.5,0.2184,0.1667,7,0.5,0.2184,0.1667,7,0.5,0.2372,0.2,8,0.5,0.2641,0.25,10
xbrl-googl-2025-finance-lease-liability-current-usd-0001652044-26-000018,hybrid,True,tables,0.5,0.2184,0.1667,10,0.5,0.2184,0.1667,11,0.5,0.2372,0.2,12,0.5,0.2372,0.2,12,0.5,0.2641,0.25,12,0.5,0.2372,0.2,12,0.5,0.2372,0.2,14,0.5,0.2372,0.2,16
xbrl-googl-2025-increase-decrease-in-accounts-receivable-usd-0001652044-26-000018,bm25,True,tables,0.0,0.0,0.0,1,0.0,0.0,0.0,1,0.0,0.0,0.0,2,0.0,0.0,0.0,2,1.0,0.2447,0.0625,3,1.0,0.256,0.0714,3,1.0,0.3562,0.1667,4,1.0,0.4307,0.25,7
xbrl-googl-2025-increase-decrease-in-accounts-receivable-usd-0001652044-26-000018,hybrid,True,tables,1.0,0.301,0.1111,7,1.0,0.5,0.3333,8,1.0,0.5,0.3333,9,1.0,0.5,0.3333,9,1.0,0.5,0.3333,10,1.0,0.5,0.3333,10,1.0,0.5,0.3333,11,1.0,0.4307,0.25,14
xbrl-intu-2021-adjustments-noncash-items-to-reconcile-net-income-loss-to-cash-provided-by-used-in-operating-activities-usd-0000896878-21-000233,bm25,True,tables,0.0,0.0,0.0,2,0.0,0.0,0.0,2,0.0,0.0,0.0,2,0.0,0.0,0.0,4,0.0,0.0,0.0,4,0.0,0.0,0.0,5,0.0,0.0,0.0,7,1.0,0.301,0.1111,14
xbrl-intu-2021-adjustments-noncash-items-to-reconcile-net-income-loss-to-cash-provided-by-used-in-operating-activities-usd-0000896878-21-000233,hybrid,True,tables,0.0,0.0,0.0,3,0.0,0.0,0.0,8,1.0,0.256,0.0714,10,1.0,0.256,0.0714,10,1.0,0.256,0.0714,12,1.0,0.3869,0.2,12,1.0,0.3333,0.1429,14,1.0,0.3869,0.2,16
xbrl-intu-2021-payments-to-acquire-businesses-net-of-cash-acquired-usd-0000896878-21-000233,bm25,True,both,0.5,0.2372,0.2,0,0.5,0.2372,0.2,0,1.0,0.3905,0.2,1,1.0,0.4029,0.2,3,1.0,0.4306,0.2,3,1.0,0.4416,0.2,3,1.0,0.8066,1.0,4,0.5,0.6131,1.0,12
xbrl-intu-2021-payments-to-acquire-businesses-net-of-cash-acquired-usd-0000896878-21-000233,hybrid,True,both,1.0,0.3753,0.1667,1,1.0,0.4685,0.25,2,1.0,0.7701,1.0,8,1.0,0.7788,1.0,8,1.0,0.7788,1.0,9,1.0,0.7742,1.0,10,0.5,0.6131,1.0,12,0.5,0.6131,1.0,16
xbrl-intu-2021-deferred-compensation-liability-current-usd-0000896878-21-000233,bm25,True,both,0.3333333333333333,0.4693,1.0,3,0.3333333333333333,0.4693,1.0,5,0.3333333333333333,0.4693,1.0,6,0.3333333333333333,0.4693,1.0,6,0.3333333333333333,0.4693,1.0,6,0.3333333333333333,0.4693,1.0,8,0.3333333333333333,0.4693,1.0,11,0.3333333333333333,0.4693,1.0,15
xbrl-intu-2021-deferred-compensation-liability-current-usd-0000896878-21-000233,hybrid,True,both,0.6666666666666666,0.5866,1.0,7,0.3333333333333333,0.4693,1.0,9,0.3333333333333333,0.4693,1.0,13,0.3333333333333333,0.4693,1.0,14,0.3333333333333333,0.4693,1.0,14,0.6666666666666666,0.5866,1.0,15,0.6666666666666666,0.5841,1.0,16,0.3333333333333333,0.4693,1.0,16
xbrl-intu-2021-long-term-debt-excluding-current-maturities-usd-0000896878-21-000233,bm25,True,tables,0.6666666666666666,0.3827,0.3333,5,0.6666666666666666,0.4632,0.5,5,0.6666666666666666,0.6508,1.0,6,0.6666666666666666,0.7039,1.0,6,0.6666666666666666,0.7039,1.0,6,0.6666666666666666,0.7654,1.0,7,0.6666666666666666,0.7654,1.0,8,0.6666666666666666,0.7654,1.0,11
xbrl-intu-2021-long-term-debt-excluding-current-maturities-usd-0000896878-21-000233,hybrid,True,tables,0.6666666666666666,0.294,0.1667,5,0.6666666666666666,0.6364,1.0,8,0.6666666666666666,0.7039,1.0,11,0.6666666666666666,0.7039,1.0,13,0.6666666666666666,0.7039,1.0,14,0.6666666666666666,0.7039,1.0,15,0.6666666666666666,0.7039,1.0,16,0.6666666666666666,0.6714,1.0,16
xbrl-intu-2021-deferred-tax-liabilities-net-usd-0000896878-21-000233,bm25,True,both,0.6666666666666666,0.4632,0.5,5,0.6666666666666666,0.4776,0.5,6,0.6666666666666666,0.3836,0.25,6,0.6666666666666666,0.3836,0.25,6,0.6666666666666666,0.4162,0.3333,7,0.6666666666666666,0.4162,0.3333,8,0.6666666666666666,0.3827,0.3333,10,0.6666666666666666,0.3615,0.3333,14
xbrl-intu-2021-deferred-tax-liabilities-net-usd-0000896878-21-000233,hybrid,True,both,0.6666666666666666,0.4367,0.3333,6,0.6666666666666666,0.4632,0.5,8,0.6666666666666666,0.4229,0.5,10,0.3333333333333333,0.2346,0.3333,14,0.3333333333333333,0.2961,0.5,14,0.6666666666666666,0.4109,0.5,14,0.3333333333333333,0.2961,0.5,16,0.3333333333333333,0.2961,0.5,16
xbrl-intu-2021-payments-for-repurchase-of-common-stock-usd-0000896878-21-000233,bm25,True,tables,1.0,0.2789,0.0909,2,1.0,0.2789,0.0909,3,1.0,0.301,0.1111,3,1.0,0.3155,0.125,3,1.0,0.3562,0.1667,3,1.0,0.4307,0.25,4,1.0,0.6309,0.5,7,1.0,1.0,1.0,13
xbrl-intu-2021-payments-for-repurchase-of-common-stock-usd-0000896878-21-000233,hybrid,True,tables,0.0,0.0,0.0,2,1.0,0.2702,0.0833,3,1.0,0.3155,0.125,8,1.0,0.3333,0.1429,9,1.0,0.3869,0.2,11,1.0,0.5,0.3333,13,1.0,0.5,0.3333,15,1.0,0.5,0.3333,16
xbrl-intu-2021-construction-in-progress-gross-usd-0000896878-21-000233,bm25,True,tables,0.5,0.1934,0.125,1,0.5,0.2372,0.2,1,0.5,0.2641,0.25,1,0.5,0.3066,0.3333,2,0.5,0.3066,0.3333,2,0.5,0.3869,0.5,3,0.5,0.6131,1.0,11,1.0,0.7664,1.0,16
xbrl-intu-2021-construction-in-progress-gross-usd-0000896878-21-000233,hybrid,True,tables,0.5,0.3869,0.5,3,0.5,0.6131,1.0,9,0.5,0.6131,1.0,10,0.5,0.6131,1.0,10,0.5,0.6131,1.0,11,0.5,0.6131,1.0,12,0.5,0.6131,1.0,14,0.5,0.6131,1.0,16
xbrl-intu-2021-debt-securities-available-for-sale-current-usd-0000896878-21-000233,bm25,True,tables,0.3333333333333333,0.1309,0.0909,9,0.3333333333333333,0.1309,0.0909,9,0.3333333333333333,0.1357,0.1,9,0.3333333333333333,0.148,0.125,9,0.3333333333333333,0.1564,0.1429,9,0.3333333333333333,0.1564,0.1429,9,0.3333333333333333,0.2021,0.25,10,0.6666666666666666,0.3169,0.25,13
xbrl-intu-2021-debt-securities-available-for-sale-current-usd-0000896878-21-000233,hybrid,True,tables,0.3333333333333333,0.1309,0.0909,9,0.3333333333333333,0.1413,0.1111,11,0.3333333333333333,0.148,0.125,11,0.6666666666666666,0.2832,0.1429,12,0.6666666666666666,0.2797,0.1429,13,0.6666666666666666,0.2713,0.125,13,0.6666666666666666,0.2765,0.1429,16,0.6666666666666666,0.2682,0.125,16
xbrl-intu-2021-amortization-of-intangible-assets-usd-0000896878-21-000233,bm25,True,both,0.0,0.0,0.0,1,0.0,0.0,0.0,1,0.3333333333333333,0.1148,0.0625,2,0.3333333333333333,0.1309,0.0909,3,0.3333333333333333,0.1309,0.0909,3,0.6666666666666666,0.2713,0.125,5,0.6666666666666666,0.3585,0.25,7,0.6666666666666666,0.4982,0.5,11
xbrl-intu-2021-amortization-of-intangible-assets-usd-0000896878-21-000233,hybrid,True,both,0.3333333333333333,0.1148,0.0625,3,0.6666666666666666,0.2501,0.0833,5,0.6666666666666666,0.3236,0.1667,9,0.6666666666666666,0.3836,0.25,12,0.6666666666666666,0.3836,0.25,12,0.6666666666666666,0.4367,0.3333,13,0.6666666666666666,0.4367,0.3333,14,0.6666666666666666,0.4367,0.3333,16
xbrl-intu-2021-debt-securities-available-for-sale-amortized-cost-maturity-allocated-and-single-maturity-date-year-one-usd-0000896878-21-000233,bm25,True,both,0.3333333333333333,0.2346,0.3333,4,0.3333333333333333,0.2346,0.3333,4,0.3333333333333333,0.2346,0.3333,5,0.3333333333333333,0.2961,0.5,6,0.3333333333333333,0.2961,0.5,7,0.3333333333333333,0.2961,0.5,7,0.3333333333333333,0.4693,1.0,10,0.3333333333333333,0.4693,1.0,13
xbrl-intu-2021-debt-securities-available-for-sale-amortized-cost-maturity-allocated-and-single-maturity-date-year-one-usd-0000896878-21-000233,hybrid,True,both,0.3333333333333333,0.4693,1.0,7,0.3333333333333333,0.4693,1.0,10,0.3333333333333333,0.4693,1.0,11,0.3333333333333333,0.4693,1.0,11,0.3333333333333333,0.4693,1.0,11,0.3333333333333333,0.4693,1.0,12,0.3333333333333333,0.4693,1.0,14,0.3333333333333333,0.4693,1.0,16
xbrl-intu-2021-income-loss-from-continuing-operations-before-equity-method-investments-income-taxes-noncontrolling-interest-usd-0000896878-21-000233,bm25,True,tables,0.3333333333333333,0.1564,0.1429,2,0.3333333333333333,0.1672,0.1667,3,0.3333333333333333,0.2021,0.25,3,0.3333333333333333,0.2961,0.5,3,0.6666666666666666,0.5841,1.0,4,0.6666666666666666,0.5894,1.0,4,0.6666666666666666,0.6508,1.0,6,0.6666666666666666,0.6714,1.0,13
xbrl-intu-2021-income-loss-from-continuing-operations-before-equity-method-investments-income-taxes-noncontrolling-interest-usd-0000896878-21-000233,hybrid,True,tables,0.3333333333333333,0.148,0.125,1,0.6666666666666666,0.6105,1.0,7,0.6666666666666666,0.7039,1.0,13,0.6666666666666666,0.7654,1.0,15,0.6666666666666666,0.7039,1.0,15,0.6666666666666666,0.7039,1.0,16,0.6666666666666666,0.7039,1.0,16,0.6666666666666666,0.7039,1.0,16
xbrl-intu-2021-net-cash-provided-by-used-in-investing-activities-usd-0000896878-21-000233,bm25,True,tables,1.0,0.8316,1.0,6,1.0,0.8772,1.0,6,1.0,0.8772,1.0,6,1.0,0.8772,1.0,6,1.0,0.8772,1.0,7,1.0,0.8772,1.0,8,1.0,0.8772,1.0,12,1.0,0.8772,1.0,13
xbrl-intu-2021-net-cash-provided-by-used-in-investing-activities-usd-0000896878-21-000233,hybrid,True,tables,0.5,0.6131,1.0,6,0.5,0.6131,1.0,10,1.0,0.7664,1.0,14,1.0,0.7664,1.0,14,1.0,0.7664,1.0,15,0.5,0.6131,1.0,16,0.5,0.6131,1.0,16,0.5,0.6131,1.0,16
xbrl-intu-2021-payments-to-acquire-debt-securities-available-for-sale-usd-0000896878-21-000233,bm25,True,both,0.0,0.0,0.0,5,0.0,0.0,0.0,8,0.0,0.0,0.0,8,0.0,0.0,0.0,8,0.0,0.0,0.0,8,0.0,0.0,0.0,9,0.0,0.0,0.0,10,0.0,0.0,0.0,12
xbrl-intu-2021-payments-to-acquire-debt-securities-available-for-sale-usd-0000896878-21-000233,hybrid,True,both,0.5,0.1533,0.0667,7,0.0,0.0,0.0,10,0.0,0.0,0.0,11,0.0,0.0,0.0,11,0.0,0.0,0.0,11,0.0,0.0,0.0,12,0.0,0.0,0.0,15,0.0,0.0,0.0,16
xbrl-intu-2021-loss-contingency-pending-claims-number-claim-0000896878-21-000233,bm25,True,both,0.0,0.0,0.0,0,0.0,0.0,0.0,0,0.0,0.0,0.0,0,0.0,0.0,0.0,0,0.0,0.0,0.0,3,0.0,0.0,0.0,4,0.0,0.0,0.0,7,0.0,0.0,0.0,8
xbrl-intu-2021-loss-contingency-pending-claims-number-claim-0000896878-21-000233,hybrid,True,both,0.0,0.0,0.0,2,0.0,0.0,0.0,6,0.0,0.0,0.0,9,0.0,0.0,0.0,9,0.0,0.0,0.0,9,0.0,0.0,0.0,9,0.0,0.0,0.0,11,0.0,0.0,0.0,13
xbrl-intu-2021-common-stock-shares-outstanding-shares-0000896878-21-000233,bm25,True,both,0.3333333333333333,0.1148,0.0625,2,0.3333333333333333,0.1268,0.0833,3,0.3333333333333333,0.148,0.125,3,0.3333333333333333,0.1672,0.1667,3,0.3333333333333333,0.1815,0.2,3,0.3333333333333333,0.2346,0.3333,3,0.3333333333333333,0.2961,0.5,7,0.3333333333333333,0.2961,0.5,10
xbrl-intu-2021-common-stock-shares-outstanding-shares-0000896878-21-000233,hybrid,True,both,0.3333333333333333,0.1413,0.1111,6,0.3333333333333333,0.2021,0.25,13,0.3333333333333333,0.2021,0.25,14,0.3333333333333333,0.2346,0.3333,15,0.3333333333333333,0.2346,0.3333,16,0.3333333333333333,0.2346,0.3333,16,0.3333333333333333,0.2346,0.3333,16,0.3333333333333333,0.2021,0.25,16
xbrl-intu-2021-stock-issued-during-period-value-acquisitions-usd-0000896878-21-000233,bm25,True,tables,0.0,0.0,0.0,0,0.0,0.0,0.0,0,0.0,0.0,0.0,0,0.0,0.0,0.0,0,0.0,0.0,0.0,0,0.0,0.0,0.0,0,0.0,0.0,0.0,3,0.0,0.0,0.0,9
xbrl-intu-2021-stock-issued-during-period-value-acquisitions-usd-0000896878-21-000233,hybrid,True,tables,0.0,0.0,0.0,3,0.0,0.0,0.0,7,0.0,0.0,0.0,8,0.0,0.0,0.0,9,0.0,0.0,0.0,9,0.0,0.0,0.0,9,0.0,0.0,0.0,10,0.0,0.0,0.0,14
xbrl-intu-2021-share-based-compensation-arrangement-by-share-based-payment-award-options-exercisable-number-shares-0000896878-21-000233,bm25,True,tables,1.0,0.3562,0.1667,5,1.0,0.3869,0.2,5,1.0,0.4307,0.25,5,1.0,0.5,0.3333,6,1.0,0.5,0.3333,6,1.0,0.6309,0.5,7,1.0,0.6309,0.5,9,1.0,0.6309,0.5,13
xbrl-intu-2021-share-based-compensation-arrangement-by-share-based-payment-award-options-exercisable-number-shares-0000896878-21-000233,hybrid,True,tables,1.0,0.2789,0.0909,7,1.0,0.3869,0.2,9,1.0,0.4307,0.25,15,1.0,0.4307,0.25,15,1.0,0.4307,0.25,16,1.0,0.4307,0.25,16,1.0,0.3869,0.2,16,1.0,0.3869,0.2,16
xbrl-intu-2021-share-based-compensation-arrangement-by-share-based-payment-award-options-exercises-in-period-shares-0000896878-21-000233,bm25,True,tables,0.0,0.0,0.0,4,0.0,0.0,0.0,4,0.0,0.0,0.0,5,0.0,0.0,0.0,6,0.0,0.0,0.0,6,0.0,0.0,0.0,7,0.0,0.0,0.0,9,0.0,0.0,0.0,14
xbrl-intu-2021-share-based-compensation-arrangement-by-share-based-payment-award-options-exercises-in-period-shares-0000896878-21-000233,hybrid,True,tables,0.0,0.0,0.0,4,0.0,0.0,0.0,8,0.0,0.0,0.0,11,0.0,0.0,0.0,15,0.0,0.0,0.0,16,0.0,0.0,0.0,16,1.0,0.2626,0.0769,16,1.0,0.2626,0.0769,16
xbrl-intu-2021-purchase-obligation-to-be-paid-year-two-usd-0000896878-21-000233,bm25,True,both,0.0,0.0,0.0,0,0.0,0.0,0.0,0,0.0,0.0,0.0,0,0.0,0.0,0.0,0,0.0,0.0,0.0,0,0.0,0.0,0.0,0,0.0,0.0,0.0,2,0.5,0.1846,0.1111,6
xbrl-intu-2021-purchase-obligation-to-be-paid-year-two-usd-0000896878-21-000233,hybrid,True,both,0.0,0.0,0.0,0,0.5,0.1772,0.1,4,0.5,0.2184,0.1667,8,0.5,0.2641,0.25,9,0.5,0.2641,0.25,9,0.5,0.2641,0.25,9,0.5,0.6131,1.0,9,0.5,0.6131,1.0,13
xbrl-intu-2021-cash-cash-equivalents-restricted-cash-and-restricted-cash-equivalents-period-increase-decrease-including-exchange-rate-effect-usd-0000896878-21-000233,bm25,True,both,1.0,1.0,1.0,8,1.0,1.0,1.0,8,1.0,0.9675,1.0,9,1.0,0.9675,1.0,9,1.0,0.9675,1.0,10,1.0,0.9675,1.0,11,1.0,0.9134,1.0,13,1.0,0.901,1.0,14
xbrl-intu-2021-cash-cash-equivalents-restricted-cash-and-restricted-cash-equivalents-period-increase-decrease-including-exchange-rate-effect-usd-0000896878-21-000233,hybrid,True,both,1.0,0.9134,1.0,7,1.0,0.8886,1.0,8,0.6666666666666666,0.7654,1.0,12,0.6666666666666666,0.7654,1.0,15,0.6666666666666666,0.7654,1.0,16,0.6666666666666666,0.7654,1.0,16,0.6666666666666666,0.7654,1.0,16,0.6666666666666666,0.7654,1.0,16
xbrl-intu-2022-payments-to-acquire-businesses-net-of-cash-acquired-usd-0000896878-22-000028,bm25,True,both,0.5,0.3066,0.3333,0,0.5,0.3066,0.3333,0,1.0,0.4635,0.3333,1,1.0,0.4776,0.3333,2,1.0,0.4911,0.3333,3,1.0,0.511,0.3333,3,1.0,0.8175,1.0,5,1.0,0.7664,1.0,13
xbrl-intu-2022-payments-to-acquire-businesses-net-of-cash-acquired-usd-0000896878-22-000028,hybrid,True,both,1.0,0.4723,0.3333,1,1.0,0.5706,0.3333,6,1.0,0.7904,1.0,9,1.0,0.7977,1.0,9,1.0,0.7977,1.0,9,1.0,0.7904,1.0,10,0.5,0.6131,1.0,14,0.5,0.6131,1.0,16
xbrl-intu-2022-operating-lease-cost-usd-0000896878-22-000028,bm25,True,both,0.6666666666666666,0.6714,1.0,7,0.6666666666666666,0.6508,1.0,7,0.6666666666666666,0.6364,1.0,7,0.6666666666666666,0.6364,1.0,9,0.6666666666666666,0.6364,1.0,9,0.6666666666666666,0.6364,1.0,9,0.6666666666666666,0.3378,0.25,13,0.3333333333333333,0.148,0.125,14
xbrl-intu-2022-operating-lease-cost-usd-0000896878-22-000028,hybrid,True,both,0.6666666666666666,0.6714,1.0,9,0.6666666666666666,0.4776,0.5,12,0.6666666666666666,0.3759,0.3333,12,0.3333333333333333,0.2021,0.25,14,0.3333333333333333,0.148,0.125,15,0.0,0.0,0.0,16,0.0,0.0,0.0,16,0.0,0.0,0.0,16
xbrl-intu-2022-effective-income-tax-rate-reconciliation-at-federal-statutory-income-tax-rate-amount-usd-0000896878-22-000028,bm25,True,tables,1.0,0.3869,0.2,2,1.0,0.4307,0.25,2,1.0,0.4307,0.25,2,1.0,0.5,0.3333,2,1.0,0.6309,0.5,2,1.0,0.6309,0.5,2,1.0,1.0,1.0,5,1.0,1.0,1.0,8
xbrl-intu-2022-effective-income-tax-rate-reconciliation-at-federal-statutory-income-tax-rate-amount-usd-0000896878-22-000028,hybrid,True,tables,1.0,0.4307,0.25,3,1.0,1.0,1.0,6,1.0,1.0,1.0,9,1.0,1.0,1.0,10,1.0,1.0,1.0,10,1.0,1.0,1.0,11,1.0,1.0,1.0,13,1.0,1.0,1.0,16
xbrl-intu-2022-other-assets-noncurrent-usd-0000896878-22-000028,bm25,True,tables,0.0,0.0,0.0,1,0.0,0.0,0.0,1,0.0,0.0,0.0,3,0.5,0.1569,0.0714,4,0.5,0.1657,0.0833,4,0.5,0.1772,0.1,4,0.5,0.2372,0.2,4,0.5,0.2641,0.25,11
xbrl-intu-2022-other-assets-noncurrent-usd-0000896878-22-000028,hybrid,True,tables,0.5,0.2044,0.1429,5,0.5,0.3066,0.3333,9,0.5,0.3869,0.5,10,0.5,0.6131,1.0,10,0.5,0.6131,1.0,10,0.5,0.6131,1.0,10,0.5,0.6131,1.0,13,0.5,0.6131,1.0,16
xbrl-intu-2022-shares-issued-value-share-based-payment-arrangement-after-forfeiture-usd-0000896878-22-000028,bm25,True,tables,0.0,0.0,0.0,3,0.0,0.0,0.0,3,0.0,0.0,0.0,3,0.0,0.0,0.0,3,0.0,0.0,0.0,4,0.0,0.0,0.0,4,0.5,0.1533,0.0667,6,0.5,0.2184,0.1667,12
xbrl-intu-2022-shares-issued-value-share-based-payment-arrangement-after-forfeiture-usd-0000896878-22-000028,hybrid,True,tables,0.5,0.161,0.0769,6,0.5,0.1846,0.1111,9,0.5,0.2044,0.1429,13,0.5,0.2044,0.1429,14,0.5,0.2044,0.1429,14,0.5,0.2184,0.1667,15,0.5,0.2184,0.1667,16,0.5,0.2372,0.2,16
xbrl-intu-2022-weighted-average-number-of-shares-outstanding-basic-shares-0000896878-22-000028,bm25,True,tables,0.3333333333333333,0.2961,0.5,9,0.3333333333333333,0.2961,0.5,10,0.3333333333333333,0.4693,1.0,10,0.3333333333333333,0.4693,1.0,10,0.3333333333333333,0.4693,1.0,10,0.3333333333333333,0.4693,1.0,11,0.6666666666666666,0.5841,1.0,12,0.6666666666666666,0.5925,1.0,13
xbrl-intu-2022-weighted-average-number-of-shares-outstanding-basic-shares-0000896878-22-000028,hybrid,True,tables,0.3333333333333333,0.2961,0.5,11,0.3333333333333333,0.2961,0.5,12,0.6666666666666666,0.5866,1.0,15,0.6666666666666666,0.5866,1.0,16,0.6666666666666666,0.5866,1.0,16,0.6666666666666666,0.5866,1.0,16,0.6666666666666666,0.5841,1.0,16,0.3333333333333333,0.4693,1.0,16
xbrl-intu-2022-lessor-operating-lease-payment-to-be-received-after-year-five-usd-0000896878-22-000028,bm25,True,prose,0.0,0.0,0.0,0,0.0,0.0,0.0,0,0.0,0.0,0.0,1,0.0,0.0,0.0,2,0.0,0.0,0.0,2,0.0,0.0,0.0,3,0.0,0.0,0.0,6,0.0,0.0,0.0,13
xbrl-intu-2022-lessor-operating-lease-payment-to-be-received-after-year-five-usd-0000896878-22-000028,hybrid,True,prose,0.0,0.0,0.0,6,0.0,0.0,0.0,7,0.0,0.0,0.0,10,0.0,0.0,0.0,10,0.0,0.0,0.0,11,0.0,0.0,0.0,12,0.0,0.0,0.0,14,0.0,0.0,0.0,16
xbrl-intu-2022-revenue-from-contract-with-customer-excluding-assessed-tax-usd-0000896878-22-000028,bm25,True,tables,0.0,0.0,0.0,0,0.0,0.0,0.0,0,0.0,0.0,0.0,0,0.0,0.0,0.0,0,0.0,0.0,0.0,0,0.0,0.0,0.0,0,0.0,0.0,0.0,1,0.0,0.0,0.0,4
xbrl-intu-2022-revenue-from-contract-with-customer-excluding-assessed-tax-usd-0000896878-22-000028,hybrid,True,tables,0.0,0.0,0.0,0,0.0,0.0,0.0,1,0.0,0.0,0.0,7,0.0,0.0,0.0,8,0.0,0.0,0.0,8,0.0,0.0,0.0,8,0.0,0.0,0.0,9,0.0,0.0,0.0,11
xbrl-intu-2022-proceeds-issuance-of-shares-share-based-payment-arrangement-including-option-exercised-usd-0000896878-22-000028,bm25,True,both,0.5,0.161,0.0769,6,0.5,0.161,0.0769,6,0.5,0.171,0.0909,7,0.5,0.171,0.0909,9,0.5,0.1846,0.1111,9,0.5,0.2044,0.1429,10,0.5,0.2044,0.1429,11,0.5,0.2184,0.1667,15
xbrl-intu-2022-proceeds-issuance-of-shares-share-based-payment-arrangement-including-option-exercised-usd-0000896878-22-000028,hybrid,True,both,0.0,0.0,0.0,5,0.0,0.0,0.0,11,0.5,0.1846,0.1111,14,0.5,0.1846,0.1111,14,0.5,0.1846,0.1111,15,0.5,0.1772,0.1,16,0.5,0.171,0.0909,16,0.5,0.15,0.0625,16
xbrl-intu-2022-revenues-usd-0000896878-22-000028,bm25,True,tables,0.0,0.0,0.0,0,0.0,0.0,0.0,0,0.0,0.0,0.0,0,0.0,0.0,0.0,0,0.0,0.0,0.0,0,0.0,0.0,0.0,0,0.0,0.0,0.0,3,0.0,0.0,0.0,11
xbrl-intu-2022-revenues-usd-0000896878-22-000028,hybrid,True,tables,0.0,0.0,0.0,4,0.0,0.0,0.0,7,0.0,0.0,0.0,8,0.0,0.0,0.0,8,0.0,0.0,0.0,9,0.0,0.0,0.0,9,0.0,0.0,0.0,9,0.0,0.0,0.0,14
xbrl-intu-2022-unrecognized-tax-benefits-increase-resulting-from-prior-period-tax-positions-usd-0000896878-22-000028,bm25,True,prose,0.0,0.0,0.0,2,0.0,0.0,0.0,3,0.0,0.0,0.0,3,0.0,0.0,0.0,4,0.0,0.0,0.0,4,0.0,0.0,0.0,4,0.0,0.0,0.0,5,0.0,0.0,0.0,6
xbrl-intu-2022-unrecognized-tax-benefits-increase-resulting-from-prior-period-tax-positions-usd-0000896878-22-000028,hybrid,True,prose,0.0,0.0,0.0,3,0.0,0.0,0.0,5,0.0,0.0,0.0,5,0.0,0.0,0.0,7,0.0,0.0,0.0,9,0.0,0.0,0.0,9,0.0,0.0,0.0,10,0.0,0.0,0.0,12
xbrl-intu-2022-other-liabilities-current-usd-0000896878-22-000028,bm25,True,tables,0.5,0.161,0.0769,3,0.5,0.2044,0.1429,4,0.5,0.2044,0.1429,6,0.5,0.2044,0.1429,7,0.5,0.2372,0.2,9,0.5,0.3066,0.3333,9,1.0,0.4723,0.3333,12,1.0,0.4838,0.3333,12
xbrl-intu-2022-other-liabilities-current-usd-0000896878-22-000028,hybrid,True,tables,1.0,0.3456,0.1111,8,1.0,0.4413,0.25,11,1.0,0.4685,0.25,13,1.0,0.4685,0.25,13,1.0,0.4685,0.25,13,1.0,0.4685,0.25,13,1.0,0.4825,0.25,16,1.0,0.5013,0.25,16
xbrl-intu-2022-proceeds-from-issuance-of-unsecured-debt-usd-0000896878-22-000028,bm25,True,tables,0.0,0.0,0.0,4,0.0,0.0,0.0,4,0.0,0.0,0.0,4,0.0,0.0,0.0,4,0.0,0.0,0.0,4,0.0,0.0,0.0,4,0.0,0.0,0.0,7,0.0,0.0,0.0,12
xbrl-intu-2022-proceeds-from-issuance-of-unsecured-debt-usd-0000896878-22-000028,hybrid,True,tables,0.0,0.0,0.0,4,0.0,0.0,0.0,6,0.0,0.0,0.0,10,0.0,0.0,0.0,12,0.0,0.0,0.0,14,0.0,0.0,0.0,14,0.0,0.0,0.0,15,0.0,0.0,0.0,16
xbrl-intu-2022-finite-lived-intangible-asset-expected-amortization-year-four-usd-0000896878-22-000028,bm25,True,tables,0.5,0.161,0.0769,1,0.5,0.1657,0.0833,1,0.5,0.1657,0.0833,1,0.5,0.1657,0.0833,1,0.5,0.171,0.0909,1,0.5,0.1772,0.1,2,0.5,0.2372,0.2,3,0.5,0.3066,0.3333,6
xbrl-intu-2022-finite-lived-intangible-asset-expected-amortization-year-four-usd-0000896878-22-000028,hybrid,True,tables,0.5,0.1846,0.1111,2,0.5,0.2641,0.25,3,0.5,0.3869,0.5,7,0.5,0.3869,0.5,9,0.5,0.6131,1.0,10,0.5,0.6131,1.0,10,0.5,0.6131,1.0,11,0.5,0.6131,1.0,12
xbrl-intu-2022-contract-with-customer-liability-noncurrent-usd-0000896878-22-000028,bm25,True,prose,0.0,0.0,0.0,0,0.0,0.0,0.0,0,0.0,0.0,0.0,0,0.0,0.0,0.0,0,0.0,0.0,0.0,0,0.0,0.0,0.0,2,0.0,0.0,0.0,2,0.0,0.0,0.0,4
xbrl-intu-2022-contract-with-customer-liability-noncurrent-usd-0000896878-22-000028,hybrid,True,prose,0.0,0.0,0.0,2,0.0,0.0,0.0,6,0.0,0.0,0.0,7,0.0,0.0,0.0,8,0.0,0.0,0.0,8,0.0,0.0,0.0,8,0.0,0.0,0.0,9,0.0,0.0,0.0,12
xbrl-intu-2022-purchase-obligation-to-be-paid-year-one-usd-0000896878-22-000028,bm25,True,tables,0.0,0.0,0.0,0,0.0,0.0,0.0,0,0.0,0.0,0.0,0,0.0,0.0,0.0,0,0.0,0.0,0.0,0,0.0,0.0,0.0,0,0.0,0.0,0.0,1,0.5,0.2184,0.1667,7
xbrl-intu-2022-purchase-obligation-to-be-paid-year-one-usd-0000896878-22-000028,hybrid,True,tables,0.5,0.1569,0.0714,1,0.5,0.1934,0.125,5,1.0,0.4566,0.3333,8,1.0,0.4566,0.3333,9,1.0,0.4566,0.3333,9,1.0,0.4566,0.3333,9,0.5,0.3869,0.5,9,0.5,0.6131,1.0,14
xbrl-intu-2022-goodwill-foreign-currency-translation-gain-loss-usd-0000896878-22-000028,bm25,True,prose,0.0,0.0,0.0,5,0.0,0.0,0.0,5,0.0,0.0,0.0,6,0.0,0.0,0.0,6,0.0,0.0,0.0,6,0.0,0.0,0.0,6,0.0,0.0,0.0,7,0.0,0.0,0.0,8
xbrl-intu-2022-goodwill-foreign-currency-translation-gain-loss-usd-0000896878-22-000028,hybrid,True,prose,0.0,0.0,0.0,5,0.0,0.0,0.0,6,0.0,0.0,0.0,7,0.0,0.0,0.0,9,0.0,0.0,0.0,10,0.0,0.0,0.0,11,0.0,0.0,0.0,12,0.0,0.0,0.0,15
xbrl-intu-2022-current-income-tax-expense-benefit-usd-0000896878-22-000028,bm25,True,both,0.0,0.0,0.0,2,0.0,0.0,0.0,3,0.0,0.0,0.0,3,0.0,0.0,0.0,3,0.0,0.0,0.0,4,0.0,0.0,0.0,5,0.0,0.0,0.0,6,0.0,0.0,0.0,14
xbrl-intu-2022-current-income-tax-expense-benefit-usd-0000896878-22-000028,hybrid,True,both,0.0,0.0,0.0,4,0.0,0.0,0.0,5,0.0,0.0,0.0,9,0.0,0.0,0.0,13,0.0,0.0,0.0,14,0.0,0.0,0.0,14,0.0,0.0,0.0,16,0.0,0.0,0.0,16
xbrl-intu-2022-share-based-payment-arrangement-noncash-expense-usd-0000896878-22-000028,bm25,True,tables,0.0,0.0,0.0,4,0.0,0.0,0.0,4,0.0,0.0,0.0,5,0.0,0.0,0.0,5,0.0,0.0,0.0,6,0.0,0.0,0.0,7,0.0,0.0,0.0,8,0.3333333333333333,0.1233,0.0769,12
xbrl-intu-2022-share-based-payment-arrangement-noncash-expense-usd-0000896878-22-000028,hybrid,True,tables,0.0,0.0,0.0,6,0.0,0.0,0.0,10,0.0,0.0,0.0,11,0.0,0.0,0.0,12,0.0,0.0,0.0,12,0.0,0.0,0.0,12,0.0,0.0,0.0,14,0.0,0.0,0.0,16
xbrl-intu-2022-contract-with-customer-liability-revenue-recognized-usd-0000896878-22-000028,bm25,True,both,0.5,0.6131,1.0,0,0.5,0.6131,1.0,0,0.5,0.6131,1.0,0,0.5,0.6131,1.0,0,0.5,0.6131,1.0,0,0.5,0.6131,1.0,0,0.5,0.6131,1.0,0,0.5,0.6131,1.0,3
xbrl-intu-2022-contract-with-customer-liability-revenue-recognized-usd-0000896878-22-000028,hybrid,True,both,0.5,0.6131,1.0,0,0.5,0.6131,1.0,5,0.5,0.6131,1.0,9,0.5,0.3066,0.3333,9,0.5,0.3066,0.3333,9,0.5,0.3066,0.3333,9,0.5,0.2641,0.25,9,0.5,0.2641,0.25,9
xbrl-intu-2023-assets-usd-0000896878-23-000034,bm25,True,tables,0.0,0.0,0.0,0,0.0,0.0,0.0,0,0.0,0.0,0.0,1,0.0,0.0,0.0,1,0.0,0.0,0.0,2,0.0,0.0,0.0,3,0.5,0.2372,0.2,4,0.5,0.2641,0.25,9
xbrl-intu-2023-assets-usd-0000896878-23-000034,hybrid,True,tables,0.5,0.1772,0.1,5,0.5,0.2641,0.25,7,0.5,0.3869,0.5,9,0.5,0.3869,0.5,9,0.5,0.3869,0.5,10,0.5,0.3066,0.3333,10,0.5,0.3869,0.5,13,0.5,0.2641,0.25,16
xbrl-intu-2023-income-loss-from-continuing-operations-before-income-taxes-domestic-usd-0000896878-23-000034,bm25,True,tables,0.0,0.0,0.0,4,0.0,0.0,0.0,4,0.0,0.0,0.0,4,0.0,0.0,0.0,5,0.0,0.0,0.0,6,0.0,0.0,0.0,7,0.0,0.0,0.0,8,0.0,0.0,0.0,13
xbrl-intu-2023-income-loss-from-continuing-operations-before-income-taxes-domestic-usd-0000896878-23-000034,hybrid,True,tables,0.0,0.0,0.0,4,0.0,0.0,0.0,7,0.0,0.0,0.0,10,0.0,0.0,0.0,12,0.0,0.0,0.0,13,0.0,0.0,0.0,14,0.0,0.0,0.0,16,0.0,0.0,0.0,16
xbrl-intu-2023-accounts-receivable-allowance-for-credit-loss-current-usd-0000896878-23-000034,bm25,True,both,0.0,0.0,0.0,4,0.0,0.0,0.0,4,0.0,0.0,0.0,5,0.0,0.0,0.0,5,0.0,0.0,0.0,5,0.0,0.0,0.0,7,0.0,0.0,0.0,8,0.5,0.1569,0.0714,10
xbrl-intu-2023-accounts-receivable-allowance-for-credit-loss-current-usd-0000896878-23-000034,hybrid,True,both,0.0,0.0,0.0,4,0.0,0.0,0.0,8,0.0,0.0,0.0,11,0.0,0.0,0.0,12,0.0,0.0,0.0,14,0.0,0.0,0.0,14,0.0,0.0,0.0,16,0.0,0.0,0.0,16
xbrl-intu-2023-deferred-tax-liabilities-property-plant-and-equipment-usd-0000896878-23-000034,bm25,True,tables,0.0,0.0,0.0,5,0.0,0.0,0.0,5,0.0,0.0,0.0,5,0.0,0.0,0.0,6,0.0,0.0,0.0,7,0.0,0.0,0.0,7,0.0,0.0,0.0,11,0.0,0.0,0.0,13
xbrl-intu-2023-deferred-tax-liabilities-property-plant-and-equipment-usd-0000896878-23-000034,hybrid,True,tables,0.0,0.0,0.0,6,0.0,0.0,0.0,8,0.0,0.0,0.0,11,0.0,0.0,0.0,11,0.0,0.0,0.0,13,0.0,0.0,0.0,13,0.0,0.0,0.0,14,0.0,0.0,0.0,16
xbrl-intu-2023-net-cash-provided-by-used-in-financing-activities-usd-0000896878-23-000034,bm25,True,tables,1.0,1.0,1.0,6,1.0,1.0,1.0,6,1.0,1.0,1.0,6,1.0,1.0,1.0,7,1.0,1.0,1.0,8,1.0,1.0,1.0,8,1.0,1.0,1.0,11,1.0,1.0,1.0,14
xbrl-intu-2023-net-cash-provided-by-used-in-financing-activities-usd-0000896878-23-000034,hybrid,True,tables,1.0,0.8503,1.0,6,1.0,0.9197,1.0,10,1.0,0.9197,1.0,12,1.0,0.9197,1.0,13,1.0,0.9197,1.0,13,1.0,0.9197,1.0,14,1.0,0.9197,1.0,16,1.0,0.9197,1.0,16
xbrl-intu-2023-effective-income-tax-rate-reconciliation-tax-credit-research-amount-usd-0000896878-23-000034,bm25,True,both,0.3333333333333333,0.2961,0.5,1,0.3333333333333333,0.2961,0.5,2,0.3333333333333333,0.2961,0.5,2,0.3333333333333333,0.2961,0.5,2,0.3333333333333333,0.2961,0.5,3,0.3333333333333333,0.2346,0.3333,3,0.3333333333333333,0.2346,0.3333,3,0.3333333333333333,0.1815,0.2,9
xbrl-intu-2023-effective-income-tax-rate-reconciliation-tax-credit-research-amount-usd-0000896878-23-000034,hybrid,True,both,0.3333333333333333,0.2961,0.5,3,0.3333333333333333,0.2021,0.25,7,0.3333333333333333,0.1413,0.1111,10,0.3333333333333333,0.1268,0.0833,11,0.3333333333333333,0.1268,0.0833,11,0.3333333333333333,0.1233,0.0769,12,0.3333333333333333,0.1148,0.0625,14,0.0,0.0,0.0,16
xbrl-intu-2023-stock-issued-during-period-shares-employee-stock-purchase-plans-shares-0000896878-23-000034,bm25,True,prose,1.0,0.6309,0.5,4,1.0,0.6309,0.5,4,1.0,0.6309,0.5,4,1.0,0.6309,0.5,4,1.0,0.6309,0.5,5,1.0,0.6309,0.5,5,1.0,0.3562,0.1667,6,1.0,0.3155,0.125,13
xbrl-intu-2023-stock-issued-during-period-shares-employee-stock-purchase-plans-shares-0000896878-23-000034,hybrid,True,prose,1.0,1.0,1.0,5,1.0,1.0,1.0,11,1.0,1.0,1.0,12,1.0,0.3333,0.1429,13,0.0,0.0,0.0,14,1.0,0.2447,0.0625,14,0.0,0.0,0.0,15,0.0,0.0,0.0,16
xbrl-intu-2023-payments-to-acquire-property-plant-and-equipment-usd-0000896878-23-000034,bm25,True,both,0.5,0.2044,0.1429,0,0.5,0.2044,0.1429,0,0.5,0.2044,0.1429,0,0.5,0.2044,0.1429,0,0.5,0.2044,0.1429,0,0.5,0.2044,0.1429,1,0.5,0.1846,0.1111,4,0.5,0.2372,0.2,11
xbrl-intu-2023-payments-to-acquire-property-plant-and-equipment-usd-0000896878-23-000034,hybrid,True,both,0.5,0.2184,0.1667,1,0.0,0.0,0.0,4,0.5,0.15,0.0625,7,0.5,0.1569,0.0714,8,0.5,0.2372,0.2,10,0.5,0.2044,0.1429,11,0.5,0.2044,0.1429,12,0.5,0.1934,0.125,16
xbrl-intu-2023-finite-lived-intangible-asset-expected-amortization-year-five-usd-0000896878-23-000034,bm25,True,tables,0.3333333333333333,0.1309,0.0909,1,0.3333333333333333,0.1413,0.1111,1,0.3333333333333333,0.1413,0.1111,1,0.3333333333333333,0.1413,0.1111,1,0.3333333333333333,0.1413,0.1111,1,0.3333333333333333,0.1564,0.1429,2,0.3333333333333333,0.1815,0.2,3,0.3333333333333333,0.2346,0.3333,8
xbrl-intu-2023-finite-lived-intangible-asset-expected-amortization-year-five-usd-0000896878-23-000034,hybrid,True,tables,0.3333333333333333,0.148,0.125,2,0.3333333333333333,0.2021,0.25,4,0.3333333333333333,0.2346,0.3333,7,0.3333333333333333,0.2961,0.5,9,0.3333333333333333,0.4693,1.0,11,0.3333333333333333,0.4693,1.0,11,0.3333333333333333,0.4693,1.0,12,0.3333333333333333,0.4693,1.0,13
xbrl-intu-2023-share-based-compensation-arrangement-by-share-based-payment-award-number-of-shares-available-for-grant-shares-0000896878-23-000034,bm25,True,both,0.0,0.0,0.0,3,0.0,0.0,0.0,4,0.0,0.0,0.0,4,0.3333333333333333,0.1173,0.0667,5,0.3333333333333333,0.1233,0.0769,6,0.3333333333333333,0.1233,0.0769,6,0.3333333333333333,0.1413,0.1111,6,0.3333333333333333,0.1815,0.2,12
xbrl-intu-2023-share-based-compensation-arrangement-by-share-based-payment-award-number-of-shares-available-for-grant-shares-0000896878-23-000034,hybrid,True,both,0.0,0.0,0.0,4,0.3333333333333333,0.1233,0.0769,6,0.3333333333333333,0.1413,0.1111,11,0.3333333333333333,0.1815,0.2,13,0.3333333333333333,0.1815,0.2,16,0.3333333333333333,0.1815,0.2,16,0.3333333333333333,0.1815,0.2,16,0.3333333333333333,0.1815,0.2,16
xbrl-intu-2023-proceeds-from-sale-of-debt-securities-available-for-sale-usd-0000896878-23-000034,bm25,True,tables,0.0,0.0,0.0,8,0.0,0.0,0.0,9,0.0,0.0,0.0,10,0.0,0.0,0.0,10,0.0,0.0,0.0,10,0.0,0.0,0.0,10,0.0,0.0,0.0,10,0.0,0.0,0.0,12
xbrl-intu-2023-proceeds-from-sale-of-debt-securities-available-for-sale-usd-0000896878-23-000034,hybrid,True,tables,0.0,0.0,0.0,8,0.0,0.0,0.0,11,0.0,0.0,0.0,12,0.0,0.0,0.0,12,0.0,0.0,0.0,13,0.0,0.0,0.0,13,0.0,0.0,0.0,16,0.0,0.0,0.0,16
xbrl-intu-2023-lessor-operating-lease-payment-to-be-received-year-five-usd-0000896878-23-000034,bm25,True,both,0.0,0.0,0.0,0,0.0,0.0,0.0,0,0.0,0.0,0.0,1,0.0,0.0,0.0,2,0.0,0.0,0.0,2,0.0,0.0,0.0,3,0.0,0.0,0.0,7,0.0,0.0,0.0,13
xbrl-intu-2023-lessor-operating-lease-payment-to-be-received-year-five-usd-0000896878-23-000034,hybrid,True,both,0.0,0.0,0.0,5,0.0,0.0,0.0,7,0.0,0.0,0.0,9,0.0,0.0,0.0,11,0.0,0.0,0.0,11,0.0,0.0,0.0,12,0.0,0.0,0.0,14,0.0,0.0,0.0,16
xbrl-intu-2023-operating-income-loss-usd-0000896878-23-000034,bm25,True,tables,0.0,0.0,0.0,1,0.0,0.0,0.0,1,0.0,0.0,0.0,1,0.0,0.0,0.0,2,0.0,0.0,0.0,2,0.0,0.0,0.0,2,0.0,0.0,0.0,5,0.0,0.0,0.0,10
xbrl-intu-2023-operating-income-loss-usd-0000896878-23-000034,hybrid,True,tables,0.0,0.0,0.0,5,0.0,0.0,0.0,7,0.0,0.0,0.0,9,0.0,0.0,0.0,10,0.0,0.0,0.0,10,0.0,0.0,0.0,11,0.6666666666666666,0.2893,0.125,14,1.0,0.4146,0.125,16
xbrl-intu-2023-deferred-tax-liabilities-gross-usd-0000896878-23-000034,bm25,True,tables,0.3333333333333333,0.1413,0.1111,3,0.3333333333333333,0.1564,0.1429,4,0.3333333333333333,0.1672,0.1667,6,0.3333333333333333,0.1672,0.1667,6,0.3333333333333333,0.2346,0.3333,7,0.3333333333333333,0.2346,0.3333,7,0.3333333333333333,0.2346,0.3333,11,0.3333333333333333,0.2346,0.3333,13
xbrl-intu-2023-deferred-tax-liabilities-gross-usd-0000896878-23-000034,hybrid,True,tables,0.3333333333333333,0.1672,0.1667,4,0.3333333333333333,0.2346,0.3333,8,0.3333333333333333,0.2346,0.3333,11,0.3333333333333333,0.2346,0.3333,14,0.3333333333333333,0.2961,0.5,16,0.3333333333333333,0.2961,0.5,16,0.3333333333333333,0.2961,0.5,16,0.3333333333333333,0.2961,0.5,16
xbrl-intu-2023-net-cash-provided-by-used-in-operating-activities-usd-0000896878-23-000034,bm25,True,tables,1.0,0.8316,1.0,5,1.0,0.8503,1.0,7,1.0,0.8503,1.0,7,1.0,0.8503,1.0,7,1.0,0.8772,1.0,8,1.0,0.8772,1.0,8,1.0,0.8772,1.0,11,1.0,0.8772,1.0,15
xbrl-intu-2023-net-cash-provided-by-used-in-operating-activities-usd-0000896878-23-000034,hybrid,True,tables,1.0,0.8772,1.0,8,1.0,0.9197,1.0,9,1.0,1.0,1.0,14,1.0,1.0,1.0,15,1.0,1.0,1.0,15,1.0,1.0,1.0,16,1.0,1.0,1.0,16,1.0,1.0,1.0,16
xbrl-intu-2023-accumulated-depreciation-depletion-and-amortization-property-plant-and-equipment-usd-0000896878-23-000034,bm25,True,both,1.0,0.7328,0.5,2,1.0,0.7328,0.5,2,1.0,0.7328,0.5,3,1.0,0.906,1.0,5,1.0,0.906,1.0,6,1.0,0.906,1.0,8,1.0,0.906,1.0,10,1.0,0.7566,1.0,13
xbrl-intu-2023-accumulated-depreciation-depletion-and-amortization-property-plant-and-equipment-usd-0000896878-23-000034,hybrid,True,both,0.6666666666666666,0.5307,0.5,5,0.6666666666666666,0.5307,0.5,8,1.0,0.824,1.0,10,1.0,0.7776,1.0,11,1.0,0.7406,1.0,12,1.0,0.7067,1.0,13,0.3333333333333333,0.4693,1.0,16,0.3333333333333333,0.4693,1.0,16
xbrl-intu-2023-share-based-compensation-arrangement-by-share-based-payment-award-equity-instruments-other-than-options-forfeited-in-period-shares-0000896878-23-000034,bm25,True,tables,0.0,0.0,0.0,5,0.0,0.0,0.0,5,0.0,0.0,0.0,5,0.0,0.0,0.0,5,0.0,0.0,0.0,6,0.0,0.0,0.0,6,0.0,0.0,0.0,9,0.0,0.0,0.0,13
xbrl-intu-2023-share-based-compensation-arrangement-by-share-based-payment-award-equity-instruments-other-than-options-forfeited-in-period-shares-0000896878-23-000034,hybrid,True,tables,0.0,0.0,0.0,5,0.0,0.0,0.0,7,0.0,0.0,0.0,11,0.0,0.0,0.0,13,0.0,0.0,0.0,15,0.0,0.0,0.0,16,0.0,0.0,0.0,16,0.0,0.0,0.0,16
xbrl-intu-2023-share-based-payment-arrangement-noncash-expense-usd-0000896878-23-000034,bm25,True,tables,0.0,0.0,0.0,3,0.3333333333333333,0.1201,0.0714,4,0.3333333333333333,0.1268,0.0833,5,0.3333333333333333,0.1357,0.1,5,0.3333333333333333,0.1357,0.1,6,0.3333333333333333,0.148,0.125,6,0.6666666666666666,0.3124,0.2,8,1.0,0.4854,0.25,11
xbrl-intu-2023-share-based-payment-arrangement-noncash-expense-usd-0000896878-23-000034,hybrid,True,tables,0.6666666666666666,0.2505,0.1,6,0.6666666666666666,0.338,0.2,9,0.6666666666666666,0.3585,0.25,11,0.6666666666666666,0.3693,0.25,11,0.6666666666666666,0.3487,0.2,11,0.6666666666666666,0.3693,0.25,11,0.6666666666666666,0.3693,0.25,14,0.6666666666666666,0.3585,0.25,16
xbrl-intu-2023-lease-cost-usd-0000896878-23-000034,bm25,True,tables,0.5,0.2641,0.25,5,0.5,0.2641,0.25,7,0.5,0.2641,0.25,8,0.5,0.2641,0.25,8,0.5,0.3066,0.3333,8,0.5,0.3869,0.5,9,0.5,0.6131,1.0,12,0.5,0.6131,1.0,13
xbrl-intu-2023-lease-cost-usd-0000896878-23-000034,hybrid,True,tables,0.5,0.6131,1.0,9,0.5,0.6131,1.0,11,0.5,0.6131,1.0,12,0.5,0.6131,1.0,12,0.5,0.6131,1.0,13,0.5,0.6131,1.0,13,0.5,0.6131,1.0,15,0.5,0.6131,1.0,16
xbrl-intu-2023-other-liabilities-noncurrent-usd-0000896878-23-000034,bm25,True,tables,0.0,0.0,0.0,3,0.0,0.0,0.0,3,0.0,0.0,0.0,4,0.0,0.0,0.0,4,0.0,0.0,0.0,4,0.0,0.0,0.0,4,0.0,0.0,0.0,5,0.5,0.2044,0.1429,12
xbrl-intu-2023-other-liabilities-noncurrent-usd-0000896878-23-000034,hybrid,True,tables,0.0,0.0,0.0,2,0.0,0.0,0.0,8,0.0,0.0,0.0,10,0.0,0.0,0.0,11,0.5,0.2372,0.2,11,0.5,0.2044,0.1429,12,0.5,0.1934,0.125,13,0.5,0.2184,0.1667,16
xbrl-intu-2024-common-stock-shares-outstanding-shares-0000896878-24-000039,bm25,True,tables,0.5,0.2044,0.1429,2,0.5,0.2184,0.1667,3,0.5,0.2372,0.2,3,0.5,0.2641,0.25,3,0.5,0.2641,0.25,3,0.5,0.3869,0.5,3,0.5,0.3869,0.5,6,1.0,0.5479,0.5,11
xbrl-intu-2024-common-stock-shares-outstanding-shares-0000896878-24-000039,hybrid,True,tables,0.5,0.2184,0.1667,8,1.0,0.421,0.25,12,1.0,0.4351,0.25,13,1.0,0.4723,0.3333,14,1.0,0.4776,0.3333,14,1.0,0.4723,0.3333,14,1.0,0.4251,0.25,16,1.0,0.4351,0.25,16
xbrl-intu-2024-lessee-operating-lease-liability-to-be-paid-year-three-usd-0000896878-24-000039,bm25,True,tables,0.0,0.0,0.0,1,0.0,0.0,0.0,2,0.0,0.0,0.0,2,0.0,0.0,0.0,2,0.0,0.0,0.0,2,0.0,0.0,0.0,3,0.0,0.0,0.0,9,0.0,0.0,0.0,12
xbrl-intu-2024-lessee-operating-lease-liability-to-be-paid-year-three-usd-0000896878-24-000039,hybrid,True,tables,0.0,0.0,0.0,4,0.0,0.0,0.0,7,0.0,0.0,0.0,8,0.0,0.0,0.0,9,0.0,0.0,0.0,9,0.0,0.0,0.0,10,0.0,0.0,0.0,12,0.0,0.0,0.0,14
xbrl-intu-2024-liabilities-usd-0000896878-24-000039,bm25,True,tables,0.0,0.0,0.0,3,0.0,0.0,0.0,3,0.0,0.0,0.0,3,0.0,0.0,0.0,4,0.0,0.0,0.0,4,0.0,0.0,0.0,4,0.0,0.0,0.0,5,1.0,0.3333,0.1429,13
xbrl-intu-2024-liabilities-usd-0000896878-24-000039,hybrid,True,tables,0.0,0.0,0.0,4,0.0,0.0,0.0,6,0.0,0.0,0.0,10,0.0,0.0,0.0,11,1.0,0.4307,0.25,11,1.0,0.3869,0.2,11,1.0,0.3869,0.2,12,1.0,0.3869,0.2,16
xbrl-intu-2024-oci-debt-securities-available-for-sale-unrealized-holding-gain-loss-before-adjustment-and-tax-usd-0000896878-24-000039,bm25,True,both,0.0,0.0,0.0,5,0.0,0.0,0.0,5,0.0,0.0,0.0,5,0.0,0.0,0.0,6,0.0,0.0,0.0,7,0.0,0.0,0.0,7,0.0,0.0,0.0,10,0.0,0.0,0.0,11
xbrl-intu-2024-oci-debt-securities-available-for-sale-unrealized-holding-gain-loss-before-adjustment-and-tax-usd-0000896878-24-000039,hybrid,True,both,0.0,0.0,0.0,6,0.0,0.0,0.0,8,0.0,0.0,0.0,11,0.0,0.0,0.0,12,0.0,0.0,0.0,12,0.0,0.0,0.0,13,0.0,0.0,0.0,16,0.0,0.0,0.0,16
xbrl-intu-2024-operating-lease-liability-usd-0000896878-24-000039,bm25,True,both,0.6666666666666666,0.4229,0.5,5,0.6666666666666666,0.4229,0.5,6,1.0,0.5443,0.5,7,1.0,0.5518,0.5,9,1.0,0.555,0.5,9,1.0,0.4935,0.3333,10,1.0,0.4811,0.25,11,1.0,0.4612,0.2,12
xbrl-intu-2024-operating-lease-liability-usd-0000896878-24-000039,hybrid,True,both,1.0,0.7777,1.0,8,1.0,0.5989,0.5,11,1.0,0.6462,0.5,12,1.0,0.5932,0.3333,13,1.0,0.5582,0.3333,15,0.6666666666666666,0.4018,0.3333,16,0.6666666666666666,0.4018,0.3333,16,0.6666666666666666,0.4018,0.3333,16
xbrl-intu-2024-lessee-operating-lease-liability-to-be-paid-after-year-five-usd-0000896878-24-000039,bm25,True,tables,0.0,0.0,0.0,1,0.0,0.0,0.0,2,0.0,0.0,0.0,2,0.0,0.0,0.0,2,0.0,0.0,0.0,3,0.0,0.0,0.0,3,0.3333333333333333,0.1413,0.1111,7,0.3333333333333333,0.1672,0.1667,12
xbrl-intu-2024-lessee-operating-lease-liability-to-be-paid-after-year-five-usd-0000896878-24-000039,hybrid,True,tables,0.3333333333333333,0.1148,0.0625,4,0.3333333333333333,0.1564,0.1429,6,0.3333333333333333,0.1672,0.1667,7,0.6666666666666666,0.3169,0.25,10,0.3333333333333333,0.2346,0.3333,10,0.6666666666666666,0.3494,0.3333,11,0.3333333333333333,0.2346,0.3333,14,0.3333333333333333,0.2346,0.3333,16
xbrl-intu-2024-accounts-receivable-allowance-for-credit-loss-current-usd-0000896878-24-000039,bm25,True,prose,0.0,0.0,0.0,3,0.0,0.0,0.0,3,0.0,0.0,0.0,4,0.0,0.0,0.0,5,0.0,0.0,0.0,5,0.0,0.0,0.0,5,0.0,0.0,0.0,7,0.0,0.0,0.0,9
xbrl-intu-2024-accounts-receivable-allowance-for-credit-loss-current-usd-0000896878-24-000039,hybrid,True,prose,0.0,0.0,0.0,2,0.0,0.0,0.0,6,0.0,0.0,0.0,11,0.0,0.0,0.0,12,0.0,0.0,0.0,12,0.0,0.0,0.0,12,0.0,0.0,0.0,14,0.0,0.0,0.0,15
xbrl-intu-2024-effective-income-tax-rate-reconciliation-tax-expense-benefit-share-based-payment-arrangement-amount-usd-0000896878-24-000039,bm25,True,prose,1.0,0.2891,0.1,5,1.0,0.2789,0.0909,5,1.0,0.2702,0.0833,5,1.0,0.2626,0.0769,5,1.0,0.2626,0.0769,5,1.0,0.2626,0.0769,5,1.0,0.2626,0.0769,5,0.0,0.0,0.0,9
xbrl-intu-2024-effective-income-tax-rate-reconciliation-tax-expense-benefit-share-based-payment-arrangement-amount-usd-0000896878-24-000039,hybrid,True,prose,1.0,0.4307,0.25,6,1.0,0.3562,0.1667,7,1.0,0.3333,0.1429,9,1.0,0.301,0.1111,10,0.0,0.0,0.0,11,0.0,0.0,0.0,12,0.0,0.0,0.0,15,0.0,0.0,0.0,16
xbrl-intu-2024-net-cash-provided-by-used-in-operating-activities-usd-0000896878-24-000039,bm25,True,tables,1.0,0.8066,1.0,5,1.0,0.8175,1.0,6,1.0,0.8316,1.0,7,1.0,0.8503,1.0,7,1.0,0.8503,1.0,8,1.0,0.8503,1.0,8,1.0,0.8503,1.0,11,1.0,0.8503,1.0,14
xbrl-intu-2024-net-cash-provided-by-used-in-operating-activities-usd-0000896878-24-000039,hybrid,True,tables,1.0,0.8772,1.0,8,1.0,0.9197,1.0,10,1.0,1.0,1.0,14,1.0,1.0,1.0,15,1.0,1.0,1.0,15,1.0,1.0,1.0,15,1.0,1.0,1.0,16,1.0,1.0,1.0,16
xbrl-intu-2024-leasehold-improvements-gross-usd-0000896878-24-000039,bm25,True,tables,1.0,0.6309,0.5,1,1.0,0.6309,0.5,1,1.0,1.0,1.0,1,1.0,1.0,1.0,1,1.0,1.0,1.0,1,1.0,1.0,1.0,1,1.0,1.0,1.0,3,1.0,1.0,1.0,11
xbrl-intu-2024-leasehold-improvements-gross-usd-0000896878-24-000039,hybrid,True,tables,1.0,1.0,1.0,2,1.0,1.0,1.0,6,1.0,1.0,1.0,8,1.0,1.0,1.0,9,1.0,1.0,1.0,9,1.0,1.0,1.0,10,1.0,1.0,1.0,11,1.0,1.0,1.0,14
xbrl-intu-2024-increase-decrease-in-operating-capital-usd-0000896878-24-000039,bm25,True,tables,0.0,0.0,0.0,1,0.0,0.0,0.0,1,0.0,0.0,0.0,1,0.0,0.0,0.0,2,0.0,0.0,0.0,2,0.0,0.0,0.0,3,0.0,0.0,0.0,6,0.5,0.1772,0.1,11
xbrl-intu-2024-increase-decrease-in-operating-capital-usd-0000896878-24-000039,hybrid,True,tables,0.0,0.0,0.0,3,0.0,0.0,0.0,7,0.0,0.0,0.0,9,0.0,0.0,0.0,10,0.5,0.2184,0.1667,10,0.5,0.2184,0.1667,10,0.5,0.2184,0.1667,13,0.5,0.2184,0.1667,16
xbrl-intu-2024-restructuring-charges-usd-0000896878-24-000039,bm25,True,prose,1.0,0.7414,1.0,1,1.0,0.7414,1.0,1,1.0,0.7414,1.0,1,1.0,0.7414,1.0,1,1.0,0.7414,1.0,1,1.0,0.7414,1.0,1,1.0,0.7374,1.0,4,0.6666666666666666,0.4229,0.5,7
xbrl-intu-2024-restructuring-charges-usd-0000896878-24-000039,hybrid,True,prose,0.6666666666666666,0.4632,0.5,2,1.0,0.5834,0.5,5,0.6666666666666666,0.3487,0.2,8,0.6666666666666666,0.282,0.1667,8,0.3333333333333333,0.1672,0.1667,9,0.3333333333333333,0.1815,0.2,9,0.3333333333333333,0.1357,0.1,11,0.3333333333333333,0.1173,0.0667,14
xbrl-intu-2024-net-cash-provided-by-used-in-investing-activities-usd-0000896878-24-000039,bm25,True,both,0.6666666666666666,0.6049,1.0,6,0.6666666666666666,0.6049,1.0,6,0.6666666666666666,0.6049,1.0,7,0.6666666666666666,0.6049,1.0,7,0.6666666666666666,0.6049,1.0,8,0.6666666666666666,0.6049,1.0,8,0.6666666666666666,0.5961,1.0,11,0.3333333333333333,0.4693,1.0,14
xbrl-intu-2024-net-cash-provided-by-used-in-investing-activities-usd-0000896878-24-000039,hybrid,True,both,0.6666666666666666,0.5925,1.0,6,0.3333333333333333,0.4693,1.0,11,0.3333333333333333,0.4693,1.0,14,0.3333333333333333,0.4693,1.0,14,0.3333333333333333,0.4693,1.0,14,0.3333333333333333,0.4693,1.0,15,0.3333333333333333,0.4693,1.0,16,0.3333333333333333,0.4693,1.0,16
xbrl-intu-2024-lessee-operating-lease-liability-undiscounted-excess-amount-usd-0000896878-24-000039,bm25,True,tables,0.0,0.0,0.0,5,0.0,0.0,0.0,6,0.0,0.0,0.0,7,0.0,0.0,0.0,7,0.0,0.0,0.0,7,0.0,0.0,0.0,8,0.0,0.0,0.0,11,1.0,0.2702,0.0833,13
xbrl-intu-2024-lessee-operating-lease-liability-undiscounted-excess-amount-usd-0000896878-24-000039,hybrid,True,tables,0.0,0.0,0.0,8,0.0,0.0,0.0,10,0.0,0.0,0.0,10,0.0,0.0,0.0,10,0.0,0.0,0.0,10,0.0,0.0,0.0,11,0.0,0.0,0.0,14,0.0,0.0,0.0,16
xbrl-intu-2024-amortization-usd-0000896878-24-000039,bm25,True,tables,0.0,0.0,0.0,1,0.0,0.0,0.0,1,0.0,0.0,0.0,1,0.0,0.0,0.0,1,0.0,0.0,0.0,2,0.0,0.0,0.0,3,0.0,0.0,0.0,3,0.0,0.0,0.0,12
xbrl-intu-2024-amortization-usd-0000896878-24-000039,hybrid,True,tables,0.0,0.0,0.0,3,0.0,0.0,0.0,5,0.3333333333333333,0.1233,0.0769,7,0.3333333333333333,0.1268,0.0833,8,0.3333333333333333,0.1309,0.0909,8,0.3333333333333333,0.1268,0.0833,9,0.3333333333333333,0.1672,0.1667,11,0.3333333333333333,0.1815,0.2,16
xbrl-intu-2024-share-based-compensation-arrangement-by-share-based-payment-award-equity-instruments-other-than-options-grants-in-period-shares-0000896878-24-000039,bm25,True,tables,0.0,0.0,0.0,4,0.0,0.0,0.0,4,0.0,0.0,0.0,4,0.0,0.0,0.0,4,0.0,0.0,0.0,5,0.0,0.0,0.0,6,0.0,0.0,0.0,9,0.0,0.0,0.0,15
xbrl-intu-2024-share-based-compensation-arrangement-by-share-based-payment-award-equity-instruments-other-than-options-grants-in-period-shares-0000896878-24-000039,hybrid,True,tables,0.0,0.0,0.0,3,0.0,0.0,0.0,5,0.0,0.0,0.0,11,0.0,0.0,0.0,13,0.0,0.0,0.0,15,0.0,0.0,0.0,16,0.0,0.0,0.0,16,0.0,0.0,0.0,16
xbrl-intu-2024-assets-current-usd-0000896878-24-000039,bm25,True,tables,1.0,0.5,0.3333,2,1.0,0.6309,0.5,2,1.0,0.6309,0.5,2,1.0,0.6309,0.5,3,1.0,0.6309,0.5,4,1.0,0.6309,0.5,5,1.0,0.6309,0.5,9,1.0,0.6309,0.5,10
xbrl-intu-2024-assets-current-usd-0000896878-24-000039,hybrid,True,tables,1.0,0.6309,0.5,7,1.0,1.0,1.0,11,1.0,1.0,1.0,12,1.0,1.0,1.0,12,1.0,0.6309,0.5,12,1.0,0.6309,0.5,12,1.0,0.4307,0.25,14,1.0,0.3869,0.2,16
xbrl-intu-2024-prepaid-expense-and-other-assets-current-usd-0000896878-24-000039,bm25,True,both,0.6666666666666666,0.7654,1.0,4,0.6666666666666666,0.7654,1.0,4,0.6666666666666666,0.7654,1.0,4,0.6666666666666666,0.7654,1.0,4,0.6666666666666666,0.7039,1.0,4,0.6666666666666666,0.6714,1.0,5,0.6666666666666666,0.6508,1.0,8,0.6666666666666666,0.6257,1.0,12
xbrl-intu-2024-prepaid-expense-and-other-assets-current-usd-0000896878-24-000039,hybrid,True,both,0.6666666666666666,0.4632,0.5,5,0.6666666666666666,0.4317,0.5,9,0.6666666666666666,0.4525,0.5,12,0.6666666666666666,0.4525,0.5,12,0.6666666666666666,0.4373,0.5,13,0.6666666666666666,0.427,0.5,13,0.6666666666666666,0.4193,0.5,13,0.3333333333333333,0.2961,0.5,16
xbrl-intu-2024-proceeds-issuance-of-shares-share-based-payment-arrangement-including-option-exercised-usd-0000896878-24-000039,bm25,True,both,0.0,0.0,0.0,6,0.0,0.0,0.0,6,0.0,0.0,0.0,6,0.5,0.1569,0.0714,9,0.5,0.1569,0.0714,9,0.5,0.1657,0.0833,9,0.5,0.1934,0.125,10,0.5,0.2044,0.1429,15
xbrl-intu-2024-proceeds-issuance-of-shares-share-based-payment-arrangement-including-option-exercised-usd-0000896878-24-000039,hybrid,True,both,0.0,0.0,0.0,6,0.0,0.0,0.0,11,0.0,0.0,0.0,14,0.0,0.0,0.0,15,0.0,0.0,0.0,16,0.0,0.0,0.0,16,0.0,0.0,0.0,16,0.0,0.0,0.0,16
xbrl-intu-2024-lessor-operating-lease-payment-to-be-received-year-one-usd-0000896878-24-000039,bm25,True,both,0.0,0.0,0.0,0,0.0,0.0,0.0,1,0.0,0.0,0.0,2,0.0,0.0,0.0,2,0.0,0.0,0.0,2,0.0,0.0,0.0,3,0.0,0.0,0.0,5,0.0,0.0,0.0,13
xbrl-intu-2024-lessor-operating-lease-payment-to-be-received-year-one-usd-0000896878-24-000039,hybrid,True,both,0.5,0.1846,0.1111,4,0.0,0.0,0.0,6,0.0,0.0,0.0,8,0.0,0.0,0.0,8,0.0,0.0,0.0,10,0.0,0.0,0.0,10,0.5,0.1657,0.0833,13,0.5,0.161,0.0769,16
xbrl-intu-2025-preferred-stock-shares-authorized-shares-0000896878-25-000035,bm25,True,both,1.0,0.9675,1.0,2,1.0,0.9675,1.0,2,1.0,0.9469,1.0,2,1.0,0.8855,1.0,3,1.0,0.8855,1.0,4,1.0,0.8855,1.0,4,1.0,0.8855,1.0,6,1.0,0.8072,1.0,8
xbrl-intu-2025-preferred-stock-shares-authorized-shares-0000896878-25-000035,hybrid,True,both,0.6666666666666666,0.7654,1.0,3,0.6666666666666666,0.7654,1.0,7,0.6666666666666666,0.7039,1.0,10,0.6666666666666666,0.6364,1.0,14,0.6666666666666666,0.5866,1.0,15,0.6666666666666666,0.5841,1.0,15,0.3333333333333333,0.4693,1.0,16,0.3333333333333333,0.4693,1.0,16
xbrl-intu-2025-repayments-of-long-term-debt-usd-0000896878-25-000035,bm25,True,prose,0.0,0.0,0.0,5,0.0,0.0,0.0,6,0.0,0.0,0.0,7,0.0,0.0,0.0,7,0.0,0.0,0.0,7,0.0,0.0,0.0,7,0.0,0.0,0.0,9,0.0,0.0,0.0,14
xbrl-intu-2025-repayments-of-long-term-debt-usd-0000896878-25-000035,hybrid,True,prose,0.0,0.0,0.0,6,0.0,0.0,0.0,8,0.0,0.0,0.0,11,0.0,0.0,0.0,12,0.0,0.0,0.0,13,0.0,0.0,0.0,13,0.0,0.0,0.0,14,0.0,0.0,0.0,16
xbrl-intu-2025-accumulated-depreciation-depletion-and-amortization-property-plant-and-equipment-usd-0000896878-25-000035,bm25,True,both,1.0,0.9675,1.0,3,1.0,0.9675,1.0,3,1.0,0.9675,1.0,4,1.0,0.9675,1.0,4,1.0,0.9675,1.0,6,1.0,0.9675,1.0,6,1.0,0.9469,1.0,9,1.0,0.7921,1.0,13
xbrl-intu-2025-accumulated-depreciation-depletion-and-amortization-property-plant-and-equipment-usd-0000896878-25-000035,hybrid,True,both,1.0,0.7123,0.5,6,1.0,0.8711,1.0,8,1.0,0.7865,1.0,10,1.0,0.7317,1.0,11,1.0,0.7203,1.0,12,1.0,0.7134,1.0,13,0.6666666666666666,0.5841,1.0,15,0.3333333333333333,0.4693,1.0,16
xbrl-intu-2025-treasury-stock-value-usd-0000896878-25-000035,bm25,True,both,0.3333333333333333,0.148,0.125,4,0.3333333333333333,0.1564,0.1429,4,0.3333333333333333,0.1815,0.2,4,0.3333333333333333,0.2021,0.25,4,0.3333333333333333,0.2346,0.3333,4,0.3333333333333333,0.2346,0.3333,4,0.3333333333333333,0.2961,0.5,7,0.3333333333333333,0.2961,0.5,12
xbrl-intu-2025-treasury-stock-value-usd-0000896878-25-000035,hybrid,True,both,0.3333333333333333,0.1564,0.1429,6,0.3333333333333333,0.1815,0.2,10,0.3333333333333333,0.2021,0.25,10,0.3333333333333333,0.2346,0.3333,11,0.3333333333333333,0.2346,0.3333,13,0.3333333333333333,0.2346,0.3333,14,0.3333333333333333,0.2346,0.3333,14,0.3333333333333333,0.2346,0.3333,15
xbrl-intu-2025-effective-income-tax-rate-reconciliation-at-federal-statutory-income-tax-rate-amount-usd-0000896878-25-000035,bm25,True,tables,0.5,0.2184,0.1667,1,0.5,0.2184,0.1667,1,0.5,0.2372,0.2,1,0.5,0.2372,0.2,1,0.5,0.2372,0.2,1,0.5,0.2372,0.2,1,0.5,0.3066,0.3333,3,0.5,0.6131,1.0,7
xbrl-intu-2025-effective-income-tax-rate-reconciliation-at-federal-statutory-income-tax-rate-amount-usd-0000896878-25-000035,hybrid,True,tables,0.5,0.2184,0.1667,2,0.5,0.2372,0.2,4,0.5,0.3869,0.5,7,0.5,0.6131,1.0,9,0.5,0.6131,1.0,9,0.5,0.6131,1.0,10,0.5,0.6131,1.0,11,0.5,0.6131,1.0,16
xbrl-intu-2025-long-term-debt-maturity-year-four-usd-0000896878-25-000035,bm25,True,prose,1.0,1.0,1.0,3,1.0,1.0,1.0,4,1.0,1.0,1.0,5,1.0,1.0,1.0,5,1.0,1.0,1.0,6,1.0,1.0,1.0,7,1.0,0.4307,0.25,7,1.0,0.3155,0.125,15
xbrl-intu-2025-long-term-debt-maturity-year-four-usd-0000896878-25-000035,hybrid,True,prose,1.0,1.0,1.0,6,1.0,0.5,0.3333,9,1.0,0.2789,0.0909,11,1.0,0.2789,0.0909,12,1.0,0.2702,0.0833,12,1.0,0.2626,0.0769,14,1.0,0.2626,0.0769,15,0.0,0.0,0.0,16
xbrl-intu-2025-unrecorded-unconditional-purchase-obligation-usd-0000896878-25-000035,bm25,True,both,0.6666666666666666,0.2713,0.125,0,0.6666666666666666,0.2713,0.125,0,0.6666666666666666,0.2713,0.125,0,0.6666666666666666,0.2713,0.125,0,0.6666666666666666,0.2713,0.125,0,0.6666666666666666,0.2713,0.125,1,0.6666666666666666,0.2614,0.1111,1,0.0,0.0,0.0,9
xbrl-intu-2025-unrecorded-unconditional-purchase-obligation-usd-0000896878-25-000035,hybrid,True,both,0.3333333333333333,0.2961,0.5,1,0.3333333333333333,0.2961,0.5,1,0.3333333333333333,0.2961,0.5,5,0.3333333333333333,0.2961,0.5,7,0.3333333333333333,0.1173,0.0667,8,0.3333333333333333,0.1148,0.0625,8,0.0,0.0,0.0,10,0.3333333333333333,0.1268,0.0833,13
xbrl-intu-2025-deferred-tax-assets-tax-credit-carryforwards-research-usd-0000896878-25-000035,bm25,True,tables,1.0,0.5,0.3333,4,1.0,0.5,0.3333,4,1.0,0.5,0.3333,4,1.0,1.0,1.0,4,1.0,1.0,1.0,4,1.0,1.0,1.0,4,1.0,1.0,1.0,6,1.0,1.0,1.0,9
xbrl-intu-2025-deferred-tax-assets-tax-credit-carryforwards-research-usd-0000896878-25-000035,hybrid,True,tables,1.0,0.3562,0.1667,3,1.0,0.5,0.3333,4,1.0,1.0,1.0,4,1.0,1.0,1.0,8,1.0,1.0,1.0,11,1.0,1.0,1.0,11,1.0,1.0,1.0,13,1.0,1.0,1.0,16
xbrl-intu-2025-other-assets-noncurrent-usd-0000896878-25-000035,bm25,True,tables,0.5,0.1772,0.1,2,0.5,0.1846,0.1111,2,0.5,0.1934,0.125,4,0.5,0.2184,0.1667,4,0.5,0.2372,0.2,4,0.5,0.2372,0.2,4,0.5,0.3869,0.5,5,0.5,0.3869,0.5,11
xbrl-intu-2025-other-assets-noncurrent-usd-0000896878-25-000035,hybrid,True,tables,1.0,0.4599,0.3333,4,1.0,0.7842,1.0,8,1.0,0.8066,1.0,10,1.0,0.8066,1.0,11,1.0,0.7977,1.0,11,1.0,0.7977,1.0,11,1.0,0.7977,1.0,13,1.0,0.8503,1.0,15
xbrl-intu-2025-proceeds-from-sale-of-debt-securities-available-for-sale-usd-0000896878-25-000035,bm25,True,tables,0.0,0.0,0.0,6,0.0,0.0,0.0,7,0.0,0.0,0.0,8,0.0,0.0,0.0,9,0.0,0.0,0.0,9,0.0,0.0,0.0,10,0.0,0.0,0.0,13,0.0,0.0,0.0,14
xbrl-intu-2025-proceeds-from-sale-of-debt-securities-available-for-sale-usd-0000896878-25-000035,hybrid,True,tables,0.0,0.0,0.0,9,0.0,0.0,0.0,11,0.0,0.0,0.0,13,0.0,0.0,0.0,14,0.0,0.0,0.0,14,0.0,0.0,0.0,14,0.0,0.0,0.0,16,0.0,0.0,0.0,16
xbrl-intu-2025-operating-lease-liability-noncurrent-usd-0000896878-25-000035,bm25,True,both,0.0,0.0,0.0,8,0.0,0.0,0.0,8,0.0,0.0,0.0,10,0.0,0.0,0.0,10,0.0,0.0,0.0,10,0.0,0.0,0.0,10,0.0,0.0,0.0,12,0.0,0.0,0.0,13
xbrl-intu-2025-operating-lease-liability-noncurrent-usd-0000896878-25-000035,hybrid,True,both,0.0,0.0,0.0,7,0.0,0.0,0.0,11,0.0,0.0,0.0,11,0.3333333333333333,0.1148,0.0625,14,0.3333333333333333,0.1233,0.0769,14,0.3333333333333333,0.1268,0.0833,14,0.3333333333333333,0.1268,0.0833,14,0.3333333333333333,0.1268,0.0833,16
xbrl-intu-2025-debt-securities-available-for-sale-amortized-cost-maturity-allocated-and-single-maturity-date-year-one-usd-0000896878-25-000035,bm25,True,tables,1.0,0.4307,0.25,3,1.0,0.4307,0.25,4,1.0,0.4307,0.25,5,1.0,0.5,0.3333,5,1.0,0.5,0.3333,6,1.0,0.5,0.3333,6,1.0,0.6309,0.5,10,1.0,0.6309,0.5,13
xbrl-intu-2025-debt-securities-available-for-sale-amortized-cost-maturity-allocated-and-single-maturity-date-year-one-usd-0000896878-25-000035,hybrid,True,tables,1.0,1.0,1.0,6,1.0,0.6309,0.5,9,1.0,0.6309,0.5,9,1.0,1.0,1.0,12,1.0,1.0,1.0,12,1.0,1.0,1.0,12,1.0,0.6309,0.5,14,1.0,0.6309,0.5,15
xbrl-intu-2025-us-gaap-financingreceivableexcludingaccruedinterestafterallowanceforcreditlosscurrent-usd-0000896878-25-000035,bm25,False,tables,0.0,0.0,0.0,0,0.0,0.0,0.0,0,0.0,0.0,0.0,0,0.0,0.0,0.0,0,0.0,0.0,0.0,0,0.0,0.0,0.0,0,0.0,0.0,0.0,0,0.0,0.0,0.0,0
xbrl-intu-2025-us-gaap-financingreceivableexcludingaccruedinterestafterallowanceforcreditlosscurrent-usd-0000896878-25-000035,hybrid,False,tables,0.0,0.0,0.0,0,0.0,0.0,0.0,0,0.0,0.0,0.0,0,0.0,0.0,0.0,0,0.0,0.0,0.0,0,0.0,0.0,0.0,0,0.0,0.0,0.0,0,0.0,0.0,0.0,0
xbrl-intu-2025-operating-lease-liability-usd-0000896878-25-000035,bm25,True,both,0.6666666666666666,0.4109,0.5,8,0.6666666666666666,0.4109,0.5,8,0.6666666666666666,0.4193,0.5,10,0.6666666666666666,0.4229,0.5,10,0.6666666666666666,0.4229,0.5,10,0.6666666666666666,0.3615,0.3333,10,0.6666666666666666,0.333,0.25,12,0.6666666666666666,0.2749,0.125,13
xbrl-intu-2025-operating-lease-liability-usd-0000896878-25-000035,hybrid,True,both,0.6666666666666666,0.6105,1.0,7,0.6666666666666666,0.4317,0.5,10,0.6666666666666666,0.4373,0.5,11,0.6666666666666666,0.4018,0.3333,12,0.6666666666666666,0.3228,0.2,14,0.6666666666666666,0.2964,0.2,14,0.6666666666666666,0.2964,0.2,14,0.3333333333333333,0.1815,0.2,16
xbrl-intu-2025-deferred-compensation-liability-current-usd-0000896878-25-000035,bm25,True,both,0.0,0.0,0.0,3,0.0,0.0,0.0,4,0.0,0.0,0.0,6,0.0,0.0,0.0,6,0.0,0.0,0.0,6,0.0,0.0,0.0,7,0.0,0.0,0.0,8,0.0,0.0,0.0,13
xbrl-intu-2025-deferred-compensation-liability-current-usd-0000896878-25-000035,hybrid,True,both,0.3333333333333333,0.1309,0.0909,3,0.3333333333333333,0.1268,0.0833,8,0.6666666666666666,0.2374,0.0714,10,0.3333333333333333,0.1233,0.0769,13,0.3333333333333333,0.1309,0.0909,13,0.3333333333333333,0.1268,0.0833,14,0.3333333333333333,0.1201,0.0714,16,0.3333333333333333,0.1233,0.0769,16
xbrl-intu-2025-proceeds-from-stock-options-exercised-usd-0000896878-25-000035,bm25,True,tables,0.5,0.6131,1.0,5,1.0,0.7632,1.0,6,1.0,0.7632,1.0,6,1.0,0.7632,1.0,6,1.0,0.7632,1.0,6,1.0,0.7742,1.0,6,1.0,0.7904,1.0,6,1.0,0.8316,1.0,7
xbrl-intu-2025-proceeds-from-stock-options-exercised-usd-0000896878-25-000035,hybrid,True,tables,0.5,0.6131,1.0,5,0.5,0.6131,1.0,9,0.5,0.6131,1.0,11,0.5,0.6131,1.0,12,0.5,0.6131,1.0,12,0.5,0.6131,1.0,12,0.5,0.6131,1.0,12,1.0,0.7664,1.0,16
xbrl-intu-2025-long-term-debt-maturity-after-year-five-usd-0000896878-25-000035,bm25,True,tables,0.0,0.0,0.0,4,0.0,0.0,0.0,4,0.0,0.0,0.0,5,0.0,0.0,0.0,5,0.0,0.0,0.0,6,0.0,0.0,0.0,7,0.0,0.0,0.0,8,0.0,0.0,0.0,15
xbrl-intu-2025-long-term-debt-maturity-after-year-five-usd-0000896878-25-000035,hybrid,True,tables,0.0,0.0,0.0,5,0.0,0.0,0.0,8,0.0,0.0,0.0,11,0.0,0.0,0.0,12,0.0,0.0,0.0,12,0.0,0.0,0.0,13,0.0,0.0,0.0,15,0.0,0.0,0.0,16
xbrl-intu-2025-income-tax-expense-benefit-usd-0000896878-25-000035,bm25,True,tables,0.0,0.0,0.0,3,0.0,0.0,0.0,3,0.0,0.0,0.0,4,0.0,0.0,0.0,4,0.0,0.0,0.0,4,0.0,0.0,0.0,4,0.3333333333333333,0.1173,0.0667,5,0.3333333333333333,0.1564,0.1429,10
xbrl-intu-2025-income-tax-expense-benefit-usd-0000896878-25-000035,hybrid,True,tables,0.0,0.0,0.0,3,0.0,0.0,0.0,4,0.3333333333333333,0.1268,0.0833,8,0.3333333333333333,0.1564,0.1429,11,0.3333333333333333,0.1564,0.1429,12,0.3333333333333333,0.1564,0.1429,12,0.6666666666666666,0.2712,0.1429,14,1.0,0.4333,0.1429,16
xbrl-intu-2025-property-plant-and-equipment-gross-usd-0000896878-25-000035,bm25,True,tables,1.0,0.3754,0.1429,5,1.0,0.4218,0.2,5,1.0,0.4306,0.2,5,1.0,0.4825,0.25,5,1.0,0.4825,0.25,5,1.0,0.4825,0.25,5,1.0,0.6509,0.5,10,1.0,0.6934,0.5,14
xbrl-intu-2025-property-plant-and-equipment-gross-usd-0000896878-25-000035,hybrid,True,tables,1.0,0.7842,1.0,6,1.0,0.8316,1.0,8,1.0,0.8503,1.0,10,1.0,0.8503,1.0,11,1.0,0.8503,1.0,11,1.0,0.8503,1.0,12,1.0,0.8316,1.0,12,1.0,0.8316,1.0,14
xbrl-intu-2025-finite-lived-intangible-asset-expected-amortization-year-two-usd-0000896878-25-000035,bm25,True,both,0.0,0.0,0.0,1,0.0,0.0,0.0,1,0.0,0.0,0.0,1,0.0,0.0,0.0,1,0.0,0.0,0.0,1,0.0,0.0,0.0,2,0.0,0.0,0.0,5,0.0,0.0,0.0,8
xbrl-intu-2025-finite-lived-intangible-asset-expected-amortization-year-two-usd-0000896878-25-000035,hybrid,True,both,0.0,0.0,0.0,4,0.0,0.0,0.0,6,0.0,0.0,0.0,10,0.0,0.0,0.0,10,0.0,0.0,0.0,10,0.0,0.0,0.0,11,0.0,0.0,0.0,12,0.0,0.0,0.0,13
xbrl-meta-2021-intangible-assets-gross-excluding-goodwill-usd-0001326801-22-000018,bm25,True,tables,1.0,0.2626,0.0769,2,1.0,0.2789,0.0909,2,1.0,0.301,0.1111,2,1.0,0.3155,0.125,2,1.0,0.3155,0.125,2,1.0,0.3155,0.125,2,1.0,0.4307,0.25,4,1.0,0.5,0.3333,7
xbrl-meta-2021-intangible-assets-gross-excluding-goodwill-usd-0001326801-22-000018,hybrid,True,tables,1.0,0.2891,0.1,3,1.0,0.5,0.3333,8,1.0,0.5,0.3333,10,1.0,0.6309,0.5,10,1.0,0.6309,0.5,10,1.0,0.6309,0.5,10,1.0,0.6309,0.5,13,1.0,0.6309,0.5,14
xbrl-meta-2021-lessee-operating-lease-liability-to-be-paid-year-two-usd-0001326801-22-000018,bm25,True,tables,0.0,0.0,0.0,1,0.0,0.0,0.0,1,0.0,0.0,0.0,1,0.0,0.0,0.0,1,0.0,0.0,0.0,1,0.0,0.0,0.0,1,0.0,0.0,0.0,3,1.0,0.2891,0.1,8
xbrl-meta-2021-lessee-operating-lease-liability-to-be-paid-year-two-usd-0001326801-22-000018,hybrid,True,tables,1.0,0.2447,0.0625,2,1.0,0.2891,0.1,6,1.0,0.301,0.1111,6,1.0,0.3869,0.2,8,1.0,0.3562,0.1667,8,1.0,0.3869,0.2,9,1.0,0.4307,0.25,10,1.0,0.5,0.3333,12
xbrl-meta-2021-operating-lease-right-of-use-asset-usd-0001326801-22-000018,bm25,True,tables,1.0,0.2702,0.0833,5,1.0,0.2891,0.1,5,1.0,0.2891,0.1,5,1.0,0.2891,0.1,6,1.0,0.301,0.1111,6,1.0,0.3155,0.125,6,1.0,0.4307,0.25,7,1.0,0.4307,0.25,9
xbrl-meta-2021-operating-lease-right-of-use-asset-usd-0001326801-22-000018,hybrid,True,tables,1.0,0.2626,0.0769,6,1.0,0.2626,0.0769,8,1.0,0.3869,0.2,8,1.0,0.3562,0.1667,10,1.0,0.3562,0.1667,12,1.0,0.3562,0.1667,12,1.0,0.3869,0.2,12,1.0,0.3562,0.1667,14
xbrl-meta-2021-finite-lived-intangible-asset-expected-amortization-year-one-usd-0001326801-22-000018,bm25,True,tables,0.0,0.0,0.0,1,0.0,0.0,0.0,2,0.0,0.0,0.0,2,0.0,0.0,0.0,2,0.0,0.0,0.0,2,0.0,0.0,0.0,2,0.0,0.0,0.0,5,0.0,0.0,0.0,6
xbrl-meta-2021-finite-lived-intangible-asset-expected-amortization-year-one-usd-0001326801-22-000018,hybrid,True,tables,0.0,0.0,0.0,4,0.0,0.0,0.0,6,0.0,0.0,0.0,8,0.0,0.0,0.0,9,0.0,0.0,0.0,10,0.0,0.0,0.0,10,0.0,0.0,0.0,13,0.0,0.0,0.0,16
xbrl-meta-2021-deferred-tax-assets-tax-deferred-expense-reserves-and-accruals-accrued-liabilities-usd-0001326801-22-000018,bm25,True,tables,0.5,0.3869,0.5,6,0.5,0.6131,1.0,7,0.5,0.6131,1.0,7,0.5,0.6131,1.0,7,0.5,0.6131,1.0,7,0.5,0.6131,1.0,7,0.5,0.6131,1.0,8,0.5,0.6131,1.0,10
xbrl-meta-2021-deferred-tax-assets-tax-deferred-expense-reserves-and-accruals-accrued-liabilities-usd-0001326801-22-000018,hybrid,True,tables,0.5,0.3869,0.5,8,0.5,0.6131,1.0,8,0.5,0.6131,1.0,10,0.5,0.6131,1.0,11,0.5,0.6131,1.0,11,0.5,0.6131,1.0,12,0.5,0.6131,1.0,13,0.5,0.6131,1.0,15
xbrl-meta-2021-accrued-income-taxes-noncurrent-usd-0001326801-22-000018,bm25,True,tables,0.0,0.0,0.0,6,0.0,0.0,0.0,6,0.0,0.0,0.0,6,0.0,0.0,0.0,6,0.0,0.0,0.0,7,0.0,0.0,0.0,7,0.0,0.0,0.0,9,0.0,0.0,0.0,11
xbrl-meta-2021-accrued-income-taxes-noncurrent-usd-0001326801-22-000018,hybrid,True,tables,0.0,0.0,0.0,6,0.0,0.0,0.0,9,1.0,0.25,0.0667,11,1.0,0.25,0.0667,12,1.0,0.25,0.0667,12,0.0,0.0,0.0,14,1.0,0.2447,0.0625,15,0.0,0.0,0.0,16
xbrl-meta-2021-net-cash-provided-by-used-in-investing-activities-usd-0001326801-22-000018,bm25,True,tables,1.0,0.6241,0.5,6,1.0,0.6241,0.5,7,1.0,0.8772,1.0,7,1.0,0.8772,1.0,8,1.0,0.8772,1.0,8,1.0,0.8772,1.0,8,1.0,1.0,1.0,9,1.0,1.0,1.0,11
xbrl-meta-2021-net-cash-provided-by-used-in-investing-activities-usd-0001326801-22-000018,hybrid,True,tables,1.0,0.6934,0.5,8,1.0,0.6934,0.5,8,1.0,0.9197,1.0,10,1.0,1.0,1.0,10,1.0,1.0,1.0,11,1.0,1.0,1.0,11,1.0,1.0,1.0,12,1.0,1.0,1.0,15
xbrl-meta-2021-current-federal-tax-expense-benefit-usd-0001326801-22-000018,bm25,True,tables,1.0,1.0,1.0,2,1.0,1.0,1.0,2,1.0,1.0,1.0,2,1.0,1.0,1.0,2,1.0,1.0,1.0,2,1.0,1.0,1.0,2,1.0,1.0,1.0,3,1.0,1.0,1.0,5
xbrl-meta-2021-current-federal-tax-expense-benefit-usd-0001326801-22-000018,hybrid,True,tables,1.0,1.0,1.0,2,1.0,1.0,1.0,5,1.0,1.0,1.0,8,1.0,1.0,1.0,8,1.0,1.0,1.0,9,1.0,1.0,1.0,9,1.0,1.0,1.0,9,1.0,1.0,1.0,13
xbrl-meta-2021-liabilities-usd-0001326801-22-000018,bm25,True,tables,0.0,0.0,0.0,1,0.0,0.0,0.0,2,0.0,0.0,0.0,2,0.0,0.0,0.0,2,0.0,0.0,0.0,2,0.0,0.0,0.0,2,0.0,0.0,0.0,2,0.0,0.0,0.0,7
xbrl-meta-2021-liabilities-usd-0001326801-22-000018,hybrid,True,tables,0.0,0.0,0.0,5,0.0,0.0,0.0,9,0.0,0.0,0.0,9,0.0,0.0,0.0,9,0.0,0.0,0.0,9,0.0,0.0,0.0,10,0.0,0.0,0.0,11,1.0,0.2789,0.0909,15
xbrl-meta-2021-assets-current-usd-0001326801-22-000018,bm25,True,tables,0.0,0.0,0.0,1,0.0,0.0,0.0,1,1.0,0.2447,0.0625,2,1.0,0.2789,0.0909,3,1.0,0.3155,0.125,3,1.0,0.3333,0.1429,3,1.0,0.4307,0.25,6,1.0,0.6309,0.5,9
xbrl-meta-2021-assets-current-usd-0001326801-22-000018,hybrid,True,tables,1.0,0.4307,0.25,4,1.0,0.5,0.3333,8,1.0,1.0,1.0,10,1.0,1.0,1.0,10,1.0,1.0,1.0,10,1.0,1.0,1.0,11,1.0,1.0,1.0,12,1.0,0.6309,0.5,15
xbrl-meta-2021-operating-income-loss-usd-0001326801-22-000018,bm25,True,tables,0.0,0.0,0.0,1,0.0,0.0,0.0,1,0.0,0.0,0.0,4,0.0,0.0,0.0,5,0.0,0.0,0.0,5,0.0,0.0,0.0,5,0.0,0.0,0.0,7,0.6666666666666666,0.2349,0.0714,14
xbrl-meta-2021-operating-income-loss-usd-0001326801-22-000018,hybrid,True,tables,0.0,0.0,0.0,5,0.0,0.0,0.0,7,0.0,0.0,0.0,9,0.0,0.0,0.0,9,0.3333333333333333,0.2346,0.3333,10,0.6666666666666666,0.3836,0.25,13,0.6666666666666666,0.3836,0.25,14,0.6666666666666666,0.3836,0.25,16
xbrl-meta-2021-stock-repurchased-and-retired-during-period-value-usd-0001326801-22-000018,bm25,True,tables,0.0,0.0,0.0,0,0.0,0.0,0.0,0,0.0,0.0,0.0,0,0.0,0.0,0.0,0,0.0,0.0,0.0,0,0.0,0.0,0.0,0,0.0,0.0,0.0,5,0.0,0.0,0.0,10
xbrl-meta-2021-stock-repurchased-and-retired-during-period-value-usd-0001326801-22-000018,hybrid,True,tables,0.0,0.0,0.0,2,0.0,0.0,0.0,4,0.0,0.0,0.0,6,0.0,0.0,0.0,7,0.0,0.0,0.0,9,0.0,0.0,0.0,9,0.0,0.0,0.0,11,1.0,0.3562,0.1667,14
xbrl-meta-2021-income-loss-from-continuing-operations-before-income-taxes-domestic-usd-0001326801-22-000018,bm25,True,tables,1.0,1.0,1.0,4,1.0,1.0,1.0,4,1.0,1.0,1.0,4,1.0,1.0,1.0,4,1.0,1.0,1.0,4,1.0,1.0,1.0,5,1.0,1.0,1.0,8,1.0,1.0,1.0,14
xbrl-meta-2021-income-loss-from-continuing-operations-before-income-taxes-domestic-usd-0001326801-22-000018,hybrid,True,tables,1.0,1.0,1.0,7,1.0,1.0,1.0,9,1.0,1.0,1.0,12,1.0,1.0,1.0,13,1.0,1.0,1.0,14,1.0,1.0,1.0,14,1.0,1.0,1.0,15,1.0,1.0,1.0,16
xbrl-meta-2021-income-tax-expense-benefit-usd-0001326801-22-000018,bm25,True,tables,0.0,0.0,0.0,1,0.0,0.0,0.0,1,0.0,0.0,0.0,1,0.0,0.0,0.0,2,0.0,0.0,0.0,2,0.0,0.0,0.0,3,0.0,0.0,0.0,3,0.6666666666666666,0.294,0.1667,6
xbrl-meta-2021-income-tax-expense-benefit-usd-0001326801-22-000018,hybrid,True,tables,0.0,0.0,0.0,3,0.3333333333333333,0.1309,0.0909,4,0.6666666666666666,0.2712,0.1429,7,0.6666666666666666,0.2873,0.1667,8,0.6666666666666666,0.3289,0.25,9,1.0,0.5069,0.25,10,1.0,0.5401,0.25,14,1.0,0.5257,0.25,16
xbrl-meta-2021-deferred-tax-assets-gross-usd-0001326801-22-000018,bm25,True,tables,1.0,0.3869,0.2,3,1.0,0.3869,0.2,3,1.0,0.3869,0.2,4,1.0,0.3869,0.2,4,1.0,0.4307,0.25,4,1.0,0.5,0.3333,4,1.0,0.6309,0.5,7,1.0,0.6309,0.5,12
xbrl-meta-2021-deferred-tax-assets-gross-usd-0001326801-22-000018,hybrid,True,tables,1.0,0.4307,0.25,4,1.0,0.5,0.3333,6,1.0,0.6309,0.5,11,1.0,0.6309,0.5,12,1.0,0.6309,0.5,12,1.0,0.6309,0.5,12,1.0,0.6309,0.5,16,1.0,0.6309,0.5,16
xbrl-meta-2021-property-plant-and-equipment-and-finance-lease-right-of-use-asset-before-accumulated-depreciation-and-amortization-usd-0001326801-22-000018,bm25,True,tables,1.0,0.5,0.3333,5,1.0,0.6309,0.5,5,1.0,0.6309,0.5,5,1.0,0.6309,0.5,7,1.0,0.6309,0.5,7,1.0,1.0,1.0,8,1.0,1.0,1.0,10,1.0,1.0,1.0,12
xbrl-meta-2021-property-plant-and-equipment-and-finance-lease-right-of-use-asset-before-accumulated-depreciation-and-amortization-usd-0001326801-22-000018,hybrid,True,tables,1.0,0.4307,0.25,6,1.0,0.6309,0.5,7,1.0,0.6309,0.5,10,1.0,0.6309,0.5,12,1.0,0.6309,0.5,12,1.0,0.6309,0.5,12,1.0,0.6309,0.5,14,1.0,0.6309,0.5,16
xbrl-meta-2021-lessee-operating-lease-liability-to-be-paid-year-four-usd-0001326801-22-000018,bm25,True,tables,0.0,0.0,0.0,2,0.0,0.0,0.0,2,0.0,0.0,0.0,2,0.0,0.0,0.0,2,0.0,0.0,0.0,2,0.0,0.0,0.0,2,0.0,0.0,0.0,3,1.0,0.2891,0.1,8
xbrl-meta-2021-lessee-operating-lease-liability-to-be-paid-year-four-usd-0001326801-22-000018,hybrid,True,tables,0.0,0.0,0.0,3,1.0,0.2702,0.0833,7,1.0,0.2891,0.1,7,1.0,0.3155,0.125,8,1.0,0.3333,0.1429,8,1.0,0.3562,0.1667,9,1.0,0.4307,0.25,11,1.0,0.4307,0.25,12
xbrl-meta-2021-increase-decrease-in-accounts-payable-trade-usd-0001326801-22-000018,bm25,True,tables,0.0,0.0,0.0,1,0.0,0.0,0.0,1,0.0,0.0,0.0,1,0.0,0.0,0.0,1,0.0,0.0,0.0,1,0.0,0.0,0.0,1,1.0,0.4307,0.25,4,1.0,0.4307,0.25,5
xbrl-meta-2021-increase-decrease-in-accounts-payable-trade-usd-0001326801-22-000018,hybrid,True,tables,0.0,0.0,0.0,2,1.0,0.3155,0.125,8,1.0,0.6309,0.5,10,1.0,0.6309,0.5,10,1.0,0.6309,0.5,10,1.0,0.6309,0.5,10,1.0,0.6309,0.5,12,1.0,0.5,0.3333,14
xbrl-meta-2021-lease-cost-usd-0001326801-22-000018,bm25,True,tables,1.0,0.3869,0.2,2,1.0,0.4307,0.25,2,1.0,0.4307,0.25,2,1.0,0.5,0.3333,2,1.0,0.6309,0.5,2,1.0,1.0,1.0,3,1.0,1.0,1.0,7,1.0,1.0,1.0,9
xbrl-meta-2021-lease-cost-usd-0001326801-22-000018,hybrid,True,tables,1.0,0.6309,0.5,5,1.0,1.0,1.0,8,1.0,1.0,1.0,10,1.0,1.0,1.0,11,1.0,1.0,1.0,11,1.0,1.0,1.0,12,1.0,1.0,1.0,14,1.0,1.0,1.0,16
xbrl-meta-2021-payments-to-acquire-debt-securities-available-for-sale-usd-0001326801-22-000018,bm25,True,tables,0.0,0.0,0.0,0,0.0,0.0,0.0,0,0.0,0.0,0.0,0,0.0,0.0,0.0,1,0.0,0.0,0.0,2,0.0,0.0,0.0,3,0.0,0.0,0.0,3,0.0,0.0,0.0,6
xbrl-meta-2021-payments-to-acquire-debt-securities-available-for-sale-usd-0001326801-22-000018,hybrid,True,tables,0.0,0.0,0.0,0,1.0,0.2702,0.0833,7,1.0,0.301,0.1111,9,1.0,0.3155,0.125,9,1.0,0.3155,0.125,9,1.0,0.3155,0.125,9,1.0,0.3155,0.125,11,1.0,0.2891,0.1,12
xbrl-meta-2022-lessee-operating-lease-liability-to-be-paid-year-four-usd-0001326801-23-000013,bm25,True,tables,0.0,0.0,0.0,2,0.0,0.0,0.0,2,0.0,0.0,0.0,2,0.0,0.0,0.0,2,0.0,0.0,0.0,2,0.0,0.0,0.0,2,0.0,0.0,0.0,4,1.0,0.2789,0.0909,8
xbrl-meta-2022-lessee-operating-lease-liability-to-be-paid-year-four-usd-0001326801-23-000013,hybrid,True,tables,1.0,0.25,0.0667,4,1.0,0.301,0.1111,7,1.0,0.3155,0.125,9,1.0,0.3155,0.125,9,1.0,0.3869,0.2,9,1.0,0.3869,0.2,9,1.0,0.3869,0.2,10,1.0,0.4307,0.25,14
xbrl-meta-2022-increase-decrease-in-accrued-liabilities-usd-0001326801-23-000013,bm25,True,tables,0.0,0.0,0.0,1,1.0,0.2702,0.0833,2,1.0,0.2789,0.0909,2,1.0,0.2891,0.1,2,1.0,0.301,0.1111,3,1.0,0.301,0.1111,4,1.0,0.6309,0.5,6,1.0,0.6309,0.5,7
xbrl-meta-2022-increase-decrease-in-accrued-liabilities-usd-0001326801-23-000013,hybrid,True,tables,1.0,0.3869,0.2,5,1.0,0.6309,0.5,7,1.0,0.6309,0.5,9,1.0,0.6309,0.5,9,1.0,1.0,1.0,10,1.0,1.0,1.0,10,1.0,1.0,1.0,10,1.0,0.6309,0.5,13
xbrl-meta-2022-lessee-operating-lease-liability-to-be-paid-year-two-usd-0001326801-23-000013,bm25,True,tables,0.0,0.0,0.0,1,0.0,0.0,0.0,1,0.0,0.0,0.0,1,0.0,0.0,0.0,1,0.0,0.0,0.0,1,0.0,0.0,0.0,1,0.0,0.0,0.0,4,1.0,0.2789,0.0909,7
xbrl-meta-2022-lessee-operating-lease-liability-to-be-paid-year-two-usd-0001326801-23-000013,hybrid,True,tables,1.0,0.2447,0.0625,2,1.0,0.3155,0.125,6,1.0,0.3333,0.1429,8,1.0,0.3869,0.2,9,1.0,0.4307,0.25,9,1.0,0.3869,0.2,9,1.0,0.3869,0.2,10,1.0,0.5,0.3333,13
xbrl-meta-2022-deferred-tax-assets-net-usd-0001326801-23-000013,bm25,True,tables,1.0,0.5,0.3333,4,1.0,0.5,0.3333,4,1.0,0.5,0.3333,4,1.0,1.0,1.0,5,1.0,1.0,1.0,5,1.0,1.0,1.0,5,1.0,1.0,1.0,5,1.0,1.0,1.0,10
xbrl-meta-2022-deferred-tax-assets-net-usd-0001326801-23-000013,hybrid,True,tables,1.0,0.6309,0.5,5,1.0,0.6309,0.5,8,1.0,1.0,1.0,10,1.0,1.0,1.0,11,1.0,1.0,1.0,11,1.0,1.0,1.0,12,1.0,1.0,1.0,14,1.0,1.0,1.0,16
xbrl-meta-2022-other-noncash-income-expense-usd-0001326801-23-000013,bm25,True,tables,0.0,0.0,0.0,1,0.0,0.0,0.0,3,0.0,0.0,0.0,3,0.0,0.0,0.0,4,0.0,0.0,0.0,4,0.0,0.0,0.0,5,0.0,0.0,0.0,5,0.0,0.0,0.0,12
xbrl-meta-2022-other-noncash-income-expense-usd-0001326801-23-000013,hybrid,True,tables,0.0,0.0,0.0,8,0.0,0.0,0.0,9,0.0,0.0,0.0,10,0.0,0.0,0.0,11,0.0,0.0,0.0,12,0.0,0.0,0.0,13,0.0,0.0,0.0,14,0.0,0.0,0.0,16
xbrl-meta-2022-indefinite-lived-intangible-assets-excluding-goodwill-usd-0001326801-23-000013,bm25,True,tables,1.0,0.2702,0.0833,1,1.0,0.2789,0.0909,2,1.0,0.3155,0.125,2,1.0,0.3155,0.125,2,1.0,0.3155,0.125,2,1.0,0.3333,0.1429,2,1.0,0.3869,0.2,3,1.0,1.0,1.0,4
xbrl-meta-2022-indefinite-lived-intangible-assets-excluding-goodwill-usd-0001326801-23-000013,hybrid,True,tables,1.0,0.2789,0.0909,4,1.0,0.301,0.1111,4,1.0,0.4307,0.25,6,1.0,0.6309,0.5,9,1.0,1.0,1.0,10,1.0,1.0,1.0,11,1.0,1.0,1.0,12,1.0,1.0,1.0,13
xbrl-meta-2022-finance-lease-liability-to-be-paid-year-one-usd-0001326801-23-000013,bm25,True,tables,0.0,0.0,0.0,2,0.0,0.0,0.0,3,0.0,0.0,0.0,3,0.0,0.0,0.0,3,0.0,0.0,0.0,3,0.0,0.0,0.0,4,0.0,0.0,0.0,6,0.0,0.0,0.0,8
xbrl-meta-2022-finance-lease-liability-to-be-paid-year-one-usd-0001326801-23-000013,hybrid,True,tables,0.0,0.0,0.0,5,0.0,0.0,0.0,6,0.0,0.0,0.0,8,0.0,0.0,0.0,9,0.0,0.0,0.0,9,0.0,0.0,0.0,9,0.0,0.0,0.0,11,0.0,0.0,0.0,14
xbrl-meta-2022-restricted-cash-and-cash-equivalents-usd-0001326801-23-000013,bm25,True,tables,0.5,0.2044,0.1429,4,0.5,0.2184,0.1667,4,0.5,0.2184,0.1667,5,0.5,0.2372,0.2,5,0.5,0.2641,0.25,5,0.5,0.3066,0.3333,6,0.5,0.3066,0.3333,10,0.5,0.3066,0.3333,12
xbrl-meta-2022-restricted-cash-and-cash-equivalents-usd-0001326801-23-000013,hybrid,True,tables,0.5,0.2184,0.1667,7,0.5,0.3066,0.3333,9,0.5,0.3066,0.3333,13,0.5,0.3066,0.3333,14,0.5,0.3066,0.3333,14,0.5,0.3066,0.3333,16,1.0,0.4566,0.3333,16,1.0,0.4599,0.3333,16
xbrl-meta-2022-accrued-income-taxes-noncurrent-usd-0001326801-23-000013,bm25,True,tables,0.0,0.0,0.0,6,0.0,0.0,0.0,6,0.0,0.0,0.0,6,0.0,0.0,0.0,7,0.0,0.0,0.0,8,0.0,0.0,0.0,8,0.0,0.0,0.0,11,0.0,0.0,0.0,12
xbrl-meta-2022-accrued-income-taxes-noncurrent-usd-0001326801-23-000013,hybrid,True,tables,0.0,0.0,0.0,8,0.0,0.0,0.0,12,0.0,0.0,0.0,13,1.0,0.2447,0.0625,14,1.0,0.2447,0.0625,14,0.0,0.0,0.0,14,0.0,0.0,0.0,16,0.0,0.0,0.0,16
xbrl-meta-2022-current-income-tax-expense-benefit-usd-0001326801-23-000013,bm25,True,tables,1.0,0.5,0.3333,1,1.0,0.6309,0.5,1,1.0,0.6309,0.5,1,1.0,0.6309,0.5,2,1.0,1.0,1.0,2,1.0,1.0,1.0,3,1.0,1.0,1.0,8,1.0,1.0,1.0,11
xbrl-meta-2022-current-income-tax-expense-benefit-usd-0001326801-23-000013,hybrid,True,tables,1.0,1.0,1.0,6,1.0,1.0,1.0,8,1.0,1.0,1.0,11,1.0,1.0,1.0,12,1.0,1.0,1.0,13,1.0,1.0,1.0,13,1.0,1.0,1.0,16,1.0,1.0,1.0,16
xbrl-meta-2022-deferred-tax-assets-tax-credit-carryforwards-usd-0001326801-23-000013,bm25,True,tables,1.0,0.5,0.3333,3,1.0,0.6309,0.5,3,1.0,0.6309,0.5,3,1.0,0.6309,0.5,3,1.0,1.0,1.0,3,1.0,1.0,1.0,4,1.0,1.0,1.0,6,1.0,1.0,1.0,8
xbrl-meta-2022-deferred-tax-assets-tax-credit-carryforwards-usd-0001326801-23-000013,hybrid,True,tables,1.0,0.6309,0.5,3,1.0,1.0,1.0,6,1.0,1.0,1.0,9,1.0,1.0,1.0,10,1.0,1.0,1.0,11,1.0,1.0,1.0,12,1.0,1.0,1.0,12,1.0,1.0,1.0,13
xbrl-meta-2022-finance-lease-principal-payments-usd-0001326801-23-000013,bm25,True,both,1.0,0.7338,1.0,3,1.0,0.7406,1.0,4,1.0,0.7374,1.0,5,1.0,0.7512,1.0,6,0.6666666666666666,0.6364,1.0,7,0.6666666666666666,0.4632,0.5,7,0.6666666666666666,0.5307,0.5,8,0.6666666666666666,0.4441,0.5,8
xbrl-meta-2022-finance-lease-principal-payments-usd-0001326801-23-000013,hybrid,True,both,0.6666666666666666,0.6364,1.0,7,0.6666666666666666,0.6508,1.0,8,0.6666666666666666,0.5307,0.5,8,0.6666666666666666,0.4525,0.5,9,0.6666666666666666,0.4373,0.5,9,0.6666666666666666,0.4317,0.5,10,0.6666666666666666,0.427,0.5,12,0.6666666666666666,0.4162,0.5,13
xbrl-meta-2022-unrecognized-tax-benefits-decrease-resulting-from-prior-period-tax-positions-usd-0001326801-23-000013,bm25,True,tables,1.0,1.0,1.0,1,1.0,1.0,1.0,1,1.0,1.0,1.0,2,1.0,1.0,1.0,2,1.0,1.0,1.0,2,1.0,1.0,1.0,2,1.0,1.0,1.0,2,1.0,1.0,1.0,4
xbrl-meta-2022-unrecognized-tax-benefits-decrease-resulting-from-prior-period-tax-positions-usd-0001326801-23-000013,hybrid,True,tables,1.0,1.0,1.0,2,1.0,1.0,1.0,3,1.0,1.0,1.0,4,1.0,1.0,1.0,7,1.0,1.0,1.0,9,1.0,1.0,1.0,10,1.0,1.0,1.0,11,1.0,1.0,1.0,12
xbrl-meta-2022-finance-lease-liability-payment-due-usd-0001326801-23-000013,bm25,True,tables,1.0,0.2626,0.0769,5,1.0,0.2702,0.0833,5,1.0,0.2789,0.0909,5,1.0,0.2891,0.1,5,1.0,0.301,0.1111,6,1.0,0.3155,0.125,6,1.0,0.4307,0.25,6,1.0,0.4307,0.25,7
xbrl-meta-2022-finance-lease-liability-payment-due-usd-0001326801-23-000013,hybrid,True,tables,1.0,0.3562,0.1667,6,1.0,0.4307,0.25,8,1.0,0.5,0.3333,8,1.0,0.5,0.3333,10,1.0,0.5,0.3333,10,1.0,0.5,0.3333,10,1.0,0.5,0.3333,12,1.0,0.5,0.3333,14
xbrl-meta-2022-deferred-tax-assets-tax-deferred-expense-reserves-and-accruals-accrued-liabilities-usd-0001326801-23-000013,bm25,True,tables,1.0,0.5,0.3333,5,1.0,0.6309,0.5,5,1.0,1.0,1.0,6,1.0,1.0,1.0,6,1.0,1.0,1.0,6,1.0,1.0,1.0,6,1.0,1.0,1.0,8,1.0,1.0,1.0,11
xbrl-meta-2022-deferred-tax-assets-tax-deferred-expense-reserves-and-accruals-accrued-liabilities-usd-0001326801-23-000013,hybrid,True,tables,1.0,0.5,0.3333,7,1.0,1.0,1.0,8,1.0,1.0,1.0,11,1.0,1.0,1.0,11,1.0,1.0,1.0,11,1.0,1.0,1.0,12,1.0,1.0,1.0,15,1.0,1.0,1.0,16
xbrl-meta-2022-lessee-operating-lease-liability-to-be-paid-year-five-usd-0001326801-23-000013,bm25,True,tables,0.0,0.0,0.0,2,0.0,0.0,0.0,2,0.0,0.0,0.0,3,0.0,0.0,0.0,3,0.0,0.0,0.0,3,0.0,0.0,0.0,3,0.0,0.0,0.0,5,1.0,0.2789,0.0909,8
xbrl-meta-2022-lessee-operating-lease-liability-to-be-paid-year-five-usd-0001326801-23-000013,hybrid,True,tables,0.0,0.0,0.0,3,1.0,0.2891,0.1,7,1.0,0.301,0.1111,9,1.0,0.3333,0.1429,10,1.0,0.3562,0.1667,10,1.0,0.3562,0.1667,10,1.0,0.3562,0.1667,11,1.0,0.4307,0.25,14
xbrl-meta-2022-finite-lived-intangible-assets-gross-usd-0001326801-23-000013,bm25,True,tables,1.0,0.301,0.1111,2,1.0,0.3869,0.2,2,1.0,0.3869,0.2,3,1.0,0.4307,0.25,3,1.0,0.5,0.3333,3,1.0,0.5,0.3333,4,1.0,1.0,1.0,4,1.0,1.0,1.0,6
xbrl-meta-2022-finite-lived-intangible-assets-gross-usd-0001326801-23-000013,hybrid,True,tables,1.0,0.3562,0.1667,4,1.0,0.4307,0.25,6,1.0,0.6309,0.5,8,1.0,1.0,1.0,9,1.0,1.0,1.0,10,1.0,1.0,1.0,10,1.0,1.0,1.0,13,1.0,1.0,1.0,14
xbrl-meta-2022-proceeds-from-maturities-prepayments-and-calls-of-debt-securities-available-for-sale-usd-0001326801-23-000013,bm25,True,tables,0.0,0.0,0.0,1,0.0,0.0,0.0,1,0.0,0.0,0.0,1,1.0,0.2447,0.0625,3,1.0,0.256,0.0714,3,1.0,0.256,0.0714,5,1.0,0.3562,0.1667,5,1.0,0.5,0.3333,11
xbrl-meta-2022-proceeds-from-maturities-prepayments-and-calls-of-debt-securities-available-for-sale-usd-0001326801-23-000013,hybrid,True,tables,1.0,0.301,0.1111,2,1.0,0.4307,0.25,6,1.0,0.6309,0.5,8,1.0,0.6309,0.5,9,1.0,0.6309,0.5,11,1.0,0.6309,0.5,11,1.0,1.0,1.0,13,1.0,1.0,1.0,16
xbrl-meta-2022-general-and-administrative-expense-usd-0001326801-23-000013,bm25,True,tables,0.6666666666666666,0.4367,0.3333,4,0.6666666666666666,0.4367,0.3333,5,0.6666666666666666,0.4367,0.3333,6,0.6666666666666666,0.5307,0.5,6,1.0,0.6508,0.5,7,1.0,0.6664,0.5,7,1.0,0.6788,0.5,7,1.0,0.6871,0.5,8
xbrl-meta-2022-general-and-administrative-expense-usd-0001326801-23-000013,hybrid,True,tables,0.6666666666666666,0.3911,0.3333,6,1.0,0.5286,0.3333,8,1.0,0.7921,1.0,9,1.0,0.8127,1.0,11,1.0,0.8194,1.0,12,1.0,0.8278,1.0,12,1.0,0.8278,1.0,13,1.0,0.8194,1.0,16
xbrl-meta-2022-debt-securities-available-for-sale-unrealized-loss-position-usd-0001326801-23-000013,bm25,True,tables,0.0,0.0,0.0,1,1.0,0.25,0.0667,3,1.0,0.256,0.0714,3,1.0,0.2626,0.0769,3,1.0,0.2789,0.0909,4,1.0,0.301,0.1111,5,1.0,0.3869,0.2,5,1.0,0.4307,0.25,8
xbrl-meta-2022-debt-securities-available-for-sale-unrealized-loss-position-usd-0001326801-23-000013,hybrid,True,tables,1.0,0.301,0.1111,2,1.0,0.4307,0.25,5,1.0,0.6309,0.5,8,1.0,0.6309,0.5,10,1.0,0.6309,0.5,10,1.0,0.6309,0.5,11,1.0,0.6309,0.5,14,1.0,0.6309,0.5,15
xbrl-meta-2023-property-plant-and-equipment-and-finance-lease-right-of-use-asset-accumulated-depreciation-and-amortization-usd-0001326801-24-000012,bm25,True,tables,1.0,0.6309,0.5,4,1.0,0.6309,0.5,5,1.0,0.6309,0.5,5,1.0,0.6309,0.5,5,1.0,0.6309,0.5,6,1.0,1.0,1.0,6,1.0,1.0,1.0,9,1.0,1.0,1.0,14
xbrl-meta-2023-property-plant-and-equipment-and-finance-lease-right-of-use-asset-accumulated-depreciation-and-amortization-usd-0001326801-24-000012,hybrid,True,tables,1.0,0.5,0.3333,5,1.0,0.6309,0.5,7,1.0,0.6309,0.5,10,1.0,0.6309,0.5,11,1.0,0.6309,0.5,12,1.0,0.6309,0.5,13,1.0,0.6309,0.5,15,1.0,0.6309,0.5,16
xbrl-meta-2023-operating-income-loss-usd-0001326801-24-000012,bm25,True,tables,0.0,0.0,0.0,1,0.0,0.0,0.0,1,0.0,0.0,0.0,1,0.0,0.0,0.0,1,0.0,0.0,0.0,2,0.0,0.0,0.0,3,0.0,0.0,0.0,6,0.0,0.0,0.0,14
xbrl-meta-2023-operating-income-loss-usd-0001326801-24-000012,hybrid,True,tables,0.0,0.0,0.0,3,0.0,0.0,0.0,8,0.0,0.0,0.0,10,0.0,0.0,0.0,10,0.0,0.0,0.0,10,0.0,0.0,0.0,11,0.0,0.0,0.0,12,0.3333333333333333,0.148,0.125,15
xbrl-meta-2023-intangible-assets-net-excluding-goodwill-usd-0001326801-24-000012,bm25,True,tables,0.5,0.2372,0.2,1,0.5,0.2641,0.25,1,1.0,0.4141,0.25,2,1.0,0.4251,0.25,2,1.0,0.4838,0.3333,2,1.0,0.4838,0.3333,3,1.0,0.8175,1.0,5,1.0,0.8772,1.0,8
xbrl-meta-2023-intangible-assets-net-excluding-goodwill-usd-0001326801-24-000012,hybrid,True,tables,1.0,0.4635,0.3333,5,1.0,0.4723,0.3333,7,1.0,0.8316,1.0,10,1.0,0.8772,1.0,10,1.0,0.8772,1.0,10,1.0,0.8772,1.0,11,1.0,0.8772,1.0,14,1.0,0.8316,1.0,15
xbrl-meta-2023-marketable-securities-current-usd-0001326801-24-000012,bm25,True,tables,0.3333333333333333,0.148,0.125,3,0.3333333333333333,0.1564,0.1429,4,0.3333333333333333,0.1672,0.1667,4,0.3333333333333333,0.2346,0.3333,4,0.3333333333333333,0.2961,0.5,4,0.3333333333333333,0.2961,0.5,5,0.6666666666666666,0.4193,0.5,7,0.6666666666666666,0.6173,1.0,8
xbrl-meta-2023-marketable-securities-current-usd-0001326801-24-000012,hybrid,True,tables,0.3333333333333333,0.1413,0.1111,5,0.6666666666666666,0.3084,0.2,7,0.6666666666666666,0.6105,1.0,8,0.6666666666666666,0.6364,1.0,9,0.6666666666666666,0.6364,1.0,9,0.6666666666666666,0.6364,1.0,10,0.6666666666666666,0.4018,0.3333,11,0.6666666666666666,0.4018,0.3333,15
xbrl-meta-2023-variable-lease-cost-usd-0001326801-24-000012,bm25,True,tables,1.0,0.6309,0.5,2,1.0,0.6309,0.5,2,1.0,1.0,1.0,2,1.0,1.0,1.0,2,1.0,1.0,1.0,2,1.0,1.0,1.0,2,1.0,1.0,1.0,3,1.0,1.0,1.0,8
xbrl-meta-2023-variable-lease-cost-usd-0001326801-24-000012,hybrid,True,tables,1.0,1.0,1.0,4,1.0,1.0,1.0,6,1.0,1.0,1.0,9,1.0,1.0,1.0,10,1.0,1.0,1.0,10,1.0,1.0,1.0,10,1.0,1.0,1.0,11,1.0,1.0,1.0,15
xbrl-meta-2023-capital-expenditures-incurred-but-not-yet-paid-usd-0001326801-24-000012,bm25,True,tables,0.0,0.0,0.0,1,0.0,0.0,0.0,2,0.0,0.0,0.0,2,0.0,0.0,0.0,2,0.0,0.0,0.0,3,0.0,0.0,0.0,4,0.0,0.0,0.0,8,0.0,0.0,0.0,16
xbrl-meta-2023-capital-expenditures-incurred-but-not-yet-paid-usd-0001326801-24-000012,hybrid,True,tables,1.0,0.256,0.0714,3,1.0,0.4307,0.25,7,1.0,0.6309,0.5,8,1.0,1.0,1.0,9,1.0,1.0,1.0,9,1.0,1.0,1.0,9,1.0,1.0,1.0,11,1.0,1.0,1.0,16
xbrl-meta-2023-debt-securities-available-for-sale-continuous-unrealized-loss-position-less-than-12-months-usd-0001326801-24-000012,bm25,True,tables,1.0,0.4307,0.25,3,1.0,0.6309,0.5,3,1.0,0.6309,0.5,3,1.0,0.6309,0.5,3,1.0,0.6309,0.5,3,1.0,0.6309,0.5,4,1.0,0.6309,0.5,6,1.0,1.0,1.0,8
xbrl-meta-2023-debt-securities-available-for-sale-continuous-unrealized-loss-position-less-than-12-months-usd-0001326801-24-000012,hybrid,True,tables,1.0,0.4307,0.25,2,1.0,1.0,1.0,6,1.0,1.0,1.0,10,1.0,1.0,1.0,11,1.0,1.0,1.0,12,1.0,1.0,1.0,12,1.0,1.0,1.0,12,1.0,1.0,1.0,13
xbrl-meta-2023-increase-decrease-in-other-noncurrent-liabilities-usd-0001326801-24-000012,bm25,True,both,0.0,0.0,0.0,0,0.0,0.0,0.0,0,0.0,0.0,0.0,0,0.0,0.0,0.0,0,0.0,0.0,0.0,1,0.0,0.0,0.0,2,0.0,0.0,0.0,3,0.0,0.0,0.0,4
xbrl-meta-2023-increase-decrease-in-other-noncurrent-liabilities-usd-0001326801-24-000012,hybrid,True,both,0.0,0.0,0.0,1,0.0,0.0,0.0,7,0.0,0.0,0.0,9,0.0,0.0,0.0,9,0.0,0.0,0.0,9,0.0,0.0,0.0,9,0.5,0.2641,0.25,10,0.5,0.3066,0.3333,13
xbrl-meta-2023-debt-securities-available-for-sale-fair-value-maturity-allocated-and-single-maturity-date-after-year-one-through-five-usd-0001326801-24-000012,bm25,True,tables,0.0,0.0,0.0,2,1.0,0.2447,0.0625,3,1.0,0.2702,0.0833,4,1.0,0.3155,0.125,4,1.0,0.3155,0.125,4,1.0,0.3333,0.1429,4,1.0,0.3869,0.2,5,1.0,0.5,0.3333,11
xbrl-meta-2023-debt-securities-available-for-sale-fair-value-maturity-allocated-and-single-maturity-date-after-year-one-through-five-usd-0001326801-24-000012,hybrid,True,tables,1.0,0.2789,0.0909,4,1.0,0.3333,0.1429,9,1.0,0.5,0.3333,10,1.0,0.5,0.3333,12,1.0,0.5,0.3333,12,1.0,0.5,0.3333,12,1.0,0.5,0.3333,14,1.0,0.3869,0.2,15
xbrl-meta-2023-income-loss-from-continuing-operations-before-income-taxes-noncontrolling-interest-usd-0001326801-24-000012,bm25,True,tables,1.0,0.4854,0.25,4,1.0,0.5882,0.5,4,1.0,0.6189,0.5,4,1.0,0.6462,0.5,5,1.0,0.6462,0.5,5,1.0,0.6546,0.5,5,1.0,0.8855,1.0,8,1.0,0.906,1.0,12
xbrl-meta-2023-income-loss-from-continuing-operations-before-income-taxes-noncontrolling-interest-usd-0001326801-24-000012,hybrid,True,tables,1.0,0.4333,0.1429,6,1.0,0.5508,0.25,10,1.0,0.6183,0.3333,14,1.0,0.7328,0.5,15,1.0,0.7328,0.5,15,1.0,0.7328,0.5,15,1.0,0.7328,0.5,16,1.0,0.6797,0.5,16
xbrl-meta-2023-increase-decrease-in-prepaid-expense-and-other-assets-usd-0001326801-24-000012,bm25,True,tables,0.0,0.0,0.0,0,0.0,0.0,0.0,0,0.0,0.0,0.0,0,1.0,0.2447,0.0625,2,1.0,0.2626,0.0769,2,1.0,0.2891,0.1,2,1.0,0.3869,0.2,4,1.0,0.6309,0.5,9
xbrl-meta-2023-increase-decrease-in-prepaid-expense-and-other-assets-usd-0001326801-24-000012,hybrid,True,tables,0.0,0.0,0.0,0,1.0,0.3869,0.2,4,1.0,0.6309,0.5,7,1.0,1.0,1.0,9,1.0,1.0,1.0,9,1.0,1.0,1.0,9,1.0,1.0,1.0,11,1.0,1.0,1.0,15
xbrl-meta-2023-property-plant-and-equipment-and-finance-lease-right-of-use-asset-after-accumulated-depreciation-and-amortization-usd-0001326801-24-000012,bm25,True,tables,1.0,0.5401,0.5,4,1.0,0.5438,0.5,5,1.0,0.5479,0.5,5,1.0,0.5579,0.5,5,1.0,0.5714,0.5,6,1.0,0.8066,1.0,6,1.0,0.8316,1.0,9,1.0,0.8772,1.0,14
xbrl-meta-2023-property-plant-and-equipment-and-finance-lease-right-of-use-asset-after-accumulated-depreciation-and-amortization-usd-0001326801-24-000012,hybrid,True,tables,1.0,0.4566,0.3333,4,1.0,0.5803,0.5,7,1.0,0.6241,0.5,9,1.0,0.6241,0.5,11,1.0,0.6509,0.5,12,1.0,0.6509,0.5,13,1.0,0.6509,0.5,15,1.0,0.6509,0.5,16
xbrl-meta-2023-increase-decrease-in-other-accounts-payable-usd-0001326801-24-000012,bm25,True,both,0.5,0.171,0.0909,2,0.5,0.1846,0.1111,2,0.5,0.1846,0.1111,2,0.5,0.2044,0.1429,2,0.5,0.2184,0.1667,2,0.5,0.3066,0.3333,2,0.5,0.3869,0.5,4,0.5,0.3869,0.5,4
xbrl-meta-2023-increase-decrease-in-other-accounts-payable-usd-0001326801-24-000012,hybrid,True,both,1.0,0.403,0.1667,3,1.0,0.4776,0.3333,7,0.5,0.6131,1.0,10,0.5,0.6131,1.0,10,0.5,0.6131,1.0,10,0.5,0.6131,1.0,10,0.5,0.6131,1.0,10,0.5,0.6131,1.0,11
xbrl-meta-2023-long-term-debt-maturity-after-year-five-usd-0001326801-24-000012,bm25,True,tables,0.0,0.0,0.0,3,0.0,0.0,0.0,4,0.0,0.0,0.0,5,0.0,0.0,0.0,6,0.0,0.0,0.0,6,0.0,0.0,0.0,6,0.0,0.0,0.0,6,0.0,0.0,0.0,9
xbrl-meta-2023-long-term-debt-maturity-after-year-five-usd-0001326801-24-000012,hybrid,True,tables,1.0,0.2447,0.0625,7,1.0,0.2626,0.0769,8,1.0,0.3155,0.125,9,1.0,0.3333,0.1429,9,1.0,0.301,0.1111,10,1.0,0.301,0.1111,10,1.0,0.2702,0.0833,13,1.0,0.3155,0.125,15
xbrl-meta-2023-finite-lived-intangible-assets-gross-usd-0001326801-24-000012,bm25,True,tables,0.5,0.2641,0.25,4,0.5,0.2641,0.25,4,0.5,0.2641,0.25,4,0.5,0.3869,0.5,4,0.5,0.3869,0.5,4,0.5,0.3869,0.5,4,1.0,0.7742,1.0,6,1.0,0.7842,1.0,8
xbrl-meta-2023-finite-lived-intangible-assets-gross-usd-0001326801-24-000012,hybrid,True,tables,1.0,0.4029,0.2,5,1.0,0.4911,0.3333,8,1.0,0.5912,0.5,9,1.0,0.8316,1.0,10,1.0,0.8503,1.0,11,1.0,0.8503,1.0,11,1.0,0.8503,1.0,13,1.0,0.8503,1.0,15
xbrl-meta-2023-cost-of-revenue-usd-0001326801-24-000012,bm25,True,tables,0.3333333333333333,0.1173,0.0667,1,0.3333333333333333,0.1201,0.0714,2,0.3333333333333333,0.1413,0.1111,2,0.6666666666666666,0.2964,0.2,3,0.6666666666666666,0.3254,0.25,3,0.6666666666666666,0.3911,0.3333,3,1.0,0.852,1.0,4,1.0,0.906,1.0,10
xbrl-meta-2023-cost-of-revenue-usd-0001326801-24-000012,hybrid,True,tables,0.6666666666666666,0.2769,0.1111,3,0.6666666666666666,0.3236,0.1667,5,1.0,0.8307,1.0,7,1.0,0.8603,1.0,7,1.0,0.8855,1.0,9,1.0,0.9469,1.0,11,1.0,0.9675,1.0,12,1.0,0.9469,1.0,16
xbrl-meta-2023-long-term-debt-maturity-year-four-usd-0001326801-24-000012,bm25,True,both,0.6666666666666666,0.3169,0.25,3,0.6666666666666666,0.3254,0.25,3,0.6666666666666666,0.3289,0.25,4,0.6666666666666666,0.3378,0.25,5,0.6666666666666666,0.3378,0.25,5,0.6666666666666666,0.3434,0.25,5,0.6666666666666666,0.338,0.2,5,0.6666666666666666,0.3827,0.3333,9
xbrl-meta-2023-long-term-debt-maturity-year-four-usd-0001326801-24-000012,hybrid,True,both,1.0,0.5112,0.3333,6,1.0,0.5105,0.25,8,1.0,0.5323,0.3333,9,1.0,0.5183,0.3333,10,1.0,0.5183,0.3333,10,1.0,0.5183,0.3333,10,1.0,0.4829,0.3333,13,0.6666666666666666,0.3911,0.3333,15
xbrl-meta-2023-lessee-operating-lease-liability-to-be-paid-year-four-usd-0001326801-24-000012,bm25,True,tables,0.5,0.3066,0.3333,2,0.5,0.3869,0.5,2,0.5,0.3869,0.5,2,0.5,0.3869,0.5,2,0.5,0.3869,0.5,2,0.5,0.6131,1.0,2,0.5,0.6131,1.0,5,1.0,0.7977,1.0,8
xbrl-meta-2023-lessee-operating-lease-liability-to-be-paid-year-four-usd-0001326801-24-000012,hybrid,True,tables,1.0,0.5479,0.5,5,1.0,0.7904,1.0,7,1.0,0.7977,1.0,8,1.0,0.8316,1.0,9,1.0,0.8175,1.0,10,1.0,0.8316,1.0,10,1.0,0.8772,1.0,11,1.0,0.8772,1.0,14
xbrl-meta-2023-liabilities-current-usd-0001326801-24-000012,bm25,True,tables,1.0,0.301,0.1111,4,1.0,0.3562,0.1667,5,1.0,0.3869,0.2,6,1.0,0.3869,0.2,8,1.0,0.4307,0.25,8,1.0,0.6309,0.5,8,1.0,0.6309,0.5,9,1.0,0.6309,0.5,9
xbrl-meta-2023-liabilities-current-usd-0001326801-24-000012,hybrid,True,tables,1.0,1.0,1.0,9,1.0,1.0,1.0,10,1.0,1.0,1.0,12,1.0,1.0,1.0,12,1.0,1.0,1.0,12,1.0,1.0,1.0,12,1.0,1.0,1.0,13,1.0,1.0,1.0,16
xbrl-meta-2023-payments-for-repurchase-of-common-stock-usd-0001326801-24-000012,bm25,True,tables,0.0,0.0,0.0,0,0.0,0.0,0.0,0,0.0,0.0,0.0,0,0.0,0.0,0.0,0,0.0,0.0,0.0,0,0.0,0.0,0.0,0,1.0,0.301,0.1111,2,1.0,0.5,0.3333,13
xbrl-meta-2023-payments-for-repurchase-of-common-stock-usd-0001326801-24-000012,hybrid,True,tables,0.0,0.0,0.0,0,1.0,0.2702,0.0833,3,1.0,0.3562,0.1667,7,1.0,0.5,0.3333,7,1.0,0.5,0.3333,8,1.0,1.0,1.0,8,1.0,1.0,1.0,11,1.0,1.0,1.0,14
xbrl-meta-2024-property-plant-and-equipment-and-finance-lease-right-of-use-asset-after-accumulated-depreciation-and-amortization-usd-0001326801-25-000017,bm25,True,tables,1.0,0.5401,0.5,4,1.0,0.5401,0.5,4,1.0,0.5438,0.5,5,1.0,0.5479,0.5,5,1.0,0.7904,1.0,5,1.0,0.8066,1.0,5,1.0,0.8503,1.0,8,1.0,0.8772,1.0,13
xbrl-meta-2024-property-plant-and-equipment-and-finance-lease-right-of-use-asset-after-accumulated-depreciation-and-amortization-usd-0001326801-25-000017,hybrid,True,tables,1.0,0.5579,0.5,5,1.0,0.6053,0.5,7,1.0,0.6241,0.5,9,1.0,0.6509,0.5,11,1.0,0.8772,1.0,11,1.0,0.6509,0.5,12,1.0,0.6509,0.5,15,1.0,0.6509,0.5,16
xbrl-meta-2024-unrecognized-tax-benefits-increase-resulting-from-current-period-tax-positions-usd-0001326801-25-000017,bm25,True,tables,1.0,1.0,1.0,3,1.0,1.0,1.0,3,1.0,1.0,1.0,3,1.0,1.0,1.0,3,1.0,1.0,1.0,3,1.0,1.0,1.0,3,1.0,1.0,1.0,3,1.0,1.0,1.0,5
xbrl-meta-2024-unrecognized-tax-benefits-increase-resulting-from-current-period-tax-positions-usd-0001326801-25-000017,hybrid,True,tables,1.0,0.6309,0.5,3,1.0,0.6309,0.5,3,1.0,1.0,1.0,4,1.0,1.0,1.0,8,1.0,1.0,1.0,9,1.0,1.0,1.0,10,1.0,1.0,1.0,12,1.0,1.0,1.0,12
xbrl-meta-2024-weighted-average-number-of-shares-outstanding-diluted-shares-0001326801-25-000017,bm25,True,both,0.6666666666666666,0.4441,0.5,4,0.6666666666666666,0.4441,0.5,4,0.6666666666666666,0.4373,0.5,4,0.6666666666666666,0.4373,0.5,5,0.6666666666666666,0.4373,0.5,5,0.6666666666666666,0.4373,0.5,5,0.6666666666666666,0.6002,1.0,8,0.6666666666666666,0.5841,1.0,11
xbrl-meta-2024-weighted-average-number-of-shares-outstanding-diluted-shares-0001326801-25-000017,hybrid,True,both,0.6666666666666666,0.4373,0.5,8,0.3333333333333333,0.4693,1.0,11,0.3333333333333333,0.4693,1.0,11,0.6666666666666666,0.5841,1.0,11,0.6666666666666666,0.5841,1.0,11,0.6666666666666666,0.5841,1.0,11,0.3333333333333333,0.4693,1.0,12,0.3333333333333333,0.4693,1.0,15
xbrl-meta-2024-contract-with-customer-liability-current-usd-0001326801-25-000017,bm25,True,both,0.0,0.0,0.0,0,0.0,0.0,0.0,0,0.0,0.0,0.0,0,0.0,0.0,0.0,1,0.0,0.0,0.0,1,0.0,0.0,0.0,2,0.0,0.0,0.0,2,0.0,0.0,0.0,4
xbrl-meta-2024-contract-with-customer-liability-current-usd-0001326801-25-000017,hybrid,True,both,0.0,0.0,0.0,0,0.0,0.0,0.0,1,0.3333333333333333,0.1309,0.0909,6,0.3333333333333333,0.1413,0.1111,7,0.3333333333333333,0.1564,0.1429,8,0.3333333333333333,0.1564,0.1429,8,0.3333333333333333,0.148,0.125,10,0.3333333333333333,0.1309,0.0909,11
xbrl-meta-2024-depreciation-depletion-and-amortization-usd-0001326801-25-000017,bm25,True,tables,1.0,0.3333,0.1429,2,1.0,0.3562,0.1667,2,1.0,0.5,0.3333,2,1.0,0.6309,0.5,2,1.0,1.0,1.0,2,1.0,1.0,1.0,3,1.0,1.0,1.0,4,1.0,1.0,1.0,9
xbrl-meta-2024-depreciation-depletion-and-amortization-usd-0001326801-25-000017,hybrid,True,tables,1.0,0.5,0.3333,6,1.0,0.6309,0.5,9,1.0,0.6309,0.5,10,1.0,0.6309,0.5,10,1.0,0.6309,0.5,10,1.0,0.6309,0.5,10,1.0,0.5,0.3333,11,1.0,0.5,0.3333,14
xbrl-meta-2024-effect-of-exchange-rate-on-cash-cash-equivalents-restricted-cash-and-restricted-cash-equivalents-usd-0001326801-25-000017,bm25,True,tables,0.5,0.6131,1.0,2,0.5,0.6131,1.0,2,0.5,0.6131,1.0,4,0.5,0.6131,1.0,5,0.5,0.6131,1.0,7,0.5,0.6131,1.0,7,0.5,0.6131,1.0,8,0.5,0.6131,1.0,12
xbrl-meta-2024-effect-of-exchange-rate-on-cash-cash-equivalents-restricted-cash-and-restricted-cash-equivalents-usd-0001326801-25-000017,hybrid,True,tables,0.5,0.6131,1.0,4,0.5,0.6131,1.0,7,0.5,0.6131,1.0,11,0.5,0.6131,1.0,12,0.5,0.6131,1.0,14,0.5,0.6131,1.0,15,0.5,0.6131,1.0,15,0.5,0.6131,1.0,16
xbrl-meta-2024-cash-cash-equivalents-restricted-cash-and-restricted-cash-equivalents-usd-0001326801-25-000017,bm25,True,tables,1.0,1.0,1.0,5,1.0,1.0,1.0,6,1.0,1.0,1.0,6,1.0,1.0,1.0,6,1.0,1.0,1.0,7,1.0,1.0,1.0,7,1.0,1.0,1.0,9,1.0,1.0,1.0,11
xbrl-meta-2024-cash-cash-equivalents-restricted-cash-and-restricted-cash-equivalents-usd-0001326801-25-000017,hybrid,True,tables,1.0,1.0,1.0,9,1.0,1.0,1.0,11,1.0,1.0,1.0,14,1.0,1.0,1.0,15,1.0,1.0,1.0,15,1.0,1.0,1.0,16,1.0,1.0,1.0,16,1.0,1.0,1.0,16
xbrl-meta-2024-cost-of-revenue-usd-0001326801-25-000017,bm25,True,tables,0.3333333333333333,0.1201,0.0714,1,0.3333333333333333,0.1357,0.1,2,0.6666666666666666,0.282,0.1667,3,0.6666666666666666,0.294,0.1667,3,0.6666666666666666,0.3434,0.25,3,0.6666666666666666,0.6173,1.0,3,1.0,0.8452,1.0,6,1.0,0.906,1.0,11
xbrl-meta-2024-cost-of-revenue-usd-0001326801-25-000017,hybrid,True,tables,0.6666666666666666,0.2893,0.125,3,0.6666666666666666,0.3236,0.1667,5,1.0,0.6395,0.5,6,1.0,0.9134,1.0,8,1.0,0.9469,1.0,9,1.0,0.9469,1.0,10,1.0,0.9469,1.0,13,1.0,0.9469,1.0,16
xbrl-meta-2024-lessee-operating-lease-liability-undiscounted-excess-amount-usd-0001326801-25-000017,bm25,True,tables,1.0,0.6309,0.5,2,1.0,0.6309,0.5,2,1.0,1.0,1.0,2,1.0,1.0,1.0,2,1.0,1.0,1.0,2,1.0,1.0,1.0,2,1.0,1.0,1.0,4,1.0,1.0,1.0,6
xbrl-meta-2024-lessee-operating-lease-liability-undiscounted-excess-amount-usd-0001326801-25-000017,hybrid,True,tables,1.0,1.0,1.0,5,1.0,1.0,1.0,7,1.0,1.0,1.0,8,1.0,1.0,1.0,9,1.0,1.0,1.0,9,1.0,1.0,1.0,9,1.0,1.0,1.0,10,1.0,1.0,1.0,13
xbrl-meta-2024-operating-lease-right-of-use-asset-usd-0001326801-25-000017,bm25,True,tables,1.0,0.2626,0.0769,5,1.0,0.2789,0.0909,5,1.0,0.2789,0.0909,5,1.0,0.2789,0.0909,5,1.0,0.2789,0.0909,6,1.0,0.2789,0.0909,6,1.0,0.3562,0.1667,7,1.0,0.4307,0.25,9
xbrl-meta-2024-operating-lease-right-of-use-asset-usd-0001326801-25-000017,hybrid,True,tables,1.0,0.2702,0.0833,6,1.0,0.2891,0.1,7,1.0,0.3562,0.1667,9,1.0,0.3869,0.2,10,1.0,0.3869,0.2,10,1.0,0.3869,0.2,10,1.0,0.4307,0.25,11,1.0,0.3869,0.2,15
xbrl-meta-2024-payments-for-repurchase-of-common-stock-usd-0001326801-25-000017,bm25,True,tables,1.0,0.2626,0.0769,1,1.0,0.2891,0.1,1,1.0,0.3155,0.125,1,1.0,0.3562,0.1667,1,1.0,0.3869,0.2,1,1.0,0.4307,0.25,1,1.0,1.0,1.0,1,1.0,1.0,1.0,11
xbrl-meta-2024-payments-for-repurchase-of-common-stock-usd-0001326801-25-000017,hybrid,True,tables,1.0,0.301,0.1111,1,1.0,0.3869,0.2,3,1.0,0.4307,0.25,5,1.0,0.5,0.3333,7,1.0,1.0,1.0,9,1.0,1.0,1.0,9,1.0,1.0,1.0,11,1.0,1.0,1.0,14
xbrl-meta-2024-liabilities-current-usd-0001326801-25-000017,bm25,True,tables,1.0,0.2789,0.0909,3,1.0,0.3155,0.125,4,1.0,0.3333,0.1429,5,1.0,0.3562,0.1667,5,1.0,0.3869,0.2,5,1.0,0.5,0.3333,5,1.0,0.6309,0.5,8,1.0,0.6309,0.5,9
xbrl-meta-2024-liabilities-current-usd-0001326801-25-000017,hybrid,True,tables,1.0,0.5,0.3333,9,1.0,1.0,1.0,10,1.0,1.0,1.0,11,1.0,1.0,1.0,11,1.0,1.0,1.0,11,1.0,1.0,1.0,11,1.0,1.0,1.0,12,1.0,1.0,1.0,14
xbrl-meta-2024-unrecognized-tax-benefits-usd-0001326801-25-000017,bm25,True,tables,1.0,0.3869,0.2,3,1.0,0.4307,0.25,3,1.0,0.5,0.3333,3,1.0,0.5,0.3333,3,1.0,0.5,0.3333,3,1.0,0.5,0.3333,3,1.0,1.0,1.0,4,1.0,1.0,1.0,5
xbrl-meta-2024-unrecognized-tax-benefits-usd-0001326801-25-000017,hybrid,True,tables,1.0,0.6309,0.5,3,1.0,0.6309,0.5,4,1.0,0.6309,0.5,6,1.0,0.6309,0.5,8,1.0,0.6309,0.5,9,1.0,1.0,1.0,9,1.0,1.0,1.0,9,1.0,1.0,1.0,12
xbrl-meta-2024-interest-paid-excluding-capitalized-interest-operating-activities-usd-0001326801-25-000017,bm25,True,tables,1.0,1.0,1.0,1,1.0,1.0,1.0,3,1.0,1.0,1.0,3,1.0,1.0,1.0,4,1.0,1.0,1.0,4,1.0,1.0,1.0,4,1.0,1.0,1.0,8,1.0,1.0,1.0,13
xbrl-meta-2024-interest-paid-excluding-capitalized-interest-operating-activities-usd-0001326801-25-000017,hybrid,True,tables,1.0,0.6309,0.5,6,1.0,1.0,1.0,11,1.0,1.0,1.0,12,1.0,1.0,1.0,12,1.0,1.0,1.0,12,1.0,1.0,1.0,13,1.0,1.0,1.0,15,1.0,1.0,1.0,16
xbrl-meta-2024-income-loss-from-continuing-operations-before-income-taxes-foreign-usd-0001326801-25-000017,bm25,True,tables,1.0,0.5,0.3333,4,1.0,0.6309,0.5,5,1.0,1.0,1.0,5,1.0,1.0,1.0,5,1.0,1.0,1.0,6,1.0,1.0,1.0,7,1.0,1.0,1.0,9,1.0,1.0,1.0,12
xbrl-meta-2024-income-loss-from-continuing-operations-before-income-taxes-foreign-usd-0001326801-25-000017,hybrid,True,tables,1.0,0.6309,0.5,6,1.0,1.0,1.0,9,1.0,1.0,1.0,11,1.0,1.0,1.0,14,1.0,1.0,1.0,14,1.0,1.0,1.0,14,1.0,1.0,1.0,15,1.0,1.0,1.0,16
xbrl-meta-2024-finance-lease-right-of-use-asset-amortization-usd-0001326801-25-000017,bm25,True,tables,1.0,0.6309,0.5,5,1.0,1.0,1.0,5,1.0,1.0,1.0,6,1.0,1.0,1.0,6,1.0,1.0,1.0,6,1.0,1.0,1.0,7,1.0,1.0,1.0,7,1.0,1.0,1.0,10
xbrl-meta-2024-finance-lease-right-of-use-asset-amortization-usd-0001326801-25-000017,hybrid,True,tables,1.0,1.0,1.0,8,1.0,1.0,1.0,9,1.0,1.0,1.0,10,1.0,1.0,1.0,10,1.0,1.0,1.0,11,1.0,1.0,1.0,11,1.0,1.0,1.0,13,1.0,1.0,1.0,15
xbrl-meta-2024-deferred-federal-income-tax-expense-benefit-usd-0001326801-25-000017,bm25,True,tables,1.0,0.6309,0.5,2,1.0,0.6309,0.5,2,1.0,1.0,1.0,2,1.0,1.0,1.0,2,1.0,1.0,1.0,2,1.0,1.0,1.0,3,1.0,1.0,1.0,7,1.0,1.0,1.0,11
xbrl-meta-2024-deferred-federal-income-tax-expense-benefit-usd-0001326801-25-000017,hybrid,True,tables,1.0,1.0,1.0,3,1.0,1.0,1.0,5,1.0,1.0,1.0,8,1.0,1.0,1.0,10,1.0,1.0,1.0,11,1.0,1.0,1.0,12,1.0,1.0,1.0,14,1.0,1.0,1.0,16
xbrl-meta-2024-liabilities-and-equity-usd-0001326801-25-000017,bm25,True,tables,0.0,0.0,0.0,1,0.0,0.0,0.0,1,0.0,0.0,0.0,1,0.0,0.0,0.0,2,0.0,0.0,0.0,2,0.5,0.161,0.0769,3,1.0,0.4825,0.25,4,1.0,0.5706,0.3333,16
xbrl-meta-2024-liabilities-and-equity-usd-0001326801-25-000017,hybrid,True,tables,0.0,0.0,0.0,2,1.0,0.511,0.3333,7,1.0,0.6509,0.5,9,1.0,0.5706,0.3333,9,1.0,0.6509,0.5,9,1.0,0.6509,0.5,9,1.0,0.6509,0.5,12,1.0,0.8772,1.0,16
xbrl-meta-2024-contract-with-customer-liability-usd-0001326801-25-000017,bm25,True,both,0.0,0.0,0.0,0,0.0,0.0,0.0,0,0.0,0.0,0.0,0,0.0,0.0,0.0,0,0.0,0.0,0.0,0,0.0,0.0,0.0,0,0.0,0.0,0.0,0,0.0,0.0,0.0,1
xbrl-meta-2024-contract-with-customer-liability-usd-0001326801-25-000017,hybrid,True,both,0.0,0.0,0.0,0,0.0,0.0,0.0,0,0.0,0.0,0.0,2,0.0,0.0,0.0,7,0.0,0.0,0.0,8,0.0,0.0,0.0,8,0.0,0.0,0.0,8,0.0,0.0,0.0,9
xbrl-meta-2024-impairment-of-long-lived-assets-held-for-use-usd-0001326801-25-000017,bm25,True,both,0.0,0.0,0.0,0,0.0,0.0,0.0,0,0.0,0.0,0.0,1,0.0,0.0,0.0,2,0.0,0.0,0.0,2,0.0,0.0,0.0,2,0.5,0.1934,0.125,3,0.5,0.2641,0.25,7
xbrl-meta-2024-impairment-of-long-lived-assets-held-for-use-usd-0001326801-25-000017,hybrid,True,both,0.5,0.1533,0.0667,2,0.5,0.1846,0.1111,4,0.5,0.2641,0.25,8,0.5,0.3066,0.3333,9,0.5,0.3869,0.5,10,0.5,0.3869,0.5,10,0.5,0.3869,0.5,13,0.5,0.3869,0.5,15
xbrl-meta-2025-contractual-obligation-usd-0001628280-26-003942,bm25,True,tables,0.0,0.0,0.0,0,0.0,0.0,0.0,0,0.0,0.0,0.0,0,0.0,0.0,0.0,0,0.0,0.0,0.0,0,0.0,0.0,0.0,0,0.0,0.0,0.0,0,0.0,0.0,0.0,3
xbrl-meta-2025-contractual-obligation-usd-0001628280-26-003942,hybrid,True,tables,0.0,0.0,0.0,0,0.0,0.0,0.0,3,0.0,0.0,0.0,7,0.0,0.0,0.0,7,0.0,0.0,0.0,8,0.0,0.0,0.0,8,0.0,0.0,0.0,8,0.0,0.0,0.0,11
xbrl-meta-2025-lease-cost-usd-0001628280-26-003942,bm25,True,tables,1.0,0.3333,0.1429,2,1.0,0.3562,0.1667,2,1.0,0.4307,0.25,2,1.0,0.4307,0.25,2,1.0,0.5,0.3333,2,1.0,0.5,0.3333,3,1.0,1.0,1.0,6,1.0,1.0,1.0,8
xbrl-meta-2025-lease-cost-usd-0001628280-26-003942,hybrid,True,tables,1.0,0.6309,0.5,3,1.0,1.0,1.0,7,1.0,1.0,1.0,9,1.0,1.0,1.0,10,1.0,1.0,1.0,11,1.0,1.0,1.0,11,1.0,1.0,1.0,11,1.0,1.0,1.0,15
xbrl-meta-2025-goodwill-usd-0001628280-26-003942,bm25,True,tables,0.0,0.0,0.0,0,0.0,0.0,0.0,0,0.0,0.0,0.0,0,0.0,0.0,0.0,0,0.0,0.0,0.0,0,0.0,0.0,0.0,0,0.0,0.0,0.0,0,0.5,0.2641,0.25,3
xbrl-meta-2025-goodwill-usd-0001628280-26-003942,hybrid,True,tables,0.5,0.161,0.0769,1,0.5,0.2641,0.25,5,0.5,0.2641,0.25,7,0.5,0.3869,0.5,8,0.5,0.6131,1.0,8,0.5,0.6131,1.0,8,0.5,0.6131,1.0,8,0.5,0.6131,1.0,11
xbrl-meta-2025-deferred-tax-liabilities-net-usd-0001628280-26-003942,bm25,True,tables,1.0,0.5,0.3333,3,1.0,0.6309,0.5,3,1.0,1.0,1.0,3,1.0,1.0,1.0,3,1.0,1.0,1.0,4,1.0,1.0,1.0,4,1.0,1.0,1.0,5,1.0,1.0,1.0,7
xbrl-meta-2025-deferred-tax-liabilities-net-usd-0001628280-26-003942,hybrid,True,tables,1.0,0.6309,0.5,4,1.0,1.0,1.0,5,1.0,1.0,1.0,5,1.0,1.0,1.0,8,1.0,1.0,1.0,10,1.0,1.0,1.0,11,1.0,1.0,1.0,14,1.0,1.0,1.0,16
xbrl-meta-2025-contractual-obligation-to-be-paid-year-two-usd-0001628280-26-003942,bm25,True,tables,0.0,0.0,0.0,0,0.0,0.0,0.0,0,0.0,0.0,0.0,0,0.0,0.0,0.0,0,0.0,0.0,0.0,0,0.0,0.0,0.0,0,0.0,0.0,0.0,3,0.0,0.0,0.0,8
xbrl-meta-2025-contractual-obligation-to-be-paid-year-two-usd-0001628280-26-003942,hybrid,True,tables,0.0,0.0,0.0,2,0.0,0.0,0.0,7,0.0,0.0,0.0,9,0.0,0.0,0.0,9,0.0,0.0,0.0,9,0.0,0.0,0.0,9,0.0,0.0,0.0,11,0.0,0.0,0.0,14
xbrl-meta-2025-debt-instrument-unamortized-discount-premium-and-debt-issuance-costs-net-usd-0001628280-26-003942,bm25,True,tables,0.3333333333333333,0.4693,1.0,2,0.3333333333333333,0.4693,1.0,2,0.3333333333333333,0.4693,1.0,2,0.3333333333333333,0.4693,1.0,2,0.3333333333333333,0.4693,1.0,4,0.3333333333333333,0.4693,1.0,5,0.3333333333333333,0.4693,1.0,7,0.3333333333333333,0.4693,1.0,10
xbrl-meta-2025-debt-instrument-unamortized-discount-premium-and-debt-issuance-costs-net-usd-0001628280-26-003942,hybrid,True,tables,0.3333333333333333,0.4693,1.0,2,0.3333333333333333,0.4693,1.0,6,0.6666666666666666,0.6002,1.0,10,0.6666666666666666,0.6002,1.0,11,0.6666666666666666,0.6002,1.0,12,0.6666666666666666,0.6049,1.0,12,1.0,0.7338,1.0,13,0.6666666666666666,0.6049,1.0,16
xbrl-meta-2025-comprehensive-income-loss-net-of-tax-attributable-to-parent-usd-0001628280-26-003942,bm25,True,tables,1.0,0.6309,0.5,1,1.0,1.0,1.0,1,1.0,1.0,1.0,4,1.0,1.0,1.0,4,1.0,1.0,1.0,4,1.0,1.0,1.0,5,1.0,1.0,1.0,11,1.0,1.0,1.0,16
xbrl-meta-2025-comprehensive-income-loss-net-of-tax-attributable-to-parent-usd-0001628280-26-003942,hybrid,True,tables,1.0,1.0,1.0,3,1.0,1.0,1.0,6,1.0,1.0,1.0,11,1.0,1.0,1.0,12,1.0,1.0,1.0,12,1.0,1.0,1.0,13,1.0,1.0,1.0,16,1.0,1.0,1.0,16
xbrl-meta-2025-deferred-tax-assets-other-usd-0001628280-26-003942,bm25,True,tables,1.0,0.2702,0.0833,3,1.0,0.2789,0.0909,3,1.0,0.3333,0.1429,3,1.0,0.3333,0.1429,3,1.0,0.3333,0.1429,3,1.0,0.3562,0.1667,3,1.0,0.6309,0.5,3,1.0,0.6309,0.5,7
xbrl-meta-2025-deferred-tax-assets-other-usd-0001628280-26-003942,hybrid,True,tables,1.0,0.3869,0.2,3,1.0,0.4307,0.25,4,1.0,0.6309,0.5,8,1.0,0.6309,0.5,9,1.0,0.6309,0.5,11,1.0,0.6309,0.5,11,1.0,0.6309,0.5,11,1.0,0.6309,0.5,15
xbrl-meta-2025-other-comprehensive-income-loss-net-of-tax-portion-attributable-to-parent-usd-0001628280-26-003942,bm25,True,tables,0.0,0.0,0.0,1,0.0,0.0,0.0,2,0.0,0.0,0.0,4,0.0,0.0,0.0,4,0.0,0.0,0.0,4,0.0,0.0,0.0,5,1.0,0.25,0.0667,11,1.0,0.2789,0.0909,16
xbrl-meta-2025-other-comprehensive-income-loss-net-of-tax-portion-attributable-to-parent-usd-0001628280-26-003942,hybrid,True,tables,0.0,0.0,0.0,4,0.0,0.0,0.0,8,0.0,0.0,0.0,12,1.0,0.2789,0.0909,13,1.0,0.2702,0.0833,14,1.0,0.2702,0.0833,14,1.0,0.25,0.0667,16,0.0,0.0,0.0,16
xbrl-meta-2025-long-term-debt-maturity-year-three-usd-0001628280-26-003942,bm25,True,tables,0.0,0.0,0.0,4,0.0,0.0,0.0,4,0.0,0.0,0.0,4,0.0,0.0,0.0,4,0.0,0.0,0.0,4,0.0,0.0,0.0,4,0.0,0.0,0.0,4,0.0,0.0,0.0,7
xbrl-meta-2025-long-term-debt-maturity-year-three-usd-0001628280-26-003942,hybrid,True,tables,0.0,0.0,0.0,7,0.0,0.0,0.0,8,0.0,0.0,0.0,10,0.0,0.0,0.0,10,0.0,0.0,0.0,10,0.0,0.0,0.0,10,0.0,0.0,0.0,12,0.0,0.0,0.0,15
xbrl-meta-2025-right-of-use-asset-obtained-in-exchange-for-finance-lease-liability-usd-0001628280-26-003942,bm25,True,tables,1.0,0.5479,0.5,3,1.0,0.5579,0.5,3,1.0,0.7904,1.0,4,1.0,0.8175,1.0,4,1.0,0.8503,1.0,5,1.0,0.8503,1.0,5,1.0,0.9197,1.0,5,1.0,1.0,1.0,10
xbrl-meta-2025-right-of-use-asset-obtained-in-exchange-for-finance-lease-liability-usd-0001628280-26-003942,hybrid,True,tables,1.0,0.6053,0.5,5,1.0,0.6934,0.5,5,1.0,0.9197,1.0,8,1.0,1.0,1.0,9,1.0,1.0,1.0,10,1.0,1.0,1.0,11,1.0,1.0,1.0,12,1.0,1.0,1.0,14
xbrl-meta-2025-long-term-debt-maturity-year-two-usd-0001628280-26-003942,bm25,True,tables,0.0,0.0,0.0,4,0.0,0.0,0.0,4,0.0,0.0,0.0,4,0.0,0.0,0.0,4,0.0,0.0,0.0,4,0.0,0.0,0.0,4,0.0,0.0,0.0,4,0.0,0.0,0.0,7
xbrl-meta-2025-long-term-debt-maturity-year-two-usd-0001628280-26-003942,hybrid,True,tables,0.0,0.0,0.0,8,0.0,0.0,0.0,9,0.0,0.0,0.0,9,0.0,0.0,0.0,9,0.0,0.0,0.0,10,0.0,0.0,0.0,11,0.0,0.0,0.0,13,0.0,0.0,0.0,16
xbrl-meta-2025-lessee-operating-lease-liability-to-be-paid-usd-0001628280-26-003942,bm25,True,tables,0.0,0.0,0.0,1,0.0,0.0,0.0,1,0.0,0.0,0.0,1,0.0,0.0,0.0,1,0.0,0.0,0.0,1,0.0,0.0,0.0,1,0.0,0.0,0.0,2,1.0,0.301,0.1111,7
xbrl-meta-2025-lessee-operating-lease-liability-to-be-paid-usd-0001628280-26-003942,hybrid,True,tables,1.0,0.25,0.0667,2,1.0,0.3155,0.125,6,1.0,0.3562,0.1667,9,1.0,0.4307,0.25,9,1.0,0.5,0.3333,9,1.0,0.5,0.3333,9,1.0,0.5,0.3333,9,1.0,0.6309,0.5,11
xbrl-meta-2025-tangible-asset-impairment-charges-usd-0001628280-26-003942,bm25,True,both,0.5,0.1846,0.1111,1,0.5,0.1846,0.1111,1,0.5,0.1846,0.1111,1,0.5,0.1846,0.1111,1,0.5,0.1846,0.1111,1,0.5,0.1846,0.1111,1,0.5,0.1846,0.1111,2,0.5,0.1772,0.1,3
xbrl-meta-2025-tangible-asset-impairment-charges-usd-0001628280-26-003942,hybrid,True,both,0.0,0.0,0.0,1,0.0,0.0,0.0,5,0.5,0.15,0.0625,8,0.5,0.15,0.0625,8,0.5,0.15,0.0625,8,0.5,0.15,0.0625,8,0.0,0.0,0.0,9,0.0,0.0,0.0,11
xbrl-meta-2025-us-gaap-debtsecuritiesavailableforsaleexcludingaccruedinterest-usd-0001628280-26-003942,bm25,False,tables,0.0,0.0,0.0,0,0.0,0.0,0.0,0,0.0,0.0,0.0,0,0.0,0.0,0.0,0,0.0,0.0,0.0,0,0.0,0.0,0.0,0,0.0,0.0,0.0,0,0.0,0.0,0.0,0
xbrl-meta-2025-us-gaap-debtsecuritiesavailableforsaleexcludingaccruedinterest-usd-0001628280-26-003942,hybrid,False,tables,0.0,0.0,0.0,0,0.0,0.0,0.0,0,0.0,0.0,0.0,0,0.0,0.0,0.0,0,0.0,0.0,0.0,0,0.0,0.0,0.0,0,0.0,0.0,0.0,0,0.0,0.0,0.0,0
xbrl-meta-2025-interest-expense-debt-usd-0001628280-26-003942,bm25,True,tables,0.0,0.0,0.0,1,0.0,0.0,0.0,2,0.0,0.0,0.0,2,0.0,0.0,0.0,3,0.0,0.0,0.0,3,0.0,0.0,0.0,3,0.0,0.0,0.0,6,0.0,0.0,0.0,12
xbrl-meta-2025-interest-expense-debt-usd-0001628280-26-003942,hybrid,True,tables,0.0,0.0,0.0,5,0.0,0.0,0.0,6,0.0,0.0,0.0,9,0.0,0.0,0.0,11,0.0,0.0,0.0,12,0.0,0.0,0.0,12,0.0,0.0,0.0,13,0.0,0.0,0.0,14
xbrl-meta-2025-dividends-common-stock-usd-0001628280-26-003942,bm25,True,tables,1.0,0.3155,0.125,2,1.0,0.3333,0.1429,2,1.0,0.3869,0.2,2,1.0,0.4307,0.25,2,1.0,0.4307,0.25,2,1.0,0.4307,0.25,4,1.0,0.6309,0.5,7,1.0,0.6309,0.5,14
xbrl-meta-2025-dividends-common-stock-usd-0001628280-26-003942,hybrid,True,tables,0.0,0.0,0.0,4,1.0,0.301,0.1111,9,1.0,0.3869,0.2,12,1.0,0.4307,0.25,13,1.0,0.6309,0.5,14,1.0,0.6309,0.5,14,1.0,0.5,0.3333,15,1.0,0.4307,0.25,15
xbrl-meta-2025-accrued-liabilities-current-usd-0001628280-26-003942,bm25,True,tables,1.0,0.4556,0.2,5,1.0,0.4556,0.2,6,1.0,0.5013,0.25,7,1.0,0.5013,0.25,7,1.0,0.5706,0.3333,7,1.0,0.5706,0.3333,7,1.0,0.5706,0.3333,9,1.0,0.5706,0.3333,9
xbrl-meta-2025-accrued-liabilities-current-usd-0001628280-26-003942,hybrid,True,tables,1.0,0.5706,0.3333,7,1.0,0.6934,0.5,9,1.0,0.6934,0.5,10,1.0,0.6934,0.5,10,1.0,0.6934,0.5,10,1.0,0.6934,0.5,11,1.0,0.6934,0.5,12,1.0,0.6934,0.5,13
xbrl-meta-2025-other-assets-noncurrent-usd-0001628280-26-003942,bm25,True,tables,0.0,0.0,0.0,0,0.0,0.0,0.0,0,0.0,0.0,0.0,0,0.0,0.0,0.0,1,0.0,0.0,0.0,2,0.0,0.0,0.0,2,0.0,0.0,0.0,4,0.0,0.0,0.0,6
xbrl-meta-2025-other-assets-noncurrent-usd-0001628280-26-003942,hybrid,True,tables,1.0,0.301,0.1111,3,1.0,0.3155,0.125,7,1.0,0.3869,0.2,9,1.0,0.3869,0.2,9,1.0,0.3562,0.1667,9,1.0,0.3562,0.1667,9,1.0,0.3562,0.1667,11,1.0,0.4307,0.25,14
xbrl-meta-2025-finite-lived-intangible-asset-expected-amortization-year-one-usd-0001628280-26-003942,bm25,True,tables,0.0,0.0,0.0,2,0.0,0.0,0.0,2,0.0,0.0,0.0,2,0.0,0.0,0.0,2,0.0,0.0,0.0,2,0.0,0.0,0.0,3,0.0,0.0,0.0,5,0.0,0.0,0.0,7
xbrl-meta-2025-finite-lived-intangible-asset-expected-amortization-year-one-usd-0001628280-26-003942,hybrid,True,tables,0.0,0.0,0.0,4,0.0,0.0,0.0,6,0.0,0.0,0.0,9,0.0,0.0,0.0,10,0.0,0.0,0.0,10,0.0,0.0,0.0,12,0.0,0.0,0.0,16,0.0,0.0,0.0,16
xbrl-msft-2021-debt-instrument-unamortized-discount-premium-and-debt-issuance-costs-net-usd-0001564590-21-039151,bm25,True,both,0.6666666666666666,0.7039,1.0,3,0.6666666666666666,0.7654,1.0,3,0.6666666666666666,0.7654,1.0,3,0.6666666666666666,0.7654,1.0,4,0.6666666666666666,0.7654,1.0,4,0.6666666666666666,0.7654,1.0,4,0.6666666666666666,0.7654,1.0,6,0.6666666666666666,0.7039,1.0,11
xbrl-msft-2021-debt-instrument-unamortized-discount-premium-and-debt-issuance-costs-net-usd-0001564590-21-039151,hybrid,True,both,0.6666666666666666,0.7654,1.0,4,0.6666666666666666,0.7654,1.0,8,0.6666666666666666,0.6714,1.0,11,0.6666666666666666,0.6173,1.0,11,0.6666666666666666,0.6173,1.0,11,0.6666666666666666,0.6049,1.0,12,0.6666666666666666,0.6049,1.0,13,0.3333333333333333,0.4693,1.0,16
xbrl-msft-2021-operating-income-loss-usd-0001564590-21-039151,bm25,True,tables,0.0,0.0,0.0,2,0.3333333333333333,0.1148,0.0625,3,0.3333333333333333,0.1233,0.0769,3,0.3333333333333333,0.1233,0.0769,3,0.3333333333333333,0.1233,0.0769,3,0.3333333333333333,0.148,0.125,4,0.3333333333333333,0.2346,0.3333,6,0.6666666666666666,0.3579,0.3333,8
xbrl-msft-2021-operating-income-loss-usd-0001564590-21-039151,hybrid,True,tables,0.6666666666666666,0.2682,0.125,8,0.6666666666666666,0.3084,0.2,9,0.6666666666666666,0.3289,0.25,9,0.6666666666666666,0.3289,0.25,10,0.6666666666666666,0.3289,0.25,10,0.6666666666666666,0.333,0.25,11,0.6666666666666666,0.3487,0.2,13,0.6666666666666666,0.3434,0.25,15
xbrl-msft-2021-leasehold-improvements-gross-usd-0001564590-21-039151,bm25,True,tables,1.0,0.6309,0.5,1,1.0,0.6309,0.5,1,1.0,0.6309,0.5,1,1.0,1.0,1.0,1,1.0,1.0,1.0,1,1.0,1.0,1.0,2,1.0,1.0,1.0,2,1.0,1.0,1.0,7
xbrl-msft-2021-leasehold-improvements-gross-usd-0001564590-21-039151,hybrid,True,tables,1.0,1.0,1.0,3,1.0,1.0,1.0,7,1.0,1.0,1.0,9,1.0,1.0,1.0,10,1.0,1.0,1.0,10,1.0,1.0,1.0,10,1.0,1.0,1.0,11,1.0,1.0,1.0,15
xbrl-msft-2021-oci-debt-securities-available-for-sale-gain-loss-after-adjustment-and-tax-usd-0001564590-21-039151,bm25,True,tables,0.0,0.0,0.0,1,0.0,0.0,0.0,1,0.0,0.0,0.0,2,0.5,0.1569,0.0714,3,0.5,0.1772,0.1,3,0.5,0.1934,0.125,3,0.5,0.2372,0.2,4,0.5,0.3066,0.3333,8
xbrl-msft-2021-oci-debt-securities-available-for-sale-gain-loss-after-adjustment-and-tax-usd-0001564590-21-039151,hybrid,True,tables,0.5,0.1846,0.1111,3,0.5,0.2641,0.25,6,0.5,0.3066,0.3333,9,0.5,0.3066,0.3333,9,0.5,0.3869,0.5,9,0.5,0.3066,0.3333,9,0.5,0.3066,0.3333,10,1.0,0.7904,1.0,13
xbrl-msft-2021-finite-lived-intangible-asset-expected-amortization-year-one-usd-0001564590-21-039151,bm25,True,tables,0.0,0.0,0.0,0,0.0,0.0,0.0,0,0.0,0.0,0.0,0,0.0,0.0,0.0,0,0.0,0.0,0.0,0,0.0,0.0,0.0,0,0.0,0.0,0.0,2,0.0,0.0,0.0,7
xbrl-msft-2021-finite-lived-intangible-asset-expected-amortization-year-one-usd-0001564590-21-039151,hybrid,True,tables,0.0,0.0,0.0,2,0.0,0.0,0.0,7,0.0,0.0,0.0,8,0.0,0.0,0.0,10,0.0,0.0,0.0,11,0.0,0.0,0.0,12,0.0,0.0,0.0,14,0.0,0.0,0.0,14
xbrl-msft-2021-payments-of-debt-restructuring-costs-usd-0001564590-21-039151,bm25,True,tables,0.0,0.0,0.0,0,0.0,0.0,0.0,0,0.0,0.0,0.0,0,0.0,0.0,0.0,1,0.0,0.0,0.0,1,0.0,0.0,0.0,1,0.0,0.0,0.0,3,1.0,0.3155,0.125,13
xbrl-msft-2021-payments-of-debt-restructuring-costs-usd-0001564590-21-039151,hybrid,True,tables,0.0,0.0,0.0,6,0.0,0.0,0.0,8,0.0,0.0,0.0,8,0.0,0.0,0.0,9,0.0,0.0,0.0,10,0.0,0.0,0.0,10,1.0,0.3333,0.1429,13,1.0,0.3333,0.1429,16
xbrl-msft-2021-debt-securities-available-for-sale-maturity-allocated-and-single-maturity-date-rolling-after-one-through-five-years-amortized-cost-usd-0001564590-21-039151,bm25,True,tables,1.0,0.4307,0.25,2,1.0,0.4307,0.25,2,1.0,0.5,0.3333,2,1.0,0.6309,0.5,2,1.0,1.0,1.0,2,1.0,1.0,1.0,2,1.0,1.0,1.0,2,1.0,1.0,1.0,5
xbrl-msft-2021-debt-securities-available-for-sale-maturity-allocated-and-single-maturity-date-rolling-after-one-through-five-years-amortized-cost-usd-0001564590-21-039151,hybrid,True,tables,1.0,0.3562,0.1667,5,1.0,0.4307,0.25,8,1.0,0.6309,0.5,9,1.0,0.6309,0.5,9,1.0,0.6309,0.5,9,1.0,0.6309,0.5,9,1.0,0.6309,0.5,9,1.0,0.6309,0.5,12
xbrl-msft-2021-contract-with-customer-liability-noncurrent-usd-0001564590-21-039151,bm25,True,tables,0.0,0.0,0.0,1,0.0,0.0,0.0,1,0.0,0.0,0.0,2,0.0,0.0,0.0,2,0.0,0.0,0.0,2,0.0,0.0,0.0,3,0.0,0.0,0.0,3,0.0,0.0,0.0,3
xbrl-msft-2021-contract-with-customer-liability-noncurrent-usd-0001564590-21-039151,hybrid,True,tables,0.0,0.0,0.0,3,0.0,0.0,0.0,6,0.0,0.0,0.0,8,0.0,0.0,0.0,9,0.0,0.0,0.0,9,0.0,0.0,0.0,9,0.0,0.0,0.0,11,0.0,0.0,0.0,12
xbrl-msft-2021-short-term-investments-usd-0001564590-21-039151,bm25,True,tables,1.0,0.5714,0.5,8,1.0,0.5912,0.5,9,1.0,0.8175,1.0,10,1.0,0.8316,1.0,11,1.0,0.8316,1.0,12,1.0,0.8503,1.0,12,1.0,0.8772,1.0,12,1.0,0.8772,1.0,12
xbrl-msft-2021-short-term-investments-usd-0001564590-21-039151,hybrid,True,tables,0.5,0.2372,0.2,8,1.0,0.5401,0.5,12,1.0,0.5912,0.5,14,1.0,0.5912,0.5,14,1.0,0.5912,0.5,15,1.0,0.5714,0.5,15,1.0,0.5714,0.5,16,1.0,0.5641,0.5,16
xbrl-msft-2021-increase-decrease-in-other-noncurrent-liabilities-usd-0001564590-21-039151,bm25,True,tables,0.0,0.0,0.0,1,0.0,0.0,0.0,1,0.0,0.0,0.0,2,0.0,0.0,0.0,2,0.0,0.0,0.0,2,0.0,0.0,0.0,2,0.0,0.0,0.0,5,0.0,0.0,0.0,13
xbrl-msft-2021-increase-decrease-in-other-noncurrent-liabilities-usd-0001564590-21-039151,hybrid,True,tables,0.0,0.0,0.0,5,0.0,0.0,0.0,8,0.0,0.0,0.0,9,0.0,0.0,0.0,11,0.0,0.0,0.0,12,0.0,0.0,0.0,13,0.0,0.0,0.0,16,1.0,0.25,0.0667,16
xbrl-msft-2021-share-based-payment-arrangement-noncash-expense-usd-0001564590-21-039151,bm25,True,tables,0.0,0.0,0.0,1,0.0,0.0,0.0,2,0.0,0.0,0.0,2,0.0,0.0,0.0,2,0.0,0.0,0.0,3,0.0,0.0,0.0,3,0.3333333333333333,0.148,0.125,6,0.6666666666666666,0.3501,0.25,8
xbrl-msft-2021-share-based-payment-arrangement-noncash-expense-usd-0001564590-21-039151,hybrid,True,tables,0.3333333333333333,0.1148,0.0625,4,0.6666666666666666,0.2666,0.1,9,0.6666666666666666,0.3501,0.25,10,0.6666666666666666,0.3585,0.25,10,0.6666666666666666,0.3585,0.25,10,0.6666666666666666,0.3585,0.25,11,1.0,0.4811,0.25,13,1.0,0.5095,0.3333,16
xbrl-msft-2021-unrecognized-tax-benefits-decrease-resulting-from-settlements-with-taxing-authorities-usd-0001564590-21-039151,bm25,True,both,0.6666666666666666,0.6173,1.0,1,0.6666666666666666,0.6173,1.0,1,0.6666666666666666,0.4441,0.5,1,0.6666666666666666,0.4441,0.5,1,0.6666666666666666,0.4441,0.5,1,0.6666666666666666,0.4441,0.5,1,0.6666666666666666,0.4441,0.5,3,0.6666666666666666,0.4441,0.5,5
xbrl-msft-2021-unrecognized-tax-benefits-decrease-resulting-from-settlements-with-taxing-authorities-usd-0001564590-21-039151,hybrid,True,both,0.6666666666666666,0.6714,1.0,2,0.6666666666666666,0.6714,1.0,3,0.6666666666666666,0.5307,0.5,4,0.6666666666666666,0.5307,0.5,7,0.6666666666666666,0.5307,0.5,8,0.6666666666666666,0.4632,0.5,9,0.6666666666666666,0.2629,0.125,9,0.3333333333333333,0.1309,0.0909,11
xbrl-msft-2021-lessee-operating-lease-liability-to-be-paid-year-two-usd-0001564590-21-039151,bm25,True,tables,0.0,0.0,0.0,1,0.0,0.0,0.0,1,0.0,0.0,0.0,1,0.0,0.0,0.0,1,0.0,0.0,0.0,1,0.0,0.0,0.0,3,0.0,0.0,0.0,3,1.0,0.2702,0.0833,10
xbrl-msft-2021-lessee-operating-lease-liability-to-be-paid-year-two-usd-0001564590-21-039151,hybrid,True,tables,1.0,0.2891,0.1,7,1.0,0.301,0.1111,8,1.0,0.3333,0.1429,8,1.0,0.3155,0.125,8,1.0,0.3155,0.125,8,1.0,0.3155,0.125,8,1.0,0.3562,0.1667,11,1.0,0.3562,0.1667,14
xbrl-msft-2021-weighted-average-number-of-shares-outstanding-diluted-shares-0001564590-21-039151,bm25,True,tables,1.0,0.6934,0.5,4,1.0,0.6934,0.5,5,1.0,0.6934,0.5,5,1.0,0.6934,0.5,5,1.0,0.6934,0.5,5,1.0,0.6934,0.5,5,1.0,1.0,1.0,6,1.0,1.0,1.0,11
xbrl-msft-2021-weighted-average-number-of-shares-outstanding-diluted-shares-0001564590-21-039151,hybrid,True,tables,1.0,0.8503,1.0,8,1.0,1.0,1.0,11,1.0,1.0,1.0,11,1.0,1.0,1.0,11,1.0,1.0,1.0,11,1.0,1.0,1.0,11,1.0,0.9197,1.0,14,1.0,0.9197,1.0,15
xbrl-msft-2021-deferred-tax-liabilities-gross-usd-0001564590-21-039151,bm25,True,tables,1.0,0.5,0.3333,2,1.0,0.6309,0.5,2,1.0,0.6309,0.5,2,1.0,0.6309,0.5,2,1.0,0.6309,0.5,2,1.0,0.6309,0.5,3,1.0,1.0,1.0,8,1.0,1.0,1.0,12
xbrl-msft-2021-deferred-tax-liabilities-gross-usd-0001564590-21-039151,hybrid,True,tables,1.0,0.6309,0.5,4,1.0,1.0,1.0,8,1.0,1.0,1.0,10,1.0,1.0,1.0,11,1.0,1.0,1.0,11,1.0,1.0,1.0,11,1.0,1.0,1.0,12,1.0,1.0,1.0,14
xbrl-msft-2021-goodwill-usd-0001564590-21-039151,bm25,True,tables,0.0,0.0,0.0,0,0.0,0.0,0.0,0,0.0,0.0,0.0,0,0.0,0.0,0.0,1,0.0,0.0,0.0,2,0.0,0.0,0.0,2,0.0,0.0,0.0,2,0.5,0.1846,0.1111,5
xbrl-msft-2021-goodwill-usd-0001564590-21-039151,hybrid,True,tables,0.0,0.0,0.0,5,0.0,0.0,0.0,7,0.0,0.0,0.0,8,0.0,0.0,0.0,8,0.0,0.0,0.0,8,0.0,0.0,0.0,9,0.0,0.0,0.0,10,0.0,0.0,0.0,15
xbrl-msft-2021-unrecognized-tax-benefits-usd-0001564590-21-039151,bm25,True,tables,1.0,0.6309,0.5,1,1.0,1.0,1.0,1,1.0,1.0,1.0,1,1.0,1.0,1.0,2,1.0,1.0,1.0,2,1.0,1.0,1.0,3,1.0,1.0,1.0,4,1.0,1.0,1.0,5
xbrl-msft-2021-unrecognized-tax-benefits-usd-0001564590-21-039151,hybrid,True,tables,1.0,0.6309,0.5,4,1.0,1.0,1.0,5,1.0,1.0,1.0,5,1.0,1.0,1.0,8,1.0,1.0,1.0,8,1.0,1.0,1.0,8,1.0,1.0,1.0,10,1.0,1.0,1.0,11
xbrl-msft-2021-derivative-asset-fair-value-gross-liability-usd-0001564590-21-039151,bm25,True,both,0.6666666666666666,0.4982,0.5,3,0.6666666666666666,0.4982,0.5,3,0.6666666666666666,0.4982,0.5,4,0.6666666666666666,0.4982,0.5,4,0.6666666666666666,0.4982,0.5,4,0.6666666666666666,0.4982,0.5,4,0.6666666666666666,0.4776,0.5,8,0.6666666666666666,0.3152,0.1667,11
xbrl-msft-2021-derivative-asset-fair-value-gross-liability-usd-0001564590-21-039151,hybrid,True,both,0.3333333333333333,0.2961,0.5,3,0.6666666666666666,0.4134,0.5,7,0.6666666666666666,0.3494,0.3333,10,0.6666666666666666,0.2349,0.0714,12,0.3333333333333333,0.1173,0.0667,13,0.3333333333333333,0.1173,0.0667,13,0.0,0.0,0.0,16,0.0,0.0,0.0,16
xbrl-msft-2021-other-assets-noncurrent-usd-0001564590-21-039151,bm25,True,tables,0.0,0.0,0.0,0,0.0,0.0,0.0,0,0.0,0.0,0.0,0,0.0,0.0,0.0,2,0.0,0.0,0.0,2,0.0,0.0,0.0,3,0.0,0.0,0.0,3,0.0,0.0,0.0,5
xbrl-msft-2021-other-assets-noncurrent-usd-0001564590-21-039151,hybrid,True,tables,0.0,0.0,0.0,5,0.0,0.0,0.0,9,0.0,0.0,0.0,9,0.0,0.0,0.0,9,0.0,0.0,0.0,9,0.0,0.0,0.0,9,0.0,0.0,0.0,13,0.0,0.0,0.0,16
xbrl-msft-2021-debt-securities-available-for-sale-maturity-allocated-and-single-maturity-date-rolling-within-one-year-fair-value-usd-0001564590-21-039151,bm25,True,tables,0.0,0.0,0.0,1,0.0,0.0,0.0,1,0.0,0.0,0.0,1,0.0,0.0,0.0,1,0.0,0.0,0.0,1,0.0,0.0,0.0,1,0.0,0.0,0.0,2,1.0,0.2702,0.0833,8
xbrl-msft-2021-debt-securities-available-for-sale-maturity-allocated-and-single-maturity-date-rolling-within-one-year-fair-value-usd-0001564590-21-039151,hybrid,True,tables,0.0,0.0,0.0,2,0.0,0.0,0.0,8,0.0,0.0,0.0,9,0.0,0.0,0.0,9,0.0,0.0,0.0,10,0.0,0.0,0.0,10,1.0,0.301,0.1111,13,1.0,0.2702,0.0833,15
xbrl-msft-2022-deferred-income-tax-liabilities-net-usd-0001564590-22-026876,bm25,True,tables,0.3333333333333333,0.2346,0.3333,4,0.3333333333333333,0.2961,0.5,4,0.3333333333333333,0.2961,0.5,4,0.3333333333333333,0.2961,0.5,5,0.3333333333333333,0.2961,0.5,5,0.3333333333333333,0.2961,0.5,5,0.6666666666666666,0.5866,1.0,7,0.6666666666666666,0.6173,1.0,11
xbrl-msft-2022-deferred-income-tax-liabilities-net-usd-0001564590-22-026876,hybrid,True,tables,0.3333333333333333,0.2346,0.3333,5,0.3333333333333333,0.4693,1.0,7,0.6666666666666666,0.5894,1.0,11,0.6666666666666666,0.5961,1.0,12,0.6666666666666666,0.6049,1.0,12,0.6666666666666666,0.6105,1.0,14,0.6666666666666666,0.6049,1.0,16,0.6666666666666666,0.6049,1.0,16
xbrl-msft-2022-debt-securities-available-for-sale-amortized-cost-usd-0001564590-22-026876,bm25,True,tables,0.0,0.0,0.0,1,0.0,0.0,0.0,1,0.0,0.0,0.0,1,0.0,0.0,0.0,1,0.0,0.0,0.0,1,0.0,0.0,0.0,1,0.5,0.1772,0.1,4,0.5,0.2184,0.1667,9
xbrl-msft-2022-debt-securities-available-for-sale-amortized-cost-usd-0001564590-22-026876,hybrid,True,tables,0.0,0.0,0.0,5,0.0,0.0,0.0,8,0.5,0.3066,0.3333,9,0.5,0.3869,0.5,9,0.5,0.3869,0.5,9,0.5,0.3066,0.3333,10,0.5,0.3066,0.3333,11,0.5,0.3066,0.3333,13
xbrl-msft-2022-oci-debt-securities-available-for-sale-gain-loss-after-adjustment-and-tax-usd-0001564590-22-026876,bm25,True,tables,0.0,0.0,0.0,1,0.0,0.0,0.0,1,0.0,0.0,0.0,1,0.5,0.15,0.0625,3,0.5,0.1846,0.1111,3,0.5,0.2184,0.1667,3,0.5,0.3066,0.3333,4,0.5,0.3066,0.3333,7
xbrl-msft-2022-oci-debt-securities-available-for-sale-gain-loss-after-adjustment-and-tax-usd-0001564590-22-026876,hybrid,True,tables,0.5,0.1846,0.1111,3,0.5,0.2372,0.2,5,0.5,0.3066,0.3333,8,0.5,0.3066,0.3333,9,0.5,0.3066,0.3333,10,0.5,0.3066,0.3333,10,0.5,0.3066,0.3333,10,1.0,0.4838,0.3333,14
xbrl-msft-2022-liabilities-and-equity-usd-0001564590-22-026876,bm25,True,tables,0.0,0.0,0.0,0,0.0,0.0,0.0,0,0.5,0.1533,0.0667,1,0.5,0.1846,0.1111,2,1.0,0.3905,0.2,3,1.0,0.4416,0.2,3,1.0,0.9197,1.0,4,1.0,0.9197,1.0,13
xbrl-msft-2022-liabilities-and-equity-usd-0001564590-22-026876,hybrid,True,tables,1.0,0.4416,0.2,4,1.0,0.9197,1.0,8,1.0,1.0,1.0,9,1.0,0.9197,1.0,10,1.0,0.9197,1.0,10,1.0,1.0,1.0,11,1.0,0.6934,0.5,15,1.0,0.525,0.3333,16
xbrl-msft-2022-cash-cash-equivalents-restricted-cash-and-restricted-cash-equivalents-usd-0001564590-22-026876,bm25,True,tables,1.0,0.6616,0.5,7,1.0,0.8348,1.0,9,1.0,0.9066,1.0,9,1.0,0.9066,1.0,10,1.0,0.9134,1.0,10,1.0,0.9325,1.0,10,1.0,0.9469,1.0,11,1.0,0.9469,1.0,14
xbrl-msft-2022-cash-cash-equivalents-restricted-cash-and-restricted-cash-equivalents-usd-0001564590-22-026876,hybrid,True,tables,1.0,0.7921,1.0,11,1.0,0.8529,1.0,14,1.0,0.906,1.0,15,1.0,0.906,1.0,15,1.0,0.906,1.0,15,1.0,0.906,1.0,16,1.0,0.906,1.0,16,1.0,0.8855,1.0,16
xbrl-msft-2022-deferred-tax-assets-tax-deferred-expense-reserves-and-accruals-other-usd-0001564590-22-026876,bm25,True,tables,1.0,0.6309,0.5,3,1.0,1.0,1.0,4,1.0,1.0,1.0,4,1.0,1.0,1.0,4,1.0,1.0,1.0,6,1.0,1.0,1.0,6,1.0,1.0,1.0,6,1.0,1.0,1.0,9
xbrl-msft-2022-deferred-tax-assets-tax-deferred-expense-reserves-and-accruals-other-usd-0001564590-22-026876,hybrid,True,tables,1.0,1.0,1.0,5,1.0,1.0,1.0,8,1.0,1.0,1.0,9,1.0,1.0,1.0,10,1.0,1.0,1.0,11,1.0,1.0,1.0,11,1.0,1.0,1.0,12,1.0,1.0,1.0,15
xbrl-msft-2022-proceeds-from-maturities-prepayments-and-calls-of-debt-securities-available-for-sale-usd-0001564590-22-026876,bm25,True,tables,0.0,0.0,0.0,1,0.0,0.0,0.0,1,0.0,0.0,0.0,1,0.0,0.0,0.0,1,0.0,0.0,0.0,1,0.0,0.0,0.0,1,0.0,0.0,0.0,6,0.0,0.0,0.0,13
xbrl-msft-2022-proceeds-from-maturities-prepayments-and-calls-of-debt-securities-available-for-sale-usd-0001564590-22-026876,hybrid,True,tables,0.0,0.0,0.0,1,0.0,0.0,0.0,8,0.0,0.0,0.0,9,0.0,0.0,0.0,9,0.0,0.0,0.0,10,0.0,0.0,0.0,10,1.0,0.2789,0.0909,13,1.0,0.2447,0.0625,16
xbrl-msft-2022-other-comprehensive-income-loss-net-of-tax-portion-attributable-to-parent-usd-0001564590-22-026876,bm25,True,tables,0.5,0.1772,0.1,3,0.5,0.2184,0.1667,3,0.5,0.2184,0.1667,3,0.5,0.2372,0.2,3,0.5,0.2641,0.25,4,0.5,0.3066,0.3333,4,0.5,0.3066,0.3333,6,1.0,0.4911,0.3333,12
xbrl-msft-2022-other-comprehensive-income-loss-net-of-tax-portion-attributable-to-parent-usd-0001564590-22-026876,hybrid,True,tables,0.5,0.2372,0.2,5,0.5,0.3869,0.5,6,1.0,0.5641,0.5,9,1.0,0.5714,0.5,10,1.0,0.5714,0.5,11,1.0,0.5641,0.5,11,1.0,0.5579,0.5,13,1.0,0.5579,0.5,16
xbrl-msft-2022-debt-securities-available-for-sale-continuous-unrealized-loss-position-less-than-12-months-usd-0001564590-22-026876,bm25,True,tables,1.0,0.4307,0.25,5,1.0,0.5,0.3333,6,1.0,0.5,0.3333,6,1.0,0.5,0.3333,6,1.0,0.5,0.3333,6,1.0,0.6309,0.5,6,1.0,0.6309,0.5,9,1.0,0.6309,0.5,10
xbrl-msft-2022-debt-securities-available-for-sale-continuous-unrealized-loss-position-less-than-12-months-usd-0001564590-22-026876,hybrid,True,tables,1.0,0.3562,0.1667,7,1.0,0.5,0.3333,10,1.0,0.5,0.3333,11,1.0,0.6309,0.5,12,1.0,0.6309,0.5,12,1.0,0.6309,0.5,13,1.0,0.6309,0.5,14,1.0,0.5,0.3333,16
xbrl-msft-2022-increase-decrease-in-accounts-receivable-usd-0001564590-22-026876,bm25,True,tables,1.0,0.2702,0.0833,4,1.0,0.2891,0.1,4,1.0,0.301,0.1111,4,1.0,0.301,0.1111,4,1.0,0.3333,0.1429,4,1.0,0.3562,0.1667,4,1.0,0.3869,0.2,4,1.0,0.4307,0.25,11
xbrl-msft-2022-increase-decrease-in-accounts-receivable-usd-0001564590-22-026876,hybrid,True,tables,1.0,0.2891,0.1,7,1.0,0.4307,0.25,9,1.0,0.5,0.3333,11,1.0,0.5,0.3333,11,1.0,0.5,0.3333,12,1.0,0.5,0.3333,12,1.0,0.4307,0.25,12,1.0,0.3333,0.1429,13
xbrl-msft-2022-short-term-investments-usd-0001564590-22-026876,bm25,True,tables,1.0,0.5714,0.5,9,1.0,0.5803,0.5,10,1.0,0.8066,1.0,10,1.0,0.8175,1.0,11,1.0,0.8316,1.0,11,1.0,0.8503,1.0,11,1.0,0.8772,1.0,11,1.0,0.8772,1.0,12
xbrl-msft-2022-short-term-investments-usd-0001564590-22-026876,hybrid,True,tables,0.5,0.3066,0.3333,7,1.0,0.5438,0.5,11,1.0,0.7842,1.0,13,1.0,0.7904,1.0,14,1.0,0.7904,1.0,14,1.0,0.7904,1.0,15,1.0,0.7788,1.0,16,1.0,0.7664,1.0,16
xbrl-msft-2022-income-loss-from-continuing-operations-before-income-taxes-foreign-usd-0001564590-22-026876,bm25,True,tables,1.0,0.3333,0.1429,5,1.0,0.3562,0.1667,5,1.0,0.3869,0.2,5,1.0,0.4307,0.25,5,1.0,0.4307,0.25,5,1.0,0.5,0.3333,5,1.0,0.6309,0.5,8,1.0,1.0,1.0,10
xbrl-msft-2022-income-loss-from-continuing-operations-before-income-taxes-foreign-usd-0001564590-22-026876,hybrid,True,tables,1.0,0.2702,0.0833,5,1.0,0.4307,0.25,8,1.0,0.6309,0.5,11,1.0,0.5,0.3333,12,1.0,0.4307,0.25,13,1.0,0.4307,0.25,14,1.0,0.4307,0.25,15,1.0,0.4307,0.25,16
xbrl-msft-2022-deferred-tax-assets-net-of-valuation-allowance-usd-0001564590-22-026876,bm25,True,tables,1.0,0.5,0.3333,4,1.0,0.6309,0.5,4,1.0,0.6309,0.5,4,1.0,1.0,1.0,5,1.0,1.0,1.0,7,1.0,1.0,1.0,7,1.0,1.0,1.0,7,1.0,1.0,1.0,10
xbrl-msft-2022-deferred-tax-assets-net-of-valuation-allowance-usd-0001564590-22-026876,hybrid,True,tables,1.0,0.4307,0.25,6,1.0,1.0,1.0,7,1.0,1.0,1.0,11,1.0,1.0,1.0,11,1.0,1.0,1.0,11,1.0,1.0,1.0,12,1.0,1.0,1.0,14,1.0,1.0,1.0,16
xbrl-msft-2022-derivative-asset-fair-value-gross-asset-including-not-subject-to-master-netting-arrangement-usd-0001564590-22-026876,bm25,True,tables,0.0,0.0,0.0,0,0.0,0.0,0.0,2,0.0,0.0,0.0,2,0.0,0.0,0.0,2,0.3333333333333333,0.1148,0.0625,3,0.3333333333333333,0.1173,0.0667,3,0.3333333333333333,0.1357,0.1,5,0.3333333333333333,0.2021,0.25,6
xbrl-msft-2022-derivative-asset-fair-value-gross-asset-including-not-subject-to-master-netting-arrangement-usd-0001564590-22-026876,hybrid,True,tables,0.3333333333333333,0.1268,0.0833,1,0.3333333333333333,0.2021,0.25,4,0.3333333333333333,0.2346,0.3333,7,0.3333333333333333,0.4693,1.0,8,0.3333333333333333,0.4693,1.0,8,0.3333333333333333,0.4693,1.0,8,0.3333333333333333,0.4693,1.0,11,0.3333333333333333,0.4693,1.0,14
xbrl-msft-2022-payments-to-acquire-investments-usd-0001564590-22-026876,bm25,True,tables,0.0,0.0,0.0,0,0.0,0.0,0.0,0,0.0,0.0,0.0,0,0.0,0.0,0.0,0,0.0,0.0,0.0,1,0.0,0.0,0.0,1,0.0,0.0,0.0,2,0.0,0.0,0.0,6
xbrl-msft-2022-payments-to-acquire-investments-usd-0001564590-22-026876,hybrid,True,tables,0.0,0.0,0.0,5,0.0,0.0,0.0,8,0.0,0.0,0.0,8,0.0,0.0,0.0,8,0.0,0.0,0.0,8,0.0,0.0,0.0,9,0.0,0.0,0.0,9,1.0,0.301,0.1111,13
xbrl-msft-2022-increase-decrease-in-other-current-liabilities-usd-0001564590-22-026876,bm25,True,tables,0.0,0.0,0.0,1,0.0,0.0,0.0,1,0.0,0.0,0.0,3,0.0,0.0,0.0,3,0.0,0.0,0.0,4,0.0,0.0,0.0,5,1.0,0.301,0.1111,9,1.0,0.3562,0.1667,13
xbrl-msft-2022-increase-decrease-in-other-current-liabilities-usd-0001564590-22-026876,hybrid,True,tables,0.0,0.0,0.0,4,0.0,0.0,0.0,8,1.0,0.3333,0.1429,11,1.0,0.3333,0.1429,11,1.0,0.3155,0.125,11,1.0,0.301,0.1111,12,1.0,0.2789,0.0909,16,1.0,0.2626,0.0769,16
xbrl-msft-2022-operating-lease-liability-noncurrent-usd-0001564590-22-026876,bm25,True,tables,0.5,0.2184,0.1667,5,0.5,0.2184,0.1667,5,0.5,0.2184,0.1667,5,0.5,0.2372,0.2,5,0.5,0.2372,0.2,6,0.5,0.2372,0.2,6,1.0,0.4298,0.25,7,1.0,0.5641,0.5,9
xbrl-msft-2022-operating-lease-liability-noncurrent-usd-0001564590-22-026876,hybrid,True,tables,0.5,0.2044,0.1429,6,0.5,0.2184,0.1667,10,0.5,0.2372,0.2,10,0.5,0.2641,0.25,11,0.5,0.2641,0.25,11,0.5,0.2641,0.25,11,0.5,0.2641,0.25,12,0.5,0.2641,0.25,13
xbrl-msft-2022-foreign-currency-transaction-gain-loss-before-tax-usd-0001564590-22-026876,bm25,True,prose,0.0,0.0,0.0,1,0.0,0.0,0.0,3,0.0,0.0,0.0,3,0.0,0.0,0.0,4,0.0,0.0,0.0,4,0.0,0.0,0.0,4,0.0,0.0,0.0,6,0.0,0.0,0.0,10
xbrl-msft-2022-foreign-currency-transaction-gain-loss-before-tax-usd-0001564590-22-026876,hybrid,True,prose,0.0,0.0,0.0,3,0.0,0.0,0.0,7,0.0,0.0,0.0,9,0.0,0.0,0.0,11,0.0,0.0,0.0,12,0.0,0.0,0.0,12,0.0,0.0,0.0,13,0.0,0.0,0.0,16
xbrl-msft-2022-income-loss-from-continuing-operations-before-income-taxes-noncontrolling-interest-usd-0001564590-22-026876,bm25,True,tables,1.0,0.3591,0.125,4,1.0,0.3701,0.1429,4,1.0,0.3894,0.1667,4,1.0,0.4413,0.25,4,1.0,0.4413,0.25,5,1.0,0.4911,0.3333,6,1.0,0.6509,0.5,7,1.0,0.9197,1.0,10
xbrl-msft-2022-income-loss-from-continuing-operations-before-income-taxes-noncontrolling-interest-usd-0001564590-22-026876,hybrid,True,tables,0.0,0.0,0.0,4,1.0,0.3367,0.0909,8,1.0,0.4228,0.1667,10,1.0,0.4556,0.2,11,1.0,0.4556,0.2,12,1.0,0.4556,0.2,13,1.0,0.4556,0.2,15,1.0,0.4218,0.2,16
xbrl-msft-2022-derivative-liability-usd-0001564590-22-026876,bm25,True,both,1.0,0.8194,1.0,4,1.0,0.8194,1.0,4,1.0,0.7845,1.0,4,1.0,0.7737,1.0,4,1.0,0.7845,1.0,4,1.0,0.7845,1.0,4,1.0,0.5642,0.3333,4,1.0,0.5317,0.25,6
xbrl-msft-2022-derivative-liability-usd-0001564590-22-026876,hybrid,True,both,1.0,0.9469,1.0,4,1.0,0.6183,0.3333,9,1.0,0.5833,0.3333,10,1.0,0.5286,0.3333,11,1.0,0.5251,0.3333,11,1.0,0.5143,0.3333,11,1.0,0.496,0.3333,11,0.6666666666666666,0.3579,0.3333,13
xbrl-msft-2023-debt-securities-available-for-sale-unrealized-loss-position-accumulated-loss-usd-0000950170-23-035122,bm25,True,tables,0.0,0.0,0.0,3,0.0,0.0,0.0,3,0.3333333333333333,0.1173,0.0667,4,0.3333333333333333,0.1201,0.0714,5,0.3333333333333333,0.1309,0.0909,5,0.3333333333333333,0.148,0.125,5,0.3333333333333333,0.1672,0.1667,8,0.6666666666666666,0.3048,0.2,14
xbrl-msft-2023-debt-securities-available-for-sale-unrealized-loss-position-accumulated-loss-usd-0000950170-23-035122,hybrid,True,tables,0.3333333333333333,0.1309,0.0909,7,0.6666666666666666,0.2832,0.1429,10,0.6666666666666666,0.3084,0.1667,11,0.6666666666666666,0.3228,0.2,14,0.6666666666666666,0.3501,0.25,14,0.6666666666666666,0.3501,0.25,16,1.0,0.4352,0.1667,16,1.0,0.4504,0.1667,16
xbrl-msft-2023-debt-securities-available-for-sale-realized-loss-usd-0000950170-23-035122,bm25,True,both,0.6666666666666666,0.7654,1.0,1,0.6666666666666666,0.7654,1.0,1,0.6666666666666666,0.7654,1.0,1,0.6666666666666666,0.7654,1.0,1,0.6666666666666666,0.7654,1.0,1,0.6666666666666666,0.7654,1.0,1,0.6666666666666666,0.7654,1.0,4,0.6666666666666666,0.7654,1.0,9
xbrl-msft-2023-debt-securities-available-for-sale-realized-loss-usd-0000950170-23-035122,hybrid,True,both,0.6666666666666666,0.7654,1.0,4,0.6666666666666666,0.7654,1.0,7,0.6666666666666666,0.7654,1.0,8,0.6666666666666666,0.7654,1.0,8,0.6666666666666666,0.6508,1.0,9,0.6666666666666666,0.6508,1.0,9,0.6666666666666666,0.6364,1.0,10,0.6666666666666666,0.5961,1.0,14
xbrl-msft-2023-operating-lease-liability-noncurrent-usd-0000950170-23-035122,bm25,True,tables,0.5,0.1934,0.125,6,0.5,0.1934,0.125,6,0.5,0.2044,0.1429,6,0.5,0.2184,0.1667,6,0.5,0.2372,0.2,6,0.5,0.2372,0.2,7,1.0,0.3905,0.2,8,1.0,0.5579,0.5,9
xbrl-msft-2023-operating-lease-liability-noncurrent-usd-0000950170-23-035122,hybrid,True,tables,0.5,0.2044,0.1429,7,0.5,0.2184,0.1667,9,0.5,0.2372,0.2,10,0.5,0.3066,0.3333,10,0.5,0.2641,0.25,10,0.5,0.2641,0.25,11,0.5,0.2641,0.25,13,0.5,0.2641,0.25,14
xbrl-msft-2023-deferred-tax-assets-other-usd-0000950170-23-035122,bm25,True,tables,0.3333333333333333,0.148,0.125,3,0.3333333333333333,0.1672,0.1667,3,0.3333333333333333,0.1815,0.2,3,0.3333333333333333,0.1815,0.2,4,0.3333333333333333,0.1815,0.2,4,0.3333333333333333,0.1815,0.2,5,0.3333333333333333,0.2346,0.3333,7,0.3333333333333333,0.2961,0.5,10
xbrl-msft-2023-deferred-tax-assets-other-usd-0000950170-23-035122,hybrid,True,tables,0.3333333333333333,0.1815,0.2,7,0.3333333333333333,0.2021,0.25,8,0.3333333333333333,0.2961,0.5,11,0.3333333333333333,0.2346,0.3333,12,0.3333333333333333,0.2346,0.3333,12,0.3333333333333333,0.2346,0.3333,12,0.3333333333333333,0.2346,0.3333,12,0.3333333333333333,0.2346,0.3333,15
xbrl-msft-2023-proceeds-from-maturities-prepayments-and-calls-of-debt-securities-available-for-sale-usd-0000950170-23-035122,bm25,True,tables,0.0,0.0,0.0,1,0.0,0.0,0.0,1,0.0,0.0,0.0,1,0.0,0.0,0.0,1,0.0,0.0,0.0,1,0.0,0.0,0.0,1,0.0,0.0,0.0,7,0.0,0.0,0.0,14
xbrl-msft-2023-proceeds-from-maturities-prepayments-and-calls-of-debt-securities-available-for-sale-usd-0000950170-23-035122,hybrid,True,tables,0.0,0.0,0.0,3,0.0,0.0,0.0,8,0.0,0.0,0.0,8,0.0,0.0,0.0,9,0.0,0.0,0.0,9,0.0,0.0,0.0,10,1.0,0.3155,0.125,11,1.0,0.256,0.0714,16
xbrl-msft-2023-inventory-raw-materials-net-of-reserves-usd-0000950170-23-035122,bm25,True,prose,0.3333333333333333,0.1815,0.2,1,0.3333333333333333,0.1815,0.2,2,0.3333333333333333,0.1815,0.2,3,0.3333333333333333,0.1815,0.2,3,0.3333333333333333,0.1815,0.2,3,0.3333333333333333,0.1815,0.2,5,0.3333333333333333,0.1564,0.1429,9,0.3333333333333333,0.1233,0.0769,12
xbrl-msft-2023-inventory-raw-materials-net-of-reserves-usd-0000950170-23-035122,hybrid,True,prose,0.3333333333333333,0.2021,0.25,9,0.3333333333333333,0.1233,0.0769,10,0.3333333333333333,0.1233,0.0769,10,0.3333333333333333,0.1201,0.0714,11,0.3333333333333333,0.1173,0.0667,12,0.3333333333333333,0.1173,0.0667,12,0.0,0.0,0.0,14,0.0,0.0,0.0,16
xbrl-msft-2023-leasehold-improvements-gross-usd-0000950170-23-035122,bm25,True,tables,1.0,0.6309,0.5,1,1.0,0.6309,0.5,1,1.0,0.6309,0.5,1,1.0,0.6309,0.5,1,1.0,0.6309,0.5,1,1.0,1.0,1.0,1,1.0,1.0,1.0,4,1.0,1.0,1.0,9
xbrl-msft-2023-leasehold-improvements-gross-usd-0000950170-23-035122,hybrid,True,tables,1.0,1.0,1.0,3,1.0,1.0,1.0,8,1.0,1.0,1.0,10,1.0,1.0,1.0,11,1.0,1.0,1.0,11,1.0,1.0,1.0,11,1.0,1.0,1.0,12,1.0,1.0,1.0,16
xbrl-msft-2023-deferred-tax-assets-net-of-valuation-allowance-usd-0000950170-23-035122,bm25,True,tables,1.0,0.6309,0.5,5,1.0,0.6309,0.5,5,1.0,0.6309,0.5,6,1.0,0.6309,0.5,7,1.0,1.0,1.0,8,1.0,1.0,1.0,8,1.0,1.0,1.0,8,1.0,1.0,1.0,10
xbrl-msft-2023-deferred-tax-assets-net-of-valuation-allowance-usd-0000950170-23-035122,hybrid,True,tables,1.0,1.0,1.0,7,1.0,1.0,1.0,9,1.0,1.0,1.0,12,1.0,1.0,1.0,12,1.0,1.0,1.0,12,1.0,1.0,1.0,12,1.0,1.0,1.0,15,1.0,1.0,1.0,16
xbrl-msft-2023-deferred-income-tax-liabilities-net-usd-0000950170-23-035122,bm25,True,tables,0.3333333333333333,0.2346,0.3333,3,0.3333333333333333,0.2961,0.5,5,0.3333333333333333,0.2961,0.5,5,0.3333333333333333,0.2961,0.5,5,0.3333333333333333,0.2961,0.5,6,0.3333333333333333,0.4693,1.0,6,0.6666666666666666,0.5925,1.0,7,0.6666666666666666,0.6105,1.0,11
xbrl-msft-2023-deferred-income-tax-liabilities-net-usd-0000950170-23-035122,hybrid,True,tables,0.3333333333333333,0.4693,1.0,6,0.3333333333333333,0.4693,1.0,9,0.6666666666666666,0.5866,1.0,11,0.6666666666666666,0.5866,1.0,13,0.6666666666666666,0.6002,1.0,14,0.6666666666666666,0.5961,1.0,14,0.6666666666666666,0.6002,1.0,16,0.6666666666666666,0.5961,1.0,16
xbrl-msft-2023-increase-decrease-in-income-taxes-payable-usd-0000950170-23-035122,bm25,True,both,0.3333333333333333,0.1173,0.0667,1,0.3333333333333333,0.1173,0.0667,1,0.0,0.0,0.0,3,0.0,0.0,0.0,4,0.0,0.0,0.0,5,0.3333333333333333,0.1148,0.0625,6,0.3333333333333333,0.1357,0.1,7,0.3333333333333333,0.1672,0.1667,11
xbrl-msft-2023-increase-decrease-in-income-taxes-payable-usd-0000950170-23-035122,hybrid,True,both,0.0,0.0,0.0,4,0.0,0.0,0.0,6,0.0,0.0,0.0,8,0.0,0.0,0.0,10,0.0,0.0,0.0,10,0.0,0.0,0.0,11,0.0,0.0,0.0,13,0.0,0.0,0.0,16
xbrl-msft-2023-lessee-operating-lease-liability-to-be-paid-year-one-usd-0000950170-23-035122,bm25,True,tables,0.0,0.0,0.0,1,0.0,0.0,0.0,1,0.0,0.0,0.0,1,0.0,0.0,0.0,1,0.0,0.0,0.0,1,0.0,0.0,0.0,3,0.0,0.0,0.0,3,1.0,0.2626,0.0769,10
xbrl-msft-2023-lessee-operating-lease-liability-to-be-paid-year-one-usd-0000950170-23-035122,hybrid,True,tables,1.0,0.2891,0.1,5,1.0,0.3333,0.1429,8,1.0,0.3869,0.2,8,1.0,0.3869,0.2,8,1.0,0.3869,0.2,8,1.0,0.3869,0.2,8,1.0,0.3869,0.2,11,1.0,0.3562,0.1667,14
xbrl-msft-2023-share-based-payment-arrangement-expense-tax-benefit-usd-0000950170-23-035122,bm25,True,tables,0.0,0.0,0.0,3,0.0,0.0,0.0,3,0.0,0.0,0.0,3,0.0,0.0,0.0,3,0.0,0.0,0.0,3,0.0,0.0,0.0,3,1.0,0.2702,0.0833,6,1.0,0.3869,0.2,10
xbrl-msft-2023-share-based-payment-arrangement-expense-tax-benefit-usd-0000950170-23-035122,hybrid,True,tables,1.0,0.2891,0.1,5,1.0,0.3562,0.1667,7,1.0,0.4307,0.25,10,1.0,0.4307,0.25,11,1.0,0.4307,0.25,11,1.0,0.4307,0.25,11,1.0,0.4307,0.25,11,1.0,0.5,0.3333,14
xbrl-msft-2023-loss-contingency-range-of-possible-loss-portion-not-accrued-usd-0000950170-23-035122,bm25,True,both,0.3333333333333333,0.1564,0.1429,0,0.3333333333333333,0.1564,0.1429,1,0.3333333333333333,0.1564,0.1429,2,0.3333333333333333,0.1564,0.1429,2,0.3333333333333333,0.1564,0.1429,3,0.3333333333333333,0.1564,0.1429,3,0.3333333333333333,0.1309,0.0909,4,0.3333333333333333,0.1148,0.0625,9
xbrl-msft-2023-loss-contingency-range-of-possible-loss-portion-not-accrued-usd-0000950170-23-035122,hybrid,True,both,0.3333333333333333,0.1815,0.2,4,0.3333333333333333,0.1815,0.2,8,0.3333333333333333,0.1148,0.0625,9,0.0,0.0,0.0,10,0.0,0.0,0.0,10,0.0,0.0,0.0,10,0.0,0.0,0.0,12,0.0,0.0,0.0,15
xbrl-msft-2023-deferred-tax-liabilities-gross-usd-0000950170-23-035122,bm25,True,tables,1.0,0.4307,0.25,2,1.0,0.5,0.3333,2,1.0,0.6309,0.5,2,1.0,0.6309,0.5,2,1.0,0.6309,0.5,2,1.0,0.6309,0.5,3,1.0,1.0,1.0,7,1.0,1.0,1.0,10
xbrl-msft-2023-deferred-tax-liabilities-gross-usd-0000950170-23-035122,hybrid,True,tables,1.0,0.5,0.3333,5,1.0,1.0,1.0,9,1.0,1.0,1.0,10,1.0,1.0,1.0,11,1.0,1.0,1.0,11,1.0,1.0,1.0,11,1.0,1.0,1.0,12,1.0,1.0,1.0,16
xbrl-msft-2023-unrecognized-tax-benefits-increase-resulting-from-prior-period-tax-positions-usd-0000950170-23-035122,bm25,True,tables,0.0,0.0,0.0,2,0.0,0.0,0.0,2,0.0,0.0,0.0,3,0.0,0.0,0.0,3,0.0,0.0,0.0,3,0.0,0.0,0.0,3,0.0,0.0,0.0,4,0.0,0.0,0.0,5
xbrl-msft-2023-unrecognized-tax-benefits-increase-resulting-from-prior-period-tax-positions-usd-0000950170-23-035122,hybrid,True,tables,0.0,0.0,0.0,3,0.0,0.0,0.0,4,0.0,0.0,0.0,7,0.0,0.0,0.0,8,0.0,0.0,0.0,10,0.0,0.0,0.0,10,0.0,0.0,0.0,11,0.0,0.0,0.0,13
xbrl-msft-2023-other-liabilities-current-usd-0000950170-23-035122,bm25,True,tables,1.0,0.256,0.0714,2,1.0,0.2626,0.0769,3,1.0,0.2789,0.0909,3,1.0,0.3333,0.1429,3,1.0,0.3869,0.2,5,1.0,0.3869,0.2,5,1.0,0.5,0.3333,9,1.0,0.6309,0.5,10
xbrl-msft-2023-other-liabilities-current-usd-0000950170-23-035122,hybrid,True,tables,1.0,0.3562,0.1667,9,1.0,0.5,0.3333,11,1.0,0.5,0.3333,11,1.0,0.6309,0.5,11,1.0,0.5,0.3333,12,1.0,0.5,0.3333,12,1.0,0.5,0.3333,14,1.0,0.4307,0.25,16
xbrl-msft-2023-inventory-net-usd-0000950170-23-035122,bm25,True,tables,0.0,0.0,0.0,0,0.0,0.0,0.0,0,0.0,0.0,0.0,0,0.0,0.0,0.0,2,0.0,0.0,0.0,2,0.0,0.0,0.0,2,0.3333333333333333,0.1148,0.0625,5,0.3333333333333333,0.1672,0.1667,8
xbrl-msft-2023-inventory-net-usd-0000950170-23-035122,hybrid,True,tables,0.3333333333333333,0.1309,0.0909,7,0.6666666666666666,0.3501,0.25,10,0.6666666666666666,0.3434,0.25,11,0.6666666666666666,0.3434,0.25,11,0.6666666666666666,0.3378,0.25,11,0.6666666666666666,0.3378,0.25,12,0.6666666666666666,0.3378,0.25,13,0.6666666666666666,0.3655,0.3333,15
xbrl-msft-2023-common-stocks-including-additional-paid-in-capital-usd-0000950170-23-035122,bm25,True,tables,1.0,0.4416,0.2,2,1.0,0.6053,0.5,4,1.0,0.6241,0.5,4,1.0,0.6934,0.5,4,1.0,0.6934,0.5,5,1.0,0.9197,1.0,5,1.0,1.0,1.0,6,1.0,1.0,1.0,11
xbrl-msft-2023-common-stocks-including-additional-paid-in-capital-usd-0000950170-23-035122,hybrid,True,tables,0.5,0.2184,0.1667,5,1.0,0.4723,0.3333,9,1.0,0.5579,0.5,10,1.0,0.5912,0.5,11,1.0,0.5912,0.5,12,1.0,0.5641,0.5,13,1.0,0.5714,0.5,14,1.0,0.4144,0.2,15
xbrl-msft-2023-short-term-investments-usd-0000950170-23-035122,bm25,True,tables,1.0,0.4838,0.3333,9,1.0,0.511,0.3333,9,1.0,0.8175,1.0,10,1.0,0.8175,1.0,10,1.0,0.8316,1.0,11,1.0,0.8316,1.0,11,1.0,0.8772,1.0,11,1.0,0.8772,1.0,13
xbrl-msft-2023-short-term-investments-usd-0000950170-23-035122,hybrid,True,tables,0.5,0.2641,0.25,8,0.5,0.3066,0.3333,11,1.0,0.7701,1.0,14,1.0,0.7788,1.0,14,1.0,0.7788,1.0,14,1.0,0.7788,1.0,14,1.0,0.7742,1.0,16,0.5,0.6131,1.0,16
xbrl-msft-2023-long-term-investments-usd-0000950170-23-035122,bm25,True,tables,0.5,0.1846,0.1111,4,0.5,0.2044,0.1429,5,0.5,0.2044,0.1429,6,0.5,0.2184,0.1667,6,0.5,0.2641,0.25,6,0.5,0.3066,0.3333,6,0.5,0.6131,1.0,8,1.0,0.7904,1.0,13
xbrl-msft-2023-long-term-investments-usd-0000950170-23-035122,hybrid,True,tables,0.5,0.161,0.0769,7,0.5,0.2372,0.2,11,0.5,0.2372,0.2,13,0.5,0.2372,0.2,15,0.5,0.2184,0.1667,15,0.5,0.2184,0.1667,15,1.0,0.3753,0.1667,16,0.5,0.2372,0.2,16
xbrl-msft-2024-lessee-operating-lease-liability-to-be-paid-after-year-five-usd-0000950170-24-087843,bm25,True,tables,0.0,0.0,0.0,2,0.0,0.0,0.0,2,0.0,0.0,0.0,2,0.0,0.0,0.0,2,0.0,0.0,0.0,2,0.0,0.0,0.0,2,0.0,0.0,0.0,4,1.0,0.2447,0.0625,10
xbrl-msft-2024-lessee-operating-lease-liability-to-be-paid-after-year-five-usd-0000950170-24-087843,hybrid,True,tables,1.0,0.256,0.0714,7,1.0,0.2789,0.0909,9,1.0,0.301,0.1111,9,1.0,0.301,0.1111,10,1.0,0.3333,0.1429,10,1.0,0.3155,0.125,10,1.0,0.3333,0.1429,12,1.0,0.3333,0.1429,14
xbrl-msft-2024-loss-contingency-range-of-possible-loss-portion-not-accrued-usd-0000950170-24-087843,bm25,True,both,0.3333333333333333,0.1201,0.0714,2,0.3333333333333333,0.1201,0.0714,2,0.3333333333333333,0.1148,0.0625,2,0.3333333333333333,0.1148,0.0625,2,0.3333333333333333,0.1201,0.0714,3,0.3333333333333333,0.1309,0.0909,3,0.3333333333333333,0.1815,0.2,8,0.3333333333333333,0.2021,0.25,11
xbrl-msft-2024-loss-contingency-range-of-possible-loss-portion-not-accrued-usd-0000950170-24-087843,hybrid,True,both,0.0,0.0,0.0,4,0.0,0.0,0.0,8,0.0,0.0,0.0,8,0.0,0.0,0.0,9,0.0,0.0,0.0,10,0.0,0.0,0.0,10,0.3333333333333333,0.1268,0.0833,13,0.3333333333333333,0.1173,0.0667,15
xbrl-msft-2024-derivative-liability-fair-value-gross-asset-usd-0000950170-24-087843,bm25,True,both,0.0,0.0,0.0,1,0.0,0.0,0.0,2,0.0,0.0,0.0,3,0.0,0.0,0.0,4,0.0,0.0,0.0,4,0.0,0.0,0.0,4,0.0,0.0,0.0,5,0.0,0.0,0.0,10
xbrl-msft-2024-derivative-liability-fair-value-gross-asset-usd-0000950170-24-087843,hybrid,True,both,0.0,0.0,0.0,6,0.0,0.0,0.0,9,0.0,0.0,0.0,11,0.0,0.0,0.0,12,0.0,0.0,0.0,14,0.0,0.0,0.0,15,0.0,0.0,0.0,16,0.0,0.0,0.0,16
xbrl-msft-2024-debt-securities-available-for-sale-continuous-unrealized-loss-position-12-months-or-longer-usd-0000950170-24-087843,bm25,True,tables,1.0,0.3869,0.2,6,1.0,0.3869,0.2,6,1.0,0.3869,0.2,6,1.0,0.4307,0.25,7,1.0,0.4307,0.25,7,1.0,0.4307,0.25,8,1.0,0.5,0.3333,10,1.0,0.5,0.3333,13
xbrl-msft-2024-debt-securities-available-for-sale-continuous-unrealized-loss-position-12-months-or-longer-usd-0000950170-24-087843,hybrid,True,tables,1.0,0.3869,0.2,8,1.0,0.3869,0.2,11,1.0,0.4307,0.25,12,1.0,0.4307,0.25,14,1.0,0.4307,0.25,14,1.0,0.4307,0.25,15,1.0,0.4307,0.25,16,1.0,0.4307,0.25,16
xbrl-msft-2024-other-comprehensive-income-loss-net-of-tax-portion-attributable-to-parent-usd-0000950170-24-087843,bm25,True,tables,0.3333333333333333,0.1672,0.1667,3,0.3333333333333333,0.1815,0.2,3,0.3333333333333333,0.1815,0.2,3,0.3333333333333333,0.2021,0.25,3,0.3333333333333333,0.2346,0.3333,3,0.3333333333333333,0.2346,0.3333,3,0.3333333333333333,0.2346,0.3333,5,0.6666666666666666,0.3759,0.3333,11
xbrl-msft-2024-other-comprehensive-income-loss-net-of-tax-portion-attributable-to-parent-usd-0000950170-24-087843,hybrid,True,tables,0.3333333333333333,0.2961,0.5,5,0.3333333333333333,0.4693,1.0,7,0.3333333333333333,0.2346,0.3333,8,0.6666666666666666,0.3911,0.3333,10,0.6666666666666666,0.6173,1.0,11,0.6666666666666666,0.6173,1.0,11,0.6666666666666666,0.6173,1.0,12,0.6666666666666666,0.6002,1.0,16
xbrl-msft-2024-finite-lived-intangible-asset-expected-amortization-year-one-usd-0000950170-24-087843,bm25,True,prose,1.0,0.5,0.3333,0,1.0,0.5,0.3333,0,1.0,0.5,0.3333,0,1.0,0.5,0.3333,0,1.0,0.5,0.3333,0,1.0,0.5,0.3333,0,1.0,0.5,0.3333,3,1.0,0.3869,0.2,8
xbrl-msft-2024-finite-lived-intangible-asset-expected-amortization-year-one-usd-0000950170-24-087843,hybrid,True,prose,1.0,1.0,1.0,3,1.0,1.0,1.0,7,1.0,1.0,1.0,8,1.0,1.0,1.0,8,1.0,0.5,0.3333,9,1.0,0.2702,0.0833,10,1.0,0.25,0.0667,13,0.0,0.0,0.0,16
xbrl-msft-2024-debt-instrument-unamortized-discount-premium-and-debt-issuance-costs-net-usd-0000950170-24-087843,bm25,True,tables,1.0,1.0,1.0,3,1.0,1.0,1.0,3,1.0,1.0,1.0,3,1.0,1.0,1.0,3,1.0,1.0,1.0,4,1.0,1.0,1.0,4,1.0,1.0,1.0,7,1.0,1.0,1.0,13
xbrl-msft-2024-debt-instrument-unamortized-discount-premium-and-debt-issuance-costs-net-usd-0000950170-24-087843,hybrid,True,tables,1.0,1.0,1.0,3,1.0,1.0,1.0,10,1.0,1.0,1.0,11,1.0,1.0,1.0,12,1.0,1.0,1.0,12,1.0,1.0,1.0,13,1.0,1.0,1.0,14,1.0,1.0,1.0,15
xbrl-msft-2024-common-stocks-including-additional-paid-in-capital-usd-0000950170-24-087843,bm25,True,tables,1.0,0.525,0.3333,3,1.0,0.5706,0.3333,4,1.0,0.6509,0.5,4,1.0,0.6509,0.5,4,1.0,0.6934,0.5,4,1.0,0.9197,1.0,5,1.0,1.0,1.0,5,1.0,1.0,1.0,12
xbrl-msft-2024-common-stocks-including-additional-paid-in-capital-usd-0000950170-24-087843,hybrid,True,tables,1.0,0.3684,0.1667,5,1.0,0.6053,0.5,7,1.0,0.8503,1.0,10,1.0,0.6509,0.5,12,1.0,0.6509,0.5,13,1.0,0.6509,0.5,13,1.0,0.5,0.3333,14,1.0,0.403,0.1667,15
xbrl-msft-2024-repayments-of-debt-maturing-in-more-than-three-months-usd-0000950170-24-087843,bm25,True,tables,1.0,0.2702,0.0833,3,1.0,0.301,0.1111,5,1.0,0.3562,0.1667,5,1.0,0.3869,0.2,6,1.0,0.4307,0.25,6,1.0,0.6309,0.5,6,1.0,1.0,1.0,6,1.0,1.0,1.0,12
xbrl-msft-2024-repayments-of-debt-maturing-in-more-than-three-months-usd-0000950170-24-087843,hybrid,True,tables,1.0,0.4307,0.25,7,1.0,0.6309,0.5,11,1.0,0.6309,0.5,11,1.0,0.6309,0.5,12,1.0,0.6309,0.5,12,1.0,0.6309,0.5,13,1.0,0.6309,0.5,16,1.0,0.5,0.3333,16
xbrl-msft-2024-cash-cash-equivalents-and-short-term-investments-usd-0000950170-24-087843,bm25,True,tables,1.0,0.6309,0.5,10,1.0,1.0,1.0,10,1.0,1.0,1.0,10,1.0,1.0,1.0,10,1.0,1.0,1.0,10,1.0,1.0,1.0,10,1.0,1.0,1.0,11,1.0,1.0,1.0,14
xbrl-msft-2024-cash-cash-equivalents-and-short-term-investments-usd-0000950170-24-087843,hybrid,True,tables,1.0,0.3869,0.2,10,1.0,0.3869,0.2,13,1.0,0.4307,0.25,14,1.0,0.5,0.3333,15,1.0,0.5,0.3333,15,1.0,0.4307,0.25,16,1.0,0.4307,0.25,16,1.0,0.4307,0.25,16
xbrl-msft-2024-land-usd-0000950170-24-087843,bm25,True,tables,1.0,0.301,0.1111,1,1.0,0.3155,0.125,1,1.0,0.6309,0.5,1,1.0,0.6309,0.5,1,1.0,1.0,1.0,1,1.0,1.0,1.0,1,1.0,1.0,1.0,1,1.0,1.0,1.0,4
xbrl-msft-2024-land-usd-0000950170-24-087843,hybrid,True,tables,1.0,0.6309,0.5,6,1.0,0.6309,0.5,9,1.0,1.0,1.0,10,1.0,1.0,1.0,10,1.0,1.0,1.0,11,1.0,1.0,1.0,11,1.0,0.6309,0.5,11,1.0,0.5,0.3333,15
xbrl-msft-2024-operating-lease-liability-noncurrent-usd-0000950170-24-087843,bm25,True,tables,0.5,0.2044,0.1429,6,0.5,0.2044,0.1429,6,0.5,0.2044,0.1429,6,0.5,0.2184,0.1667,6,0.5,0.2372,0.2,6,0.5,0.2372,0.2,6,1.0,0.3872,0.2,8,1.0,0.5579,0.5,9
xbrl-msft-2024-operating-lease-liability-noncurrent-usd-0000950170-24-087843,hybrid,True,tables,0.5,0.2184,0.1667,8,1.0,0.3956,0.1667,10,1.0,0.4144,0.2,11,1.0,0.4911,0.3333,11,1.0,0.5,0.3333,11,1.0,0.4413,0.25,12,1.0,0.4413,0.25,13,1.0,0.4676,0.3333,15
xbrl-msft-2024-current-federal-tax-expense-benefit-usd-0000950170-24-087843,bm25,True,tables,1.0,0.25,0.0667,4,1.0,0.2626,0.0769,4,1.0,0.2626,0.0769,5,1.0,0.2626,0.0769,5,1.0,0.2702,0.0833,5,1.0,0.3155,0.125,5,1.0,0.4307,0.25,5,1.0,0.5,0.3333,7
xbrl-msft-2024-current-federal-tax-expense-benefit-usd-0000950170-24-087843,hybrid,True,tables,1.0,0.3333,0.1429,6,1.0,0.3562,0.1667,7,1.0,0.4307,0.25,8,1.0,0.5,0.3333,9,1.0,0.5,0.3333,9,1.0,0.5,0.3333,9,1.0,0.6309,0.5,10,1.0,0.6309,0.5,11
xbrl-msft-2024-commercial-paper-usd-0000950170-24-087843,bm25,True,tables,0.0,0.0,0.0,3,0.0,0.0,0.0,3,0.0,0.0,0.0,3,0.0,0.0,0.0,3,0.0,0.0,0.0,4,0.0,0.0,0.0,5,0.0,0.0,0.0,5,0.0,0.0,0.0,6
xbrl-msft-2024-commercial-paper-usd-0000950170-24-087843,hybrid,True,tables,0.0,0.0,0.0,5,0.0,0.0,0.0,10,0.0,0.0,0.0,10,0.0,0.0,0.0,10,0.0,0.0,0.0,11,0.0,0.0,0.0,11,0.0,0.0,0.0,11,0.0,0.0,0.0,14
xbrl-msft-2024-operating-lease-right-of-use-asset-usd-0000950170-24-087843,bm25,True,tables,1.0,0.3978,0.1429,4,1.0,0.3978,0.1429,4,1.0,0.3978,0.1429,5,1.0,0.3978,0.1429,5,1.0,0.3978,0.1429,6,1.0,0.3978,0.1429,6,1.0,0.5706,0.3333,6,1.0,0.5706,0.3333,11
xbrl-msft-2024-operating-lease-right-of-use-asset-usd-0000950170-24-087843,hybrid,True,tables,1.0,0.4575,0.25,9,1.0,0.4416,0.2,9,1.0,0.4825,0.25,9,1.0,0.5438,0.3333,10,1.0,0.5438,0.3333,11,1.0,0.5438,0.3333,11,1.0,0.5706,0.3333,15,1.0,0.5706,0.3333,16
xbrl-msft-2024-increase-decrease-in-income-taxes-payable-usd-0000950170-24-087843,bm25,True,tables,0.0,0.0,0.0,1,0.0,0.0,0.0,2,0.0,0.0,0.0,4,1.0,0.25,0.0667,6,1.0,0.25,0.0667,6,1.0,0.2702,0.0833,6,1.0,0.3333,0.1429,9,1.0,0.3562,0.1667,12
xbrl-msft-2024-increase-decrease-in-income-taxes-payable-usd-0000950170-24-087843,hybrid,True,tables,0.0,0.0,0.0,5,0.0,0.0,0.0,6,0.0,0.0,0.0,9,0.0,0.0,0.0,10,0.0,0.0,0.0,11,0.0,0.0,0.0,11,1.0,0.2447,0.0625,15,0.0,0.0,0.0,16
xbrl-msft-2024-gain-loss-on-derivative-instruments-net-pretax-usd-0000950170-24-087843,bm25,True,both,0.6666666666666666,0.2737,0.1429,1,0.6666666666666666,0.2737,0.1429,1,0.6666666666666666,0.2737,0.1429,1,0.6666666666666666,0.2629,0.125,2,0.6666666666666666,0.2629,0.125,2,0.3333333333333333,0.148,0.125,3,0.3333333333333333,0.148,0.125,6,0.6666666666666666,0.2349,0.0714,8
xbrl-msft-2024-gain-loss-on-derivative-instruments-net-pretax-usd-0000950170-24-087843,hybrid,True,both,0.3333333333333333,0.1564,0.1429,4,0.3333333333333333,0.1268,0.0833,6,0.3333333333333333,0.1564,0.1429,9,0.3333333333333333,0.1672,0.1667,10,0.3333333333333333,0.1815,0.2,11,0.3333333333333333,0.1815,0.2,11,0.3333333333333333,0.1815,0.2,13,0.3333333333333333,0.2021,0.25,16
xbrl-msft-2024-payments-to-acquire-investments-usd-0000950170-24-087843,bm25,True,tables,0.0,0.0,0.0,0,0.0,0.0,0.0,0,0.0,0.0,0.0,0,0.0,0.0,0.0,1,0.0,0.0,0.0,1,0.0,0.0,0.0,1,0.0,0.0,0.0,2,0.0,0.0,0.0,6
xbrl-msft-2024-payments-to-acquire-investments-usd-0000950170-24-087843,hybrid,True,tables,0.0,0.0,0.0,3,0.0,0.0,0.0,7,0.0,0.0,0.0,8,0.0,0.0,0.0,8,0.0,0.0,0.0,8,0.0,0.0,0.0,9,0.0,0.0,0.0,9,0.0,0.0,0.0,13
xbrl-msft-2024-share-based-payment-arrangement-expense-tax-benefit-usd-0000950170-24-087843,bm25,True,tables,0.0,0.0,0.0,2,0.0,0.0,0.0,2,0.0,0.0,0.0,2,0.0,0.0,0.0,2,0.0,0.0,0.0,2,0.0,0.0,0.0,2,1.0,0.3333,0.1429,6,1.0,0.4307,0.25,11
xbrl-msft-2024-share-based-payment-arrangement-expense-tax-benefit-usd-0000950170-24-087843,hybrid,True,tables,1.0,0.301,0.1111,4,1.0,0.3562,0.1667,7,1.0,0.5,0.3333,10,1.0,0.5,0.3333,10,1.0,0.5,0.3333,11,1.0,0.5,0.3333,11,1.0,0.6309,0.5,11,1.0,0.6309,0.5,14
xbrl-msft-2024-property-plant-and-equipment-net-usd-0000950170-24-087843,bm25,True,tables,0.5,0.2641,0.25,2,1.0,0.4141,0.25,4,1.0,0.4351,0.25,4,1.0,0.5641,0.5,4,1.0,0.5714,0.5,4,1.0,0.8066,1.0,4,1.0,0.8175,1.0,6,1.0,0.8772,1.0,11
xbrl-msft-2024-property-plant-and-equipment-net-usd-0000950170-24-087843,hybrid,True,tables,1.0,0.4144,0.2,6,1.0,0.5706,0.3333,9,1.0,0.6934,0.5,9,1.0,0.6934,0.5,10,1.0,0.6934,0.5,11,1.0,0.6934,0.5,11,1.0,0.6509,0.5,13,1.0,0.6509,0.5,16
xbrl-msft-2025-deferred-state-and-local-income-tax-expense-benefit-usd-0000950170-25-100235,bm25,True,tables,1.0,0.5,0.3333,4,1.0,0.6309,0.5,4,1.0,0.6309,0.5,4,1.0,0.6309,0.5,5,1.0,0.6309,0.5,5,1.0,1.0,1.0,5,1.0,1.0,1.0,7,1.0,1.0,1.0,9
xbrl-msft-2025-deferred-state-and-local-income-tax-expense-benefit-usd-0000950170-25-100235,hybrid,True,tables,1.0,1.0,1.0,6,1.0,1.0,1.0,6,1.0,1.0,1.0,8,1.0,1.0,1.0,10,1.0,1.0,1.0,11,1.0,1.0,1.0,11,1.0,1.0,1.0,13,1.0,1.0,1.0,16
xbrl-msft-2025-net-income-loss-attributable-to-parent-usd-0000950170-25-100235,bm25,True,tables,0.0,0.0,0.0,3,0.0,0.0,0.0,3,0.0,0.0,0.0,3,0.0,0.0,0.0,3,0.0,0.0,0.0,3,0.0,0.0,0.0,3,0.0,0.0,0.0,5,0.6666666666666666,0.2893,0.125,9
xbrl-msft-2025-net-income-loss-attributable-to-parent-usd-0000950170-25-100235,hybrid,True,tables,0.0,0.0,0.0,4,0.3333333333333333,0.1233,0.0769,10,0.3333333333333333,0.1233,0.0769,10,0.3333333333333333,0.1268,0.0833,10,0.6666666666666666,0.3236,0.1667,11,0.6666666666666666,0.3236,0.1667,11,0.6666666666666666,0.3236,0.1667,11,0.6666666666666666,0.3152,0.1667,14
xbrl-msft-2025-accounts-receivable-allowance-for-credit-loss-current-usd-0000950170-25-100235,bm25,True,both,0.6666666666666666,0.5307,0.5,2,0.6666666666666666,0.5307,0.5,2,0.6666666666666666,0.5307,0.5,2,0.6666666666666666,0.7039,1.0,4,0.6666666666666666,0.7039,1.0,4,0.6666666666666666,0.7039,1.0,4,0.6666666666666666,0.6714,1.0,7,0.6666666666666666,0.6714,1.0,9
xbrl-msft-2025-accounts-receivable-allowance-for-credit-loss-current-usd-0000950170-25-100235,hybrid,True,both,0.3333333333333333,0.2961,0.5,8,0.6666666666666666,0.6002,1.0,10,0.6666666666666666,0.6049,1.0,10,0.6666666666666666,0.6002,1.0,11,0.6666666666666666,0.6002,1.0,11,0.6666666666666666,0.6002,1.0,11,0.6666666666666666,0.5961,1.0,12,0.6666666666666666,0.5961,1.0,12
xbrl-msft-2025-debt-securities-available-for-sale-maturity-allocated-and-single-maturity-date-rolling-after-10-years-fair-value-usd-0000950170-25-100235,bm25,True,tables,0.0,0.0,0.0,1,0.0,0.0,0.0,1,0.0,0.0,0.0,1,1.0,0.2447,0.0625,2,1.0,0.2626,0.0769,2,1.0,0.301,0.1111,2,1.0,0.5,0.3333,4,1.0,0.6309,0.5,10
xbrl-msft-2025-debt-securities-available-for-sale-maturity-allocated-and-single-maturity-date-rolling-after-10-years-fair-value-usd-0000950170-25-100235,hybrid,True,tables,1.0,0.2702,0.0833,5,1.0,0.301,0.1111,7,1.0,0.5,0.3333,10,1.0,0.6309,0.5,10,1.0,0.6309,0.5,11,1.0,0.6309,0.5,11,1.0,0.6309,0.5,13,1.0,0.4307,0.25,16
xbrl-msft-2025-debt-securities-available-for-sale-continuous-unrealized-loss-position-12-months-or-longer-accumulated-loss-usd-0000950170-25-100235,bm25,True,tables,1.0,0.3701,0.1429,7,1.0,0.3956,0.1667,7,1.0,0.3956,0.1667,7,1.0,0.4218,0.2,7,1.0,0.4218,0.2,7,1.0,0.4306,0.2,8,1.0,0.4685,0.25,9,1.0,0.4825,0.25,12
xbrl-msft-2025-debt-securities-available-for-sale-continuous-unrealized-loss-position-12-months-or-longer-accumulated-loss-usd-0000950170-25-100235,hybrid,True,tables,1.0,0.3816,0.1429,7,1.0,0.4118,0.1667,11,1.0,0.4306,0.2,13,1.0,0.4416,0.2,14,1.0,0.4416,0.2,15,1.0,0.4416,0.2,16,1.0,0.4685,0.25,16,1.0,0.4685,0.25,16
xbrl-msft-2025-operating-lease-liability-usd-0000950170-25-100235,bm25,True,tables,0.5,0.2184,0.1667,5,0.5,0.2372,0.2,5,0.5,0.2372,0.2,5,1.0,0.3872,0.2,6,1.0,0.3941,0.2,6,1.0,0.3941,0.2,6,1.0,0.4218,0.2,7,1.0,0.5714,0.5,9
xbrl-msft-2025-operating-lease-liability-usd-0000950170-25-100235,hybrid,True,tables,1.0,0.4118,0.1667,7,1.0,0.4228,0.1667,10,1.0,0.4416,0.2,10,1.0,0.4556,0.2,11,1.0,0.5013,0.25,12,1.0,0.5013,0.25,12,1.0,0.5013,0.25,13,1.0,0.5013,0.25,16
xbrl-msft-2025-net-cash-provided-by-used-in-investing-activities-usd-0000950170-25-100235,bm25,True,tables,1.0,0.5,0.3333,2,1.0,0.6309,0.5,2,1.0,0.6309,0.5,3,1.0,0.6309,0.5,4,1.0,0.6309,0.5,4,1.0,0.6309,0.5,5,1.0,1.0,1.0,8,1.0,1.0,1.0,13
xbrl-msft-2025-net-cash-provided-by-used-in-investing-activities-usd-0000950170-25-100235,hybrid,True,tables,1.0,0.6309,0.5,8,1.0,1.0,1.0,12,1.0,1.0,1.0,12,1.0,1.0,1.0,13,1.0,1.0,1.0,14,1.0,1.0,1.0,15,1.0,1.0,1.0,16,1.0,1.0,1.0,16
xbrl-msft-2025-deferred-income-tax-expense-benefit-usd-0000950170-25-100235,bm25,True,tables,0.0,0.0,0.0,4,0.0,0.0,0.0,4,0.0,0.0,0.0,4,0.0,0.0,0.0,4,0.0,0.0,0.0,4,0.0,0.0,0.0,4,1.0,0.3267,0.0833,7,1.0,0.3707,0.125,10
xbrl-msft-2025-deferred-income-tax-expense-benefit-usd-0000950170-25-100235,hybrid,True,tables,0.5,0.161,0.0769,7,0.5,0.171,0.0909,8,1.0,0.3577,0.1429,10,1.0,0.3795,0.1667,11,1.0,0.4218,0.2,11,1.0,0.4218,0.2,11,1.0,0.4218,0.2,13,1.0,0.4144,0.2,15
xbrl-msft-2025-lessee-operating-lease-liability-undiscounted-excess-amount-usd-0000950170-25-100235,bm25,True,tables,0.0,0.0,0.0,5,0.0,0.0,0.0,5,0.0,0.0,0.0,5,0.0,0.0,0.0,5,0.0,0.0,0.0,5,0.0,0.0,0.0,5,1.0,0.2891,0.1,7,1.0,0.301,0.1111,8
xbrl-msft-2025-lessee-operating-lease-liability-undiscounted-excess-amount-usd-0000950170-25-100235,hybrid,True,tables,1.0,0.3155,0.125,9,1.0,0.3333,0.1429,10,1.0,0.3562,0.1667,10,1.0,0.3869,0.2,11,1.0,0.3869,0.2,11,1.0,0.3869,0.2,12,1.0,0.3869,0.2,12,1.0,0.3869,0.2,15
xbrl-msft-2025-debt-securities-available-for-sale-unrealized-loss-position-usd-0000950170-25-100235,bm25,True,tables,0.0,0.0,0.0,3,0.0,0.0,0.0,4,0.0,0.0,0.0,5,0.0,0.0,0.0,5,0.0,0.0,0.0,5,0.0,0.0,0.0,6,1.0,0.2626,0.0769,11,1.0,0.2891,0.1,14
xbrl-msft-2025-debt-securities-available-for-sale-unrealized-loss-position-usd-0000950170-25-100235,hybrid,True,tables,1.0,0.2626,0.0769,9,1.0,0.2789,0.0909,12,1.0,0.301,0.1111,12,1.0,0.3155,0.125,14,1.0,0.3155,0.125,14,1.0,0.3155,0.125,14,1.0,0.3333,0.1429,15,1.0,0.3333,0.1429,16
xbrl-msft-2025-deferred-income-tax-liabilities-net-usd-0000950170-25-100235,bm25,True,tables,0.5,0.3869,0.5,4,0.5,0.3869,0.5,4,0.5,0.3869,0.5,4,0.5,0.3869,0.5,5,0.5,0.3869,0.5,5,0.5,0.3869,0.5,5,1.0,0.7632,1.0,7,1.0,0.8066,1.0,10
xbrl-msft-2025-deferred-income-tax-liabilities-net-usd-0000950170-25-100235,hybrid,True,tables,0.5,0.3869,0.5,6,0.5,0.6131,1.0,9,0.5,0.6131,1.0,10,1.0,0.7742,1.0,14,1.0,0.7788,1.0,14,1.0,0.7788,1.0,14,1.0,0.7788,1.0,16,1.0,0.7788,1.0,16
xbrl-msft-2025-deferred-tax-liabilities-gross-usd-0000950170-25-100235,bm25,True,tables,1.0,0.5,0.3333,2,1.0,0.6309,0.5,2,1.0,0.6309,0.5,2,1.0,0.6309,0.5,2,1.0,0.6309,0.5,2,1.0,0.6309,0.5,2,1.0,1.0,1.0,7,1.0,1.0,1.0,12
xbrl-msft-2025-deferred-tax-liabilities-gross-usd-0000950170-25-100235,hybrid,True,tables,1.0,0.6309,0.5,5,1.0,1.0,1.0,8,1.0,1.0,1.0,12,1.0,1.0,1.0,12,1.0,1.0,1.0,12,1.0,1.0,1.0,12,1.0,1.0,1.0,13,1.0,1.0,1.0,16
xbrl-msft-2025-derivative-liability-fair-value-gross-liability-usd-0000950170-25-100235,bm25,True,tables,0.0,0.0,0.0,2,0.0,0.0,0.0,2,0.0,0.0,0.0,2,0.0,0.0,0.0,2,0.0,0.0,0.0,2,0.0,0.0,0.0,3,0.0,0.0,0.0,6,0.0,0.0,0.0,10
xbrl-msft-2025-derivative-liability-fair-value-gross-liability-usd-0000950170-25-100235,hybrid,True,tables,0.0,0.0,0.0,4,0.0,0.0,0.0,9,0.0,0.0,0.0,11,0.0,0.0,0.0,13,0.0,0.0,0.0,13,0.0,0.0,0.0,14,0.0,0.0,0.0,16,0.0,0.0,0.0,16
xbrl-msft-2025-operating-lease-right-of-use-asset-usd-0000950170-25-100235,bm25,True,tables,1.0,0.4228,0.1667,4,1.0,0.4228,0.1667,4,1.0,0.4228,0.1667,4,1.0,0.4228,0.1667,5,1.0,0.4228,0.1667,5,1.0,0.4556,0.2,5,1.0,0.5438,0.3333,5,1.0,0.5706,0.3333,11
xbrl-msft-2025-operating-lease-right-of-use-asset-usd-0000950170-25-100235,hybrid,True,tables,1.0,0.4556,0.2,9,1.0,0.4556,0.2,9,1.0,0.4825,0.25,9,1.0,0.5438,0.3333,10,1.0,0.5706,0.3333,10,1.0,0.5706,0.3333,11,1.0,0.5706,0.3333,15,1.0,0.5706,0.3333,16
xbrl-msft-2025-unrecognized-tax-benefits-usd-0000950170-25-100235,bm25,True,tables,1.0,0.6309,0.5,1,1.0,1.0,1.0,2,1.0,1.0,1.0,2,1.0,1.0,1.0,3,1.0,1.0,1.0,4,1.0,1.0,1.0,4,1.0,1.0,1.0,5,1.0,1.0,1.0,6
xbrl-msft-2025-unrecognized-tax-benefits-usd-0000950170-25-100235,hybrid,True,tables,1.0,0.6309,0.5,5,1.0,1.0,1.0,5,1.0,1.0,1.0,6,1.0,1.0,1.0,8,1.0,1.0,1.0,9,1.0,1.0,1.0,9,1.0,1.0,1.0,11,1.0,1.0,1.0,13
xbrl-msft-2025-equity-securities-fv-ni-unrealized-gain-loss-usd-0000950170-25-100235,bm25,True,tables,0.0,0.0,0.0,12,0.0,0.0,0.0,12,0.0,0.0,0.0,13,0.0,0.0,0.0,13,0.0,0.0,0.0,13,0.0,0.0,0.0,13,0.0,0.0,0.0,14,0.0,0.0,0.0,15
xbrl-msft-2025-equity-securities-fv-ni-unrealized-gain-loss-usd-0000950170-25-100235,hybrid,True,tables,0.0,0.0,0.0,11,0.0,0.0,0.0,12,0.0,0.0,0.0,14,0.0,0.0,0.0,15,0.0,0.0,0.0,16,0.0,0.0,0.0,16,1.0,0.2447,0.0625,16,1.0,0.25,0.0667,16
xbrl-msft-2025-nonoperating-income-expense-usd-0000950170-25-100235,bm25,True,tables,0.0,0.0,0.0,2,0.6666666666666666,0.2434,0.0769,4,0.6666666666666666,0.2501,0.0833,4,0.6666666666666666,0.2769,0.1111,4,0.6666666666666666,0.3045,0.1429,4,0.6666666666666666,0.3045,0.1429,4,0.6666666666666666,0.3836,0.25,5,1.0,0.5724,0.3333,9
xbrl-msft-2025-nonoperating-income-expense-usd-0000950170-25-100235,hybrid,True,tables,1.0,0.3886,0.125,8,1.0,0.5471,0.3333,11,1.0,0.5249,0.25,12,1.0,0.5574,0.3333,12,1.0,0.5574,0.3333,12,1.0,0.5249,0.25,13,1.0,0.5193,0.25,15,1.0,0.4687,0.25,15
xbrl-msft-2025-debt-securities-available-for-sale-maturity-allocated-and-single-maturity-date-rolling-after-one-through-five-years-fair-value-usd-0000950170-25-100235,bm25,True,tables,1.0,0.5,0.3333,2,1.0,0.5,0.3333,2,1.0,0.5,0.3333,2,1.0,0.6309,0.5,2,1.0,0.6309,0.5,2,1.0,0.6309,0.5,2,1.0,1.0,1.0,3,1.0,1.0,1.0,7
xbrl-msft-2025-debt-securities-available-for-sale-maturity-allocated-and-single-maturity-date-rolling-after-one-through-five-years-fair-value-usd-0000950170-25-100235,hybrid,True,tables,1.0,0.2891,0.1,3,1.0,0.5,0.3333,6,1.0,0.5,0.3333,10,1.0,0.6309,0.5,10,1.0,0.6309,0.5,10,1.0,0.6309,0.5,10,1.0,0.6309,0.5,12,1.0,0.5,0.3333,16
xbrl-msft-2025-unrecognized-tax-benefits-decrease-resulting-from-prior-period-tax-positions-usd-0000950170-25-100235,bm25,True,prose,0.6666666666666666,0.7039,1.0,1,0.6666666666666666,0.7039,1.0,2,0.6666666666666666,0.5307,0.5,2,0.6666666666666666,0.5307,0.5,3,0.6666666666666666,0.5307,0.5,3,0.6666666666666666,0.5307,0.5,3,0.6666666666666666,0.5307,0.5,3,0.6666666666666666,0.5307,0.5,5
xbrl-msft-2025-unrecognized-tax-benefits-decrease-resulting-from-prior-period-tax-positions-usd-0000950170-25-100235,hybrid,True,prose,0.6666666666666666,0.7039,1.0,3,0.6666666666666666,0.7039,1.0,5,0.6666666666666666,0.5307,0.5,7,0.6666666666666666,0.5307,0.5,8,0.6666666666666666,0.4441,0.5,10,0.6666666666666666,0.3615,0.3333,11,0.6666666666666666,0.2577,0.0909,11,0.6666666666666666,0.2434,0.0769,13
xbrl-msft-2025-gain-loss-on-derivative-instruments-net-pretax-usd-0000950170-25-100235,bm25,True,both,0.3333333333333333,0.1413,0.1111,1,0.3333333333333333,0.1413,0.1111,1,0.3333333333333333,0.1413,0.1111,2,0.3333333333333333,0.1413,0.1111,3,0.3333333333333333,0.1413,0.1111,3,0.3333333333333333,0.1413,0.1111,3,0.3333333333333333,0.1309,0.0909,5,0.6666666666666666,0.2321,0.0667,9
xbrl-msft-2025-gain-loss-on-derivative-instruments-net-pretax-usd-0000950170-25-100235,hybrid,True,both,0.3333333333333333,0.1233,0.0769,5,0.0,0.0,0.0,7,0.6666666666666666,0.2722,0.1111,9,0.6666666666666666,0.2893,0.125,10,0.6666666666666666,0.3236,0.1667,11,0.6666666666666666,0.3236,0.1667,11,0.6666666666666666,0.338,0.2,14,0.6666666666666666,0.3487,0.2,16
xbrl-mu-2021-inventory-work-in-process-net-of-reserves-usd-0000723125-21-000065,bm25,True,tables,1.0,0.2702,0.0833,1,1.0,0.301,0.1111,1,1.0,0.3869,0.2,1,1.0,0.3869,0.2,2,1.0,0.3869,0.2,2,1.0,0.3869,0.2,2,1.0,0.6309,0.5,5,1.0,1.0,1.0,12
xbrl-mu-2021-inventory-work-in-process-net-of-reserves-usd-0000723125-21-000065,hybrid,True,tables,1.0,0.6309,0.5,2,1.0,1.0,1.0,4,1.0,1.0,1.0,8,1.0,1.0,1.0,9,1.0,1.0,1.0,9,1.0,1.0,1.0,9,1.0,1.0,1.0,12,1.0,1.0,1.0,16
xbrl-mu-2021-accounts-receivable-after-allowance-for-credit-loss-current-usd-0000723125-21-000065,bm25,True,tables,0.0,0.0,0.0,1,0.0,0.0,0.0,3,0.0,0.0,0.0,4,0.0,0.0,0.0,5,0.0,0.0,0.0,6,0.0,0.0,0.0,6,0.0,0.0,0.0,11,0.0,0.0,0.0,14
xbrl-mu-2021-accounts-receivable-after-allowance-for-credit-loss-current-usd-0000723125-21-000065,hybrid,True,tables,1.0,0.2447,0.0625,9,1.0,0.2702,0.0833,11,1.0,0.2702,0.0833,11,1.0,0.2626,0.0769,12,1.0,0.256,0.0714,13,1.0,0.25,0.0667,14,0.0,0.0,0.0,16,0.0,0.0,0.0,16
xbrl-mu-2021-inventory-net-usd-0000723125-21-000065,bm25,True,tables,0.0,0.0,0.0,1,0.0,0.0,0.0,1,0.0,0.0,0.0,1,0.0,0.0,0.0,1,0.0,0.0,0.0,1,0.0,0.0,0.0,1,0.0,0.0,0.0,3,0.0,0.0,0.0,12
xbrl-mu-2021-inventory-net-usd-0000723125-21-000065,hybrid,True,tables,0.0,0.0,0.0,4,0.5,0.161,0.0769,9,0.5,0.1657,0.0833,10,0.5,0.1657,0.0833,10,0.5,0.1533,0.0667,11,0.5,0.1533,0.0667,11,0.5,0.15,0.0625,12,0.0,0.0,0.0,16
xbrl-mu-2021-taxes-payable-current-usd-0000723125-21-000065,bm25,True,tables,0.3333333333333333,0.1672,0.1667,6,0.3333333333333333,0.1672,0.1667,6,0.3333333333333333,0.1672,0.1667,7,0.3333333333333333,0.1672,0.1667,7,0.3333333333333333,0.1815,0.2,7,0.3333333333333333,0.1815,0.2,8,0.3333333333333333,0.2021,0.25,11,0.3333333333333333,0.2021,0.25,11
xbrl-mu-2021-taxes-payable-current-usd-0000723125-21-000065,hybrid,True,tables,0.3333333333333333,0.4693,1.0,11,0.3333333333333333,0.4693,1.0,13,0.3333333333333333,0.4693,1.0,14,0.3333333333333333,0.4693,1.0,14,0.3333333333333333,0.4693,1.0,14,0.3333333333333333,0.4693,1.0,14,0.3333333333333333,0.4693,1.0,16,0.3333333333333333,0.4693,1.0,16
xbrl-mu-2021-employee-related-liabilities-current-usd-0000723125-21-000065,bm25,True,both,0.0,0.0,0.0,3,0.0,0.0,0.0,4,0.0,0.0,0.0,4,0.0,0.0,0.0,5,0.0,0.0,0.0,5,0.0,0.0,0.0,5,0.0,0.0,0.0,9,0.0,0.0,0.0,9
xbrl-mu-2021-employee-related-liabilities-current-usd-0000723125-21-000065,hybrid,True,both,0.0,0.0,0.0,8,0.0,0.0,0.0,11,0.0,0.0,0.0,11,0.0,0.0,0.0,11,0.5,0.15,0.0625,12,0.5,0.15,0.0625,12,0.0,0.0,0.0,12,0.0,0.0,0.0,16
xbrl-mu-2021-inventory-raw-materials-and-supplies-net-of-reserves-usd-0000723125-21-000065,bm25,True,tables,1.0,0.5,0.3333,1,1.0,0.6309,0.5,1,1.0,1.0,1.0,1,1.0,1.0,1.0,1,1.0,1.0,1.0,1,1.0,1.0,1.0,1,1.0,1.0,1.0,2,1.0,1.0,1.0,9
xbrl-mu-2021-inventory-raw-materials-and-supplies-net-of-reserves-usd-0000723125-21-000065,hybrid,True,tables,1.0,1.0,1.0,2,1.0,1.0,1.0,7,1.0,1.0,1.0,8,1.0,1.0,1.0,9,1.0,1.0,1.0,9,1.0,1.0,1.0,10,1.0,1.0,1.0,13,1.0,1.0,1.0,16
xbrl-mu-2021-stockholders-equity-attributable-to-parent-usd-0000723125-21-000065,bm25,True,both,0.0,0.0,0.0,5,0.0,0.0,0.0,5,0.0,0.0,0.0,5,0.0,0.0,0.0,5,0.0,0.0,0.0,5,0.0,0.0,0.0,5,0.0,0.0,0.0,7,0.0,0.0,0.0,11
xbrl-mu-2021-stockholders-equity-attributable-to-parent-usd-0000723125-21-000065,hybrid,True,both,0.0,0.0,0.0,7,0.0,0.0,0.0,10,0.0,0.0,0.0,12,0.0,0.0,0.0,12,0.0,0.0,0.0,13,0.0,0.0,0.0,13,0.0,0.0,0.0,13,0.0,0.0,0.0,14
xbrl-mu-2021-debt-instrument-increase-decrease-net-usd-0000723125-21-000065,bm25,True,prose,1.0,0.4563,0.25,4,1.0,0.4503,0.25,5,0.6666666666666666,0.3048,0.2,7,0.6666666666666666,0.2845,0.1667,8,0.6666666666666666,0.282,0.1667,8,0.6666666666666666,0.282,0.1667,8,0.3333333333333333,0.1413,0.1111,9,0.3333333333333333,0.1233,0.0769,11
xbrl-mu-2021-debt-instrument-increase-decrease-net-usd-0000723125-21-000065,hybrid,True,prose,1.0,0.5116,0.3333,7,0.6666666666666666,0.3084,0.1667,10,0.0,0.0,0.0,13,0.0,0.0,0.0,13,0.0,0.0,0.0,15,0.0,0.0,0.0,15,0.0,0.0,0.0,16,0.0,0.0,0.0,16
xbrl-mu-2021-liabilities-usd-0000723125-21-000065,bm25,True,tables,0.0,0.0,0.0,0,0.0,0.0,0.0,1,0.0,0.0,0.0,1,0.0,0.0,0.0,1,0.0,0.0,0.0,2,0.0,0.0,0.0,2,0.0,0.0,0.0,2,0.0,0.0,0.0,11
xbrl-mu-2021-liabilities-usd-0000723125-21-000065,hybrid,True,tables,0.0,0.0,0.0,5,0.0,0.0,0.0,8,0.0,0.0,0.0,9,0.0,0.0,0.0,11,0.0,0.0,0.0,11,0.0,0.0,0.0,12,0.0,0.0,0.0,16,0.0,0.0,0.0,16
xbrl-mu-2021-income-loss-from-continuing-operations-before-income-taxes-foreign-usd-0000723125-21-000065,bm25,True,tables,1.0,1.0,1.0,6,1.0,1.0,1.0,7,1.0,1.0,1.0,7,1.0,1.0,1.0,7,1.0,1.0,1.0,8,1.0,1.0,1.0,10,1.0,1.0,1.0,11,1.0,1.0,1.0,15
xbrl-mu-2021-income-loss-from-continuing-operations-before-income-taxes-foreign-usd-0000723125-21-000065,hybrid,True,tables,1.0,0.6309,0.5,7,1.0,1.0,1.0,11,1.0,1.0,1.0,14,1.0,1.0,1.0,15,1.0,1.0,1.0,16,1.0,1.0,1.0,16,1.0,1.0,1.0,16,1.0,1.0,1.0,16
xbrl-mu-2021-operating-lease-liability-noncurrent-usd-0000723125-21-000065,bm25,True,both,1.0,0.5508,0.25,4,1.0,0.5833,0.3333,4,1.0,0.6448,0.5,4,1.0,0.6448,0.5,4,1.0,0.6448,0.5,5,1.0,0.6448,0.5,5,1.0,0.6197,0.5,7,1.0,0.5683,0.5,12
xbrl-mu-2021-operating-lease-liability-noncurrent-usd-0000723125-21-000065,hybrid,True,both,1.0,0.4811,0.25,7,0.6666666666666666,0.3487,0.2,10,1.0,0.4759,0.25,12,0.6666666666666666,0.3494,0.3333,13,0.6666666666666666,0.3494,0.3333,13,0.3333333333333333,0.2346,0.3333,14,0.3333333333333333,0.2346,0.3333,16,0.3333333333333333,0.2346,0.3333,16
xbrl-mu-2021-share-based-payment-arrangement-nonvested-award-cost-not-yet-recognized-amount-usd-0000723125-21-000065,bm25,True,prose,1.0,0.6309,0.5,2,1.0,0.6309,0.5,2,1.0,0.6309,0.5,2,1.0,0.6309,0.5,2,1.0,0.6309,0.5,2,1.0,0.6309,0.5,2,1.0,0.4307,0.25,3,1.0,0.4307,0.25,6
xbrl-mu-2021-share-based-payment-arrangement-nonvested-award-cost-not-yet-recognized-amount-usd-0000723125-21-000065,hybrid,True,prose,1.0,1.0,1.0,3,1.0,0.6309,0.5,7,1.0,0.4307,0.25,10,1.0,0.3155,0.125,10,1.0,0.3155,0.125,10,1.0,0.3155,0.125,10,1.0,0.2626,0.0769,12,1.0,0.256,0.0714,13
xbrl-mu-2021-other-liabilities-noncurrent-usd-0000723125-21-000065,bm25,True,tables,0.5,0.2372,0.2,3,0.5,0.2641,0.25,3,0.5,0.3066,0.3333,3,0.5,0.3869,0.5,4,0.5,0.3869,0.5,4,0.5,0.3869,0.5,4,0.5,0.3869,0.5,5,0.5,0.3869,0.5,6
xbrl-mu-2021-other-liabilities-noncurrent-usd-0000723125-21-000065,hybrid,True,tables,0.0,0.0,0.0,4,0.5,0.1657,0.0833,9,0.5,0.2044,0.1429,11,0.5,0.2184,0.1667,11,0.5,0.2184,0.1667,11,0.5,0.2044,0.1429,11,0.5,0.1569,0.0714,15,0.0,0.0,0.0,16
xbrl-mu-2021-deferred-tax-assets-gross-usd-0000723125-21-000065,bm25,True,tables,0.0,0.0,0.0,5,0.0,0.0,0.0,5,0.0,0.0,0.0,5,0.0,0.0,0.0,6,0.0,0.0,0.0,7,0.0,0.0,0.0,7,0.0,0.0,0.0,11,0.0,0.0,0.0,14
xbrl-mu-2021-deferred-tax-assets-gross-usd-0000723125-21-000065,hybrid,True,tables,0.0,0.0,0.0,9,0.0,0.0,0.0,11,0.0,0.0,0.0,14,0.0,0.0,0.0,15,0.0,0.0,0.0,15,0.0,0.0,0.0,16,0.0,0.0,0.0,16,0.0,0.0,0.0,16
xbrl-mu-2021-cash-and-cash-equivalents-at-carrying-value-usd-0000723125-21-000065,bm25,True,tables,0.5,0.1657,0.0833,5,0.5,0.1657,0.0833,7,0.5,0.1772,0.1,7,0.5,0.1772,0.1,7,0.5,0.2044,0.1429,7,0.5,0.2372,0.2,7,1.0,0.4251,0.25,10,1.0,0.4575,0.25,13
xbrl-mu-2021-cash-and-cash-equivalents-at-carrying-value-usd-0000723125-21-000065,hybrid,True,tables,0.5,0.1934,0.125,7,1.0,0.3577,0.1429,10,1.0,0.4029,0.2,13,1.0,0.4082,0.2,14,1.0,0.4029,0.2,14,1.0,0.4029,0.2,14,1.0,0.4029,0.2,16,1.0,0.4029,0.2,16
xbrl-mu-2021-cash-cash-equivalents-restricted-cash-and-restricted-cash-equivalents-period-increase-decrease-including-exchange-rate-effect-usd-0000723125-21-000065,bm25,True,tables,0.6666666666666666,0.7654,1.0,7,0.6666666666666666,0.7654,1.0,7,0.6666666666666666,0.7654,1.0,7,0.6666666666666666,0.7654,1.0,7,0.6666666666666666,0.7654,1.0,8,0.6666666666666666,0.7654,1.0,9,0.6666666666666666,0.7654,1.0,11,0.6666666666666666,0.7654,1.0,14
xbrl-mu-2021-cash-cash-equivalents-restricted-cash-and-restricted-cash-equivalents-period-increase-decrease-including-exchange-rate-effect-usd-0000723125-21-000065,hybrid,True,tables,0.6666666666666666,0.7654,1.0,4,0.6666666666666666,0.7654,1.0,8,0.6666666666666666,0.7654,1.0,11,0.6666666666666666,0.7654,1.0,14,0.6666666666666666,0.7654,1.0,15,0.6666666666666666,0.7654,1.0,15,0.6666666666666666,0.7654,1.0,16,0.6666666666666666,0.7654,1.0,16
xbrl-mu-2021-share-based-compensation-arrangement-by-share-based-payment-award-number-of-shares-available-for-grant-shares-0000723125-21-000065,bm25,True,prose,0.0,0.0,0.0,4,0.0,0.0,0.0,4,0.0,0.0,0.0,5,0.0,0.0,0.0,5,0.0,0.0,0.0,6,0.0,0.0,0.0,6,0.0,0.0,0.0,9,0.0,0.0,0.0,12
xbrl-mu-2021-share-based-compensation-arrangement-by-share-based-payment-award-number-of-shares-available-for-grant-shares-0000723125-21-000065,hybrid,True,prose,0.0,0.0,0.0,4,0.0,0.0,0.0,7,0.0,0.0,0.0,10,0.0,0.0,0.0,11,0.0,0.0,0.0,12,0.0,0.0,0.0,12,0.0,0.0,0.0,14,0.0,0.0,0.0,16
xbrl-mu-2021-finance-lease-liability-to-be-paid-year-one-usd-0000723125-21-000065,bm25,True,tables,0.0,0.0,0.0,3,0.0,0.0,0.0,4,0.0,0.0,0.0,4,0.5,0.1533,0.0667,5,0.5,0.171,0.0909,5,0.5,0.171,0.0909,5,0.5,0.1934,0.125,8,0.5,0.2184,0.1667,13
xbrl-mu-2021-finance-lease-liability-to-be-paid-year-one-usd-0000723125-21-000065,hybrid,True,tables,0.5,0.1772,0.1,6,0.5,0.2184,0.1667,9,0.5,0.2372,0.2,10,0.5,0.2641,0.25,10,0.5,0.2641,0.25,11,0.5,0.2641,0.25,11,0.5,0.2641,0.25,12,0.5,0.2641,0.25,16
xbrl-mu-2021-proceeds-from-payments-for-other-financing-activities-usd-0000723125-21-000065,bm25,True,both,0.3333333333333333,0.2346,0.3333,5,0.3333333333333333,0.2346,0.3333,6,0.3333333333333333,0.2346,0.3333,6,0.3333333333333333,0.2961,0.5,6,0.3333333333333333,0.4693,1.0,6,0.3333333333333333,0.4693,1.0,6,0.3333333333333333,0.4693,1.0,6,0.3333333333333333,0.4693,1.0,10
xbrl-mu-2021-proceeds-from-payments-for-other-financing-activities-usd-0000723125-21-000065,hybrid,True,both,0.3333333333333333,0.1564,0.1429,5,0.3333333333333333,0.1815,0.2,10,0.3333333333333333,0.2021,0.25,11,0.3333333333333333,0.4693,1.0,13,0.3333333333333333,0.4693,1.0,14,0.3333333333333333,0.2961,0.5,16,0.3333333333333333,0.2346,0.3333,16,0.3333333333333333,0.2021,0.25,16
xbrl-mu-2021-net-cash-provided-by-used-in-operating-activities-usd-0000723125-21-000065,bm25,True,tables,1.0,0.5525,0.5,6,1.0,0.7842,1.0,6,1.0,0.7904,1.0,6,1.0,0.7977,1.0,6,1.0,0.8175,1.0,6,1.0,0.8175,1.0,6,1.0,0.8175,1.0,9,1.0,0.8316,1.0,10
xbrl-mu-2021-net-cash-provided-by-used-in-operating-activities-usd-0000723125-21-000065,hybrid,True,tables,1.0,0.5579,0.5,7,1.0,0.7977,1.0,10,1.0,0.8175,1.0,12,1.0,0.8503,1.0,12,1.0,0.8503,1.0,13,1.0,0.8503,1.0,13,1.0,0.8503,1.0,15,1.0,0.8503,1.0,16
xbrl-mu-2022-debt-current-usd-0000723125-22-000048,bm25,True,both,0.6666666666666666,0.338,0.2,3,0.6666666666666666,0.3487,0.2,3,0.6666666666666666,0.3585,0.25,4,0.6666666666666666,0.4441,0.5,6,0.6666666666666666,0.6173,1.0,8,0.6666666666666666,0.6173,1.0,8,0.6666666666666666,0.5866,1.0,10,0.3333333333333333,0.4693,1.0,12
xbrl-mu-2022-debt-current-usd-0000723125-22-000048,hybrid,True,both,0.3333333333333333,0.1815,0.2,7,0.3333333333333333,0.2961,0.5,11,0.3333333333333333,0.2961,0.5,12,0.3333333333333333,0.2961,0.5,13,0.3333333333333333,0.2961,0.5,13,0.3333333333333333,0.2961,0.5,13,0.3333333333333333,0.2346,0.3333,16,0.3333333333333333,0.2346,0.3333,16
xbrl-mu-2022-proceeds-from-sale-of-other-assets-investing-activities-usd-0000723125-22-000048,bm25,True,prose,0.3333333333333333,0.1148,0.0625,3,0.0,0.0,0.0,5,0.0,0.0,0.0,6,0.0,0.0,0.0,6,0.0,0.0,0.0,7,0.0,0.0,0.0,8,0.0,0.0,0.0,10,0.0,0.0,0.0,11
xbrl-mu-2022-proceeds-from-sale-of-other-assets-investing-activities-usd-0000723125-22-000048,hybrid,True,prose,0.3333333333333333,0.1413,0.1111,9,0.0,0.0,0.0,10,0.0,0.0,0.0,10,0.0,0.0,0.0,10,0.0,0.0,0.0,10,0.0,0.0,0.0,11,0.0,0.0,0.0,13,0.0,0.0,0.0,16
xbrl-mu-2022-shares-issued-value-share-based-payment-arrangement-after-forfeiture-usd-0000723125-22-000048,bm25,True,both,0.0,0.0,0.0,2,0.0,0.0,0.0,2,0.0,0.0,0.0,2,0.0,0.0,0.0,5,0.0,0.0,0.0,6,0.0,0.0,0.0,6,0.0,0.0,0.0,8,0.0,0.0,0.0,8
xbrl-mu-2022-shares-issued-value-share-based-payment-arrangement-after-forfeiture-usd-0000723125-22-000048,hybrid,True,both,0.0,0.0,0.0,6,0.0,0.0,0.0,7,0.0,0.0,0.0,10,0.0,0.0,0.0,11,0.0,0.0,0.0,11,0.0,0.0,0.0,11,0.0,0.0,0.0,12,0.0,0.0,0.0,16
xbrl-mu-2022-effective-income-tax-rate-reconciliation-change-in-deferred-tax-assets-valuation-allowance-amount-usd-0000723125-22-000048,bm25,True,both,0.6666666666666666,0.3836,0.25,6,0.6666666666666666,0.3836,0.25,6,0.6666666666666666,0.3836,0.25,6,0.6666666666666666,0.4632,0.5,6,0.6666666666666666,0.6364,1.0,7,0.6666666666666666,0.6364,1.0,8,0.6666666666666666,0.6257,1.0,9,0.6666666666666666,0.6049,1.0,10
xbrl-mu-2022-effective-income-tax-rate-reconciliation-change-in-deferred-tax-assets-valuation-allowance-amount-usd-0000723125-22-000048,hybrid,True,both,0.6666666666666666,0.4162,0.3333,6,0.6666666666666666,0.4373,0.5,9,0.3333333333333333,0.4693,1.0,13,0.3333333333333333,0.4693,1.0,13,0.3333333333333333,0.4693,1.0,14,0.3333333333333333,0.4693,1.0,14,0.3333333333333333,0.4693,1.0,16,0.3333333333333333,0.4693,1.0,16
xbrl-mu-2022-deferred-state-and-local-income-tax-expense-benefit-usd-0000723125-22-000048,bm25,True,both,0.6666666666666666,0.6714,1.0,4,0.6666666666666666,0.6714,1.0,4,0.6666666666666666,0.6714,1.0,4,0.6666666666666666,0.6714,1.0,5,0.6666666666666666,0.4632,0.5,6,0.6666666666666666,0.4632,0.5,6,0.6666666666666666,0.3501,0.25,9,0.3333333333333333,0.1564,0.1429,14
xbrl-mu-2022-deferred-state-and-local-income-tax-expense-benefit-usd-0000723125-22-000048,hybrid,True,both,0.6666666666666666,0.4162,0.3333,5,0.6666666666666666,0.3296,0.2,8,0.6666666666666666,0.2722,0.1111,10,0.0,0.0,0.0,14,0.3333333333333333,0.1173,0.0667,14,0.3333333333333333,0.1148,0.0625,15,0.0,0.0,0.0,16,0.0,0.0,0.0,16
xbrl-mu-2022-effective-income-tax-rate-reconciliation-at-federal-statutory-income-tax-rate-amount-usd-0000723125-22-000048,bm25,True,prose,0.0,0.0,0.0,5,0.0,0.0,0.0,6,0.0,0.0,0.0,6,0.0,0.0,0.0,6,0.0,0.0,0.0,7,0.0,0.0,0.0,8,0.0,0.0,0.0,11,0.0,0.0,0.0,12
xbrl-mu-2022-effective-income-tax-rate-reconciliation-at-federal-statutory-income-tax-rate-amount-usd-0000723125-22-000048,hybrid,True,prose,0.0,0.0,0.0,8,0.0,0.0,0.0,9,0.0,0.0,0.0,13,0.0,0.0,0.0,14,0.0,0.0,0.0,16,0.0,0.0,0.0,16,0.0,0.0,0.0,16,0.0,0.0,0.0,16
xbrl-mu-2022-inventory-work-in-process-net-of-reserves-usd-0000723125-22-000048,bm25,True,tables,1.0,0.301,0.1111,1,1.0,0.3333,0.1429,1,1.0,0.3869,0.2,1,1.0,0.3869,0.2,2,1.0,0.3869,0.2,2,1.0,0.3869,0.2,2,1.0,0.6309,0.5,6,1.0,1.0,1.0,12
xbrl-mu-2022-inventory-work-in-process-net-of-reserves-usd-0000723125-22-000048,hybrid,True,tables,1.0,0.6309,0.5,2,1.0,1.0,1.0,7,1.0,1.0,1.0,10,1.0,1.0,1.0,10,1.0,1.0,1.0,10,1.0,1.0,1.0,10,1.0,1.0,1.0,12,1.0,1.0,1.0,16
xbrl-mu-2022-operating-loss-carryforwards-usd-0000723125-22-000048,bm25,True,tables,0.0,0.0,0.0,5,0.0,0.0,0.0,6,0.0,0.0,0.0,7,0.0,0.0,0.0,7,0.0,0.0,0.0,9,0.0,0.0,0.0,9,0.0,0.0,0.0,11,0.0,0.0,0.0,15
xbrl-mu-2022-operating-loss-carryforwards-usd-0000723125-22-000048,hybrid,True,tables,0.0,0.0,0.0,9,0.0,0.0,0.0,12,0.0,0.0,0.0,14,0.0,0.0,0.0,14,0.0,0.0,0.0,15,0.0,0.0,0.0,15,0.0,0.0,0.0,16,0.0,0.0,0.0,16
xbrl-mu-2022-operating-lease-cost-usd-0000723125-22-000048,bm25,True,tables,0.3333333333333333,0.2961,0.5,2,0.3333333333333333,0.2961,0.5,3,0.3333333333333333,0.2961,0.5,4,0.3333333333333333,0.2961,0.5,4,0.3333333333333333,0.2961,0.5,5,0.3333333333333333,0.4693,1.0,5,0.3333333333333333,0.4693,1.0,7,0.3333333333333333,0.4693,1.0,13
xbrl-mu-2022-operating-lease-cost-usd-0000723125-22-000048,hybrid,True,tables,0.3333333333333333,0.2961,0.5,8,0.3333333333333333,0.2961,0.5,10,0.3333333333333333,0.4693,1.0,13,0.3333333333333333,0.4693,1.0,14,0.3333333333333333,0.4693,1.0,15,0.3333333333333333,0.4693,1.0,15,0.3333333333333333,0.4693,1.0,16,0.3333333333333333,0.4693,1.0,16
xbrl-mu-2022-income-loss-from-continuing-operations-before-income-taxes-foreign-usd-0000723125-22-000048,bm25,True,tables,1.0,1.0,1.0,6,1.0,1.0,1.0,6,1.0,1.0,1.0,7,1.0,1.0,1.0,8,1.0,1.0,1.0,9,1.0,1.0,1.0,11,1.0,1.0,1.0,13,1.0,1.0,1.0,15
xbrl-mu-2022-income-loss-from-continuing-operations-before-income-taxes-foreign-usd-0000723125-22-000048,hybrid,True,tables,1.0,1.0,1.0,9,1.0,1.0,1.0,12,1.0,1.0,1.0,15,1.0,1.0,1.0,16,1.0,1.0,1.0,16,1.0,1.0,1.0,16,1.0,1.0,1.0,16,1.0,1.0,1.0,16
xbrl-mu-2022-comprehensive-income-loss-net-of-tax-attributable-to-parent-usd-0000723125-22-000048,bm25,True,tables,1.0,0.5,0.3333,6,1.0,0.5,0.3333,6,1.0,0.5,0.3333,7,1.0,0.6309,0.5,8,1.0,0.6309,0.5,8,1.0,0.6309,0.5,8,1.0,0.6309,0.5,11,1.0,0.6309,0.5,14
xbrl-mu-2022-comprehensive-income-loss-net-of-tax-attributable-to-parent-usd-0000723125-22-000048,hybrid,True,tables,1.0,1.0,1.0,6,1.0,0.6309,0.5,10,1.0,0.6309,0.5,13,1.0,0.6309,0.5,16,1.0,0.6309,0.5,16,1.0,0.6309,0.5,16,1.0,0.6309,0.5,16,1.0,0.6309,0.5,16
xbrl-mu-2022-dividends-common-stock-cash-usd-0000723125-22-000048,bm25,True,both,0.5,0.1533,0.0667,2,0.5,0.1533,0.0667,2,0.5,0.1533,0.0667,2,0.5,0.1533,0.0667,3,0.5,0.15,0.0625,3,0.5,0.15,0.0625,3,0.5,0.1533,0.0667,5,0.5,0.1934,0.125,11
xbrl-mu-2022-dividends-common-stock-cash-usd-0000723125-22-000048,hybrid,True,both,0.5,0.1846,0.1111,7,0.5,0.171,0.0909,12,0.5,0.1772,0.1,13,0.5,0.1772,0.1,14,0.5,0.1772,0.1,14,0.5,0.1772,0.1,14,0.5,0.1772,0.1,15,0.5,0.171,0.0909,16
xbrl-mu-2022-revenue-from-contract-with-customer-excluding-assessed-tax-usd-0000723125-22-000048,bm25,True,tables,0.0,0.0,0.0,2,0.0,0.0,0.0,2,0.0,0.0,0.0,2,0.0,0.0,0.0,3,0.0,0.0,0.0,4,0.0,0.0,0.0,4,0.0,0.0,0.0,8,0.6666666666666666,0.2501,0.0833,15
xbrl-mu-2022-revenue-from-contract-with-customer-excluding-assessed-tax-usd-0000723125-22-000048,hybrid,True,tables,0.0,0.0,0.0,3,0.0,0.0,0.0,6,0.0,0.0,0.0,10,0.0,0.0,0.0,12,0.0,0.0,0.0,13,0.3333333333333333,0.1309,0.0909,13,0.6666666666666666,0.2645,0.1111,15,0.6666666666666666,0.2482,0.0909,16
xbrl-mu-2022-income-taxes-receivable-current-usd-0000723125-22-000048,bm25,True,tables,0.0,0.0,0.0,4,0.0,0.0,0.0,4,0.0,0.0,0.0,4,0.0,0.0,0.0,4,0.0,0.0,0.0,4,0.0,0.0,0.0,5,1.0,0.2447,0.0625,12,1.0,0.2626,0.0769,15
xbrl-mu-2022-income-taxes-receivable-current-usd-0000723125-22-000048,hybrid,True,tables,1.0,0.3155,0.125,9,1.0,0.3869,0.2,11,1.0,0.3869,0.2,12,1.0,0.3869,0.2,13,1.0,0.3869,0.2,14,1.0,0.3869,0.2,16,1.0,0.3869,0.2,16,1.0,0.3869,0.2,16
xbrl-mu-2022-proceeds-from-sale-of-debt-securities-available-for-sale-usd-0000723125-22-000048,bm25,True,both,0.3333333333333333,0.2346,0.3333,3,0.3333333333333333,0.2961,0.5,3,0.3333333333333333,0.2961,0.5,4,0.3333333333333333,0.2961,0.5,4,0.3333333333333333,0.2961,0.5,4,0.3333333333333333,0.2961,0.5,5,0.3333333333333333,0.2961,0.5,6,0.3333333333333333,0.2961,0.5,10
xbrl-mu-2022-proceeds-from-sale-of-debt-securities-available-for-sale-usd-0000723125-22-000048,hybrid,True,both,0.3333333333333333,0.1815,0.2,3,0.3333333333333333,0.2961,0.5,9,0.3333333333333333,0.2961,0.5,10,0.3333333333333333,0.2346,0.3333,11,0.3333333333333333,0.2346,0.3333,11,0.3333333333333333,0.2346,0.3333,11,0.3333333333333333,0.2346,0.3333,14,0.3333333333333333,0.2346,0.3333,16
xbrl-mu-2022-gross-profit-usd-0000723125-22-000048,bm25,True,tables,1.0,0.378,0.125,2,1.0,0.378,0.125,2,1.0,0.4306,0.2,3,1.0,0.6241,0.5,3,1.0,0.6934,0.5,3,1.0,0.6934,0.5,3,1.0,1.0,1.0,4,1.0,1.0,1.0,10
xbrl-mu-2022-gross-profit-usd-0000723125-22-000048,hybrid,True,tables,1.0,0.5803,0.5,5,1.0,0.8503,1.0,7,1.0,0.8772,1.0,10,1.0,0.9197,1.0,10,1.0,0.9197,1.0,11,1.0,0.9197,1.0,11,1.0,0.8772,1.0,16,1.0,0.8175,1.0,16
xbrl-mu-2022-current-state-and-local-tax-expense-benefit-usd-0000723125-22-000048,bm25,True,tables,0.0,0.0,0.0,3,0.0,0.0,0.0,3,0.0,0.0,0.0,3,0.0,0.0,0.0,4,0.0,0.0,0.0,4,0.0,0.0,0.0,4,0.0,0.0,0.0,8,0.0,0.0,0.0,13
xbrl-mu-2022-current-state-and-local-tax-expense-benefit-usd-0000723125-22-000048,hybrid,True,tables,0.0,0.0,0.0,5,0.0,0.0,0.0,9,0.0,0.0,0.0,11,0.0,0.0,0.0,12,0.0,0.0,0.0,13,0.0,0.0,0.0,13,0.0,0.0,0.0,15,0.0,0.0,0.0,16
xbrl-mu-2022-operating-income-loss-usd-0000723125-22-000048,bm25,True,tables,0.6666666666666666,0.2989,0.2,7,0.6666666666666666,0.3289,0.25,7,0.6666666666666666,0.3703,0.3333,7,0.6666666666666666,0.3703,0.3333,7,0.6666666666666666,0.3703,0.3333,7,0.6666666666666666,0.4317,0.5,8,1.0,0.7406,1.0,12,1.0,0.7721,1.0,14
xbrl-mu-2022-operating-income-loss-usd-0000723125-22-000048,hybrid,True,tables,1.0,0.4689,0.2,9,1.0,0.5932,0.3333,14,1.0,0.8603,1.0,16,1.0,0.8603,1.0,16,1.0,0.8711,1.0,16,1.0,0.8603,1.0,16,1.0,0.7328,0.5,16,1.0,0.906,1.0,16
xbrl-mu-2022-other-liabilities-noncurrent-usd-0000723125-22-000048,bm25,True,tables,1.0,0.6309,0.5,3,1.0,0.6309,0.5,3,1.0,0.6309,0.5,3,1.0,0.6309,0.5,4,1.0,0.6309,0.5,4,1.0,0.6309,0.5,4,1.0,0.6309,0.5,5,1.0,0.6309,0.5,6
xbrl-mu-2022-other-liabilities-noncurrent-usd-0000723125-22-000048,hybrid,True,tables,1.0,0.5,0.3333,5,1.0,0.5,0.3333,10,1.0,0.5,0.3333,10,1.0,0.5,0.3333,10,1.0,0.5,0.3333,10,1.0,0.5,0.3333,11,1.0,0.5,0.3333,15,1.0,0.5,0.3333,16
xbrl-mu-2022-other-comprehensive-income-loss-tax-usd-0000723125-22-000048,bm25,True,both,0.6666666666666666,0.4018,0.3333,7,0.6666666666666666,0.4018,0.3333,8,0.6666666666666666,0.3836,0.25,9,0.6666666666666666,0.3836,0.25,9,0.6666666666666666,0.4018,0.3333,9,0.6666666666666666,0.3827,0.3333,10,0.6666666666666666,0.3655,0.3333,13,0.3333333333333333,0.2346,0.3333,16
xbrl-mu-2022-other-comprehensive-income-loss-tax-usd-0000723125-22-000048,hybrid,True,both,0.6666666666666666,0.4441,0.5,8,0.6666666666666666,0.338,0.2,13,0.6666666666666666,0.3048,0.2,15,0.3333333333333333,0.1672,0.1667,16,0.3333333333333333,0.1672,0.1667,16,0.3333333333333333,0.1672,0.1667,16,0.3333333333333333,0.1672,0.1667,16,0.3333333333333333,0.1672,0.1667,16
xbrl-mu-2023-contract-with-customer-refund-liability-current-usd-0000723125-23-000054,bm25,True,both,0.0,0.0,0.0,1,0.0,0.0,0.0,2,0.0,0.0,0.0,2,0.0,0.0,0.0,3,0.0,0.0,0.0,3,0.0,0.0,0.0,3,0.0,0.0,0.0,7,0.0,0.0,0.0,8
xbrl-mu-2023-contract-with-customer-refund-liability-current-usd-0000723125-23-000054,hybrid,True,both,0.3333333333333333,0.1815,0.2,5,0.0,0.0,0.0,8,0.3333333333333333,0.1173,0.0667,9,0.3333333333333333,0.1173,0.0667,9,0.3333333333333333,0.1173,0.0667,10,0.3333333333333333,0.1173,0.0667,10,0.0,0.0,0.0,12,0.0,0.0,0.0,16
xbrl-mu-2023-restructuring-and-related-cost-incurred-cost-usd-0000723125-23-000054,bm25,True,both,0.3333333333333333,0.4693,1.0,0,0.3333333333333333,0.4693,1.0,0,0.3333333333333333,0.4693,1.0,0,0.3333333333333333,0.4693,1.0,2,0.3333333333333333,0.4693,1.0,3,0.3333333333333333,0.4693,1.0,4,0.3333333333333333,0.4693,1.0,5,0.3333333333333333,0.1672,0.1667,7
xbrl-mu-2023-restructuring-and-related-cost-incurred-cost-usd-0000723125-23-000054,hybrid,True,both,0.6666666666666666,0.6049,1.0,6,0.3333333333333333,0.4693,1.0,7,0.6666666666666666,0.5894,1.0,8,0.6666666666666666,0.2765,0.1429,8,0.6666666666666666,0.2765,0.1429,9,0.6666666666666666,0.2765,0.1429,9,0.6666666666666666,0.2645,0.1111,12,0.3333333333333333,0.1357,0.1,16
xbrl-mu-2023-operating-income-loss-usd-0000723125-23-000054,bm25,True,tables,1.0,0.442,0.1667,5,1.0,0.4592,0.1667,7,1.0,0.5267,0.3333,8,1.0,0.6395,0.5,9,1.0,0.672,0.5,10,1.0,0.6979,0.5,10,1.0,0.9675,1.0,12,1.0,0.9675,1.0,15
xbrl-mu-2023-operating-income-loss-usd-0000723125-23-000054,hybrid,True,tables,1.0,0.5901,0.5,8,1.0,0.8603,1.0,13,1.0,0.8855,1.0,15,1.0,0.8855,1.0,16,1.0,0.8711,1.0,16,1.0,0.9325,1.0,16,1.0,0.8711,1.0,16,1.0,0.8711,1.0,16
xbrl-mu-2023-long-term-debt-maturity-year-one-usd-0000723125-23-000054,bm25,True,tables,0.0,0.0,0.0,1,0.0,0.0,0.0,2,0.0,0.0,0.0,3,0.0,0.0,0.0,3,0.0,0.0,0.0,5,0.0,0.0,0.0,5,0.0,0.0,0.0,9,0.0,0.0,0.0,14
xbrl-mu-2023-long-term-debt-maturity-year-one-usd-0000723125-23-000054,hybrid,True,tables,0.0,0.0,0.0,8,0.0,0.0,0.0,12,0.0,0.0,0.0,13,0.0,0.0,0.0,14,0.0,0.0,0.0,15,0.0,0.0,0.0,15,0.0,0.0,0.0,16,0.0,0.0,0.0,16
xbrl-mu-2023-payments-of-ordinary-dividends-common-stock-usd-0000723125-23-000054,bm25,True,both,1.0,1.0,1.0,4,1.0,1.0,1.0,4,1.0,1.0,1.0,5,1.0,1.0,1.0,5,1.0,1.0,1.0,5,1.0,1.0,1.0,5,1.0,1.0,1.0,7,1.0,0.8316,1.0,13
xbrl-mu-2023-payments-of-ordinary-dividends-common-stock-usd-0000723125-23-000054,hybrid,True,both,1.0,0.4228,0.1667,4,1.0,0.421,0.25,8,1.0,0.4298,0.25,11,1.0,0.4635,0.3333,12,1.0,0.4676,0.3333,13,1.0,0.4676,0.3333,13,1.0,0.4635,0.3333,14,0.5,0.2641,0.25,16
xbrl-mu-2023-debt-securities-available-for-sale-current-usd-0000723125-23-000054,bm25,True,tables,0.0,0.0,0.0,2,0.0,0.0,0.0,2,0.0,0.0,0.0,3,0.0,0.0,0.0,3,0.0,0.0,0.0,5,0.0,0.0,0.0,5,0.0,0.0,0.0,10,0.0,0.0,0.0,12
xbrl-mu-2023-debt-securities-available-for-sale-current-usd-0000723125-23-000054,hybrid,True,tables,0.0,0.0,0.0,7,0.0,0.0,0.0,10,0.0,0.0,0.0,11,0.0,0.0,0.0,11,0.0,0.0,0.0,12,0.0,0.0,0.0,12,0.0,0.0,0.0,16,0.0,0.0,0.0,16
xbrl-mu-2023-deferred-tax-assets-gross-usd-0000723125-23-000054,bm25,True,tables,1.0,1.0,1.0,4,1.0,1.0,1.0,4,1.0,1.0,1.0,4,1.0,1.0,1.0,5,1.0,1.0,1.0,5,1.0,1.0,1.0,6,1.0,1.0,1.0,10,1.0,1.0,1.0,13
xbrl-mu-2023-deferred-tax-assets-gross-usd-0000723125-23-000054,hybrid,True,tables,1.0,0.6309,0.5,8,1.0,1.0,1.0,13,1.0,1.0,1.0,14,1.0,1.0,1.0,14,1.0,1.0,1.0,15,1.0,1.0,1.0,15,1.0,1.0,1.0,15,1.0,1.0,1.0,16
xbrl-mu-2023-net-cash-provided-by-used-in-operating-activities-usd-0000723125-23-000054,bm25,True,tables,1.0,0.5714,0.5,6,1.0,0.7977,1.0,6,1.0,0.7977,1.0,6,1.0,0.8175,1.0,6,1.0,0.8175,1.0,6,1.0,0.8316,1.0,6,1.0,0.8316,1.0,8,1.0,0.8503,1.0,12
xbrl-mu-2023-net-cash-provided-by-used-in-operating-activities-usd-0000723125-23-000054,hybrid,True,tables,1.0,0.4723,0.3333,6,1.0,0.7977,1.0,8,1.0,0.8066,1.0,10,1.0,0.8175,1.0,12,1.0,0.8316,1.0,13,1.0,0.8316,1.0,13,1.0,0.8316,1.0,14,1.0,0.8316,1.0,16
xbrl-mu-2023-other-comprehensive-income-loss-cash-flow-hedge-gain-loss-after-reclassification-and-tax-usd-0000723125-23-000054,bm25,True,tables,0.5,0.171,0.0909,5,0.5,0.1846,0.1111,6,0.5,0.2184,0.1667,6,0.5,0.2184,0.1667,7,0.5,0.2372,0.2,7,0.5,0.2641,0.25,8,0.5,0.2641,0.25,12,0.5,0.3869,0.5,14
xbrl-mu-2023-other-comprehensive-income-loss-cash-flow-hedge-gain-loss-after-reclassification-and-tax-usd-0000723125-23-000054,hybrid,True,tables,0.5,0.3066,0.3333,6,0.5,0.3869,0.5,9,0.5,0.6131,1.0,14,0.5,0.6131,1.0,15,0.5,0.6131,1.0,16,0.5,0.6131,1.0,16,1.0,0.7632,1.0,16,0.5,0.6131,1.0,16
xbrl-mu-2023-liabilities-current-usd-0000723125-23-000054,bm25,True,tables,0.5,0.2044,0.1429,3,0.5,0.2372,0.2,3,0.5,0.2641,0.25,5,0.5,0.2641,0.25,5,0.5,0.2641,0.25,5,0.5,0.3869,0.5,5,0.5,0.6131,1.0,6,0.5,0.6131,1.0,10
xbrl-mu-2023-liabilities-current-usd-0000723125-23-000054,hybrid,True,tables,0.5,0.6131,1.0,8,0.5,0.6131,1.0,10,0.5,0.6131,1.0,10,0.5,0.6131,1.0,10,0.5,0.6131,1.0,11,0.5,0.6131,1.0,12,0.5,0.6131,1.0,16,0.5,0.6131,1.0,16
xbrl-mu-2023-stockholders-equity-attributable-to-parent-usd-0000723125-23-000054,bm25,True,both,0.0,0.0,0.0,0,0.0,0.0,0.0,0,0.0,0.0,0.0,0,0.0,0.0,0.0,0,0.0,0.0,0.0,0,0.0,0.0,0.0,0,0.0,0.0,0.0,5,0.0,0.0,0.0,12
xbrl-mu-2023-stockholders-equity-attributable-to-parent-usd-0000723125-23-000054,hybrid,True,both,0.0,0.0,0.0,2,0.0,0.0,0.0,5,0.0,0.0,0.0,8,0.0,0.0,0.0,9,0.0,0.0,0.0,9,0.0,0.0,0.0,10,0.0,0.0,0.0,12,0.0,0.0,0.0,14
xbrl-mu-2023-deferred-income-tax-assets-net-usd-0000723125-23-000054,bm25,True,tables,0.3333333333333333,0.2346,0.3333,6,0.6666666666666666,0.3494,0.3333,7,0.6666666666666666,0.3494,0.3333,7,0.6666666666666666,0.4134,0.5,7,0.6666666666666666,0.4162,0.5,8,0.6666666666666666,0.5961,1.0,8,1.0,0.7282,1.0,12,1.0,0.7614,1.0,14
xbrl-mu-2023-deferred-income-tax-assets-net-usd-0000723125-23-000054,hybrid,True,tables,0.3333333333333333,0.2346,0.3333,10,0.6666666666666666,0.4109,0.5,12,0.6666666666666666,0.5925,1.0,14,0.6666666666666666,0.5925,1.0,15,0.6666666666666666,0.5961,1.0,15,0.6666666666666666,0.5961,1.0,16,0.6666666666666666,0.5961,1.0,16,0.6666666666666666,0.5961,1.0,16
xbrl-mu-2023-net-cash-provided-by-used-in-investing-activities-usd-0000723125-23-000054,bm25,True,tables,1.0,0.6509,0.5,6,1.0,0.8772,1.0,6,1.0,0.9197,1.0,6,1.0,0.9197,1.0,6,1.0,0.9197,1.0,6,1.0,0.9197,1.0,6,1.0,1.0,1.0,7,1.0,1.0,1.0,11
xbrl-mu-2023-net-cash-provided-by-used-in-investing-activities-usd-0000723125-23-000054,hybrid,True,tables,1.0,0.5706,0.3333,6,1.0,0.8772,1.0,8,1.0,0.9197,1.0,11,1.0,1.0,1.0,11,1.0,1.0,1.0,12,1.0,1.0,1.0,13,1.0,1.0,1.0,14,1.0,1.0,1.0,16
xbrl-mu-2023-finite-lived-intangible-assets-accumulated-amortization-usd-0000723125-23-000054,bm25,True,tables,0.3333333333333333,0.1564,0.1429,3,0.3333333333333333,0.1815,0.2,4,0.3333333333333333,0.1815,0.2,4,0.3333333333333333,0.1815,0.2,4,0.3333333333333333,0.2021,0.25,5,0.3333333333333333,0.2021,0.25,5,0.3333333333333333,0.2346,0.3333,6,0.3333333333333333,0.2961,0.5,8
xbrl-mu-2023-finite-lived-intangible-assets-accumulated-amortization-usd-0000723125-23-000054,hybrid,True,tables,0.3333333333333333,0.148,0.125,3,0.3333333333333333,0.2961,0.5,8,0.3333333333333333,0.2961,0.5,10,0.3333333333333333,0.2961,0.5,11,0.3333333333333333,0.2961,0.5,11,0.3333333333333333,0.2961,0.5,11,0.3333333333333333,0.2961,0.5,13,0.3333333333333333,0.2346,0.3333,16
xbrl-mu-2023-long-lived-assets-usd-0000723125-23-000054,bm25,True,tables,0.0,0.0,0.0,0,0.0,0.0,0.0,1,0.0,0.0,0.0,2,0.0,0.0,0.0,2,0.0,0.0,0.0,2,0.0,0.0,0.0,3,0.0,0.0,0.0,5,0.0,0.0,0.0,6
xbrl-mu-2023-long-lived-assets-usd-0000723125-23-000054,hybrid,True,tables,0.0,0.0,0.0,5,0.0,0.0,0.0,7,0.0,0.0,0.0,9,0.0,0.0,0.0,9,0.0,0.0,0.0,9,0.0,0.0,0.0,9,0.0,0.0,0.0,16,0.0,0.0,0.0,16
xbrl-mu-2023-unrecognized-tax-benefits-that-would-impact-effective-tax-rate-usd-0000723125-23-000054,bm25,True,both,0.5,0.6131,1.0,5,0.5,0.6131,1.0,5,0.5,0.6131,1.0,5,0.5,0.6131,1.0,6,0.5,0.6131,1.0,7,0.5,0.6131,1.0,7,0.5,0.3869,0.5,8,0.5,0.2641,0.25,11
xbrl-mu-2023-unrecognized-tax-benefits-that-would-impact-effective-tax-rate-usd-0000723125-23-000054,hybrid,True,both,0.5,0.6131,1.0,6,0.5,0.3066,0.3333,9,0.5,0.2641,0.25,10,0.5,0.2372,0.2,12,0.5,0.1846,0.1111,13,0.5,0.1533,0.0667,14,0.5,0.15,0.0625,15,0.0,0.0,0.0,16
xbrl-mu-2023-investment-income-net-usd-0000723125-23-000054,bm25,True,tables,0.3333333333333333,0.1233,0.0769,5,0.3333333333333333,0.1413,0.1111,5,0.3333333333333333,0.1564,0.1429,6,0.3333333333333333,0.1672,0.1667,7,0.3333333333333333,0.2021,0.25,7,0.3333333333333333,0.2021,0.25,8,0.6666666666666666,0.3655,0.3333,12,0.6666666666666666,0.3703,0.3333,16
xbrl-mu-2023-investment-income-net-usd-0000723125-23-000054,hybrid,True,tables,0.3333333333333333,0.1564,0.1429,7,0.3333333333333333,0.2021,0.25,10,0.6666666666666666,0.3194,0.25,12,0.6666666666666666,0.3222,0.25,12,0.6666666666666666,0.333,0.25,14,0.6666666666666666,0.3222,0.25,15,0.6666666666666666,0.3222,0.25,16,0.3333333333333333,0.2021,0.25,16
xbrl-mu-2023-finance-lease-liability-usd-0000723125-23-000054,bm25,True,tables,1.0,0.3504,0.125,6,1.0,0.3591,0.125,6,1.0,0.3645,0.125,6,1.0,0.3707,0.125,6,1.0,0.3816,0.1429,6,1.0,0.3816,0.1429,6,1.0,0.403,0.1667,9,1.0,0.4416,0.2,10
xbrl-mu-2023-finance-lease-liability-usd-0000723125-23-000054,hybrid,True,tables,1.0,0.4144,0.2,5,1.0,0.4486,0.25,8,1.0,0.4416,0.2,9,1.0,0.5013,0.25,11,1.0,0.6241,0.5,11,1.0,0.5438,0.3333,11,1.0,0.5438,0.3333,14,1.0,0.5013,0.25,16
xbrl-mu-2023-accounts-payable-trade-current-usd-0000723125-23-000054,bm25,True,tables,0.5,0.2044,0.1429,4,0.5,0.2044,0.1429,5,0.5,0.2044,0.1429,5,0.5,0.2044,0.1429,5,0.5,0.2044,0.1429,5,0.5,0.2044,0.1429,6,0.5,0.2641,0.25,7,0.5,0.2641,0.25,8
xbrl-mu-2023-accounts-payable-trade-current-usd-0000723125-23-000054,hybrid,True,tables,1.0,0.5438,0.5,10,1.0,0.7842,1.0,12,1.0,0.7842,1.0,13,1.0,0.7904,1.0,13,1.0,0.7904,1.0,13,1.0,0.7842,1.0,13,1.0,0.7742,1.0,14,1.0,0.7977,1.0,16
xbrl-mu-2023-operating-lease-right-of-use-asset-usd-0000723125-23-000054,bm25,True,tables,1.0,0.3333,0.1429,4,1.0,0.3333,0.1429,6,1.0,0.3333,0.1429,7,1.0,0.3333,0.1429,7,1.0,0.3333,0.1429,8,1.0,0.3333,0.1429,8,1.0,0.3333,0.1429,11,1.0,0.4307,0.25,13
xbrl-mu-2023-operating-lease-right-of-use-asset-usd-0000723125-23-000054,hybrid,True,tables,1.0,0.3155,0.125,7,1.0,0.3333,0.1429,10,1.0,0.3333,0.1429,12,1.0,0.3562,0.1667,12,1.0,0.4307,0.25,13,1.0,0.4307,0.25,13,1.0,0.4307,0.25,15,1.0,0.4307,0.25,16
xbrl-mu-2024-operating-lease-payments-usd-0000723125-24-000027,bm25,True,tables,0.0,0.0,0.0,2,0.0,0.0,0.0,3,0.0,0.0,0.0,3,0.0,0.0,0.0,4,1.0,0.2447,0.0625,5,1.0,0.25,0.0667,5,1.0,0.2891,0.1,8,1.0,0.3869,0.2,12
xbrl-mu-2024-operating-lease-payments-usd-0000723125-24-000027,hybrid,True,tables,1.0,0.3155,0.125,6,1.0,0.3562,0.1667,11,1.0,0.3869,0.2,12,1.0,0.4307,0.25,13,1.0,0.5,0.3333,13,1.0,0.5,0.3333,13,1.0,0.5,0.3333,15,1.0,0.5,0.3333,16
xbrl-mu-2024-operating-lease-right-of-use-asset-usd-0000723125-24-000027,bm25,True,tables,1.0,0.2789,0.0909,5,1.0,0.2891,0.1,7,1.0,0.301,0.1111,7,1.0,0.301,0.1111,7,1.0,0.301,0.1111,7,1.0,0.301,0.1111,7,1.0,0.3155,0.125,9,1.0,0.3869,0.2,12
xbrl-mu-2024-operating-lease-right-of-use-asset-usd-0000723125-24-000027,hybrid,True,tables,1.0,0.3155,0.125,7,1.0,0.3155,0.125,12,1.0,0.3333,0.1429,12,1.0,0.3562,0.1667,14,1.0,0.3869,0.2,15,1.0,0.3869,0.2,16,1.0,0.3869,0.2,16,1.0,0.3869,0.2,16
xbrl-mu-2024-other-comprehensive-income-loss-net-of-tax-usd-0000723125-24-000027,bm25,True,both,0.6666666666666666,0.3378,0.25,8,0.6666666666666666,0.3289,0.25,9,1.0,0.5341,0.5,10,1.0,0.5341,0.5,11,1.0,0.5377,0.5,11,0.6666666666666666,0.4229,0.5,13,0.6666666666666666,0.4317,0.5,15,0.6666666666666666,0.4317,0.5,16
xbrl-mu-2024-other-comprehensive-income-loss-net-of-tax-usd-0000723125-24-000027,hybrid,True,both,0.6666666666666666,0.4441,0.5,12,0.6666666666666666,0.4317,0.5,14,0.6666666666666666,0.6105,1.0,15,0.6666666666666666,0.6257,1.0,16,0.6666666666666666,0.6173,1.0,16,0.6666666666666666,0.6173,1.0,16,0.6666666666666666,0.6002,1.0,16,0.6666666666666666,0.6002,1.0,16
xbrl-mu-2024-current-income-tax-expense-benefit-usd-0000723125-24-000027,bm25,True,both,0.3333333333333333,0.2021,0.25,7,0.3333333333333333,0.1815,0.2,7,0.3333333333333333,0.1672,0.1667,8,0.3333333333333333,0.148,0.125,8,0.3333333333333333,0.1413,0.1111,9,0.3333333333333333,0.1357,0.1,9,0.3333333333333333,0.1268,0.0833,10,0.6666666666666666,0.2374,0.0714,13
xbrl-mu-2024-current-income-tax-expense-benefit-usd-0000723125-24-000027,hybrid,True,both,0.3333333333333333,0.2021,0.25,9,0.3333333333333333,0.1413,0.1111,11,0.3333333333333333,0.1148,0.0625,13,0.0,0.0,0.0,14,0.0,0.0,0.0,14,0.0,0.0,0.0,14,0.0,0.0,0.0,16,0.0,0.0,0.0,16
xbrl-mu-2024-effective-income-tax-rate-reconciliation-at-federal-statutory-income-tax-rate-amount-usd-0000723125-24-000027,bm25,True,tables,0.3333333333333333,0.2961,0.5,4,0.3333333333333333,0.2961,0.5,4,0.3333333333333333,0.2961,0.5,4,0.3333333333333333,0.2961,0.5,5,0.3333333333333333,0.2961,0.5,5,0.3333333333333333,0.4693,1.0,6,0.3333333333333333,0.4693,1.0,9,0.3333333333333333,0.4693,1.0,11
xbrl-mu-2024-effective-income-tax-rate-reconciliation-at-federal-statutory-income-tax-rate-amount-usd-0000723125-24-000027,hybrid,True,tables,0.3333333333333333,0.2346,0.3333,8,0.3333333333333333,0.2961,0.5,9,0.3333333333333333,0.4693,1.0,13,0.3333333333333333,0.4693,1.0,14,0.3333333333333333,0.2961,0.5,16,0.3333333333333333,0.4693,1.0,16,0.3333333333333333,0.2961,0.5,16,0.3333333333333333,0.2961,0.5,16
xbrl-mu-2024-finance-lease-liability-usd-0000723125-24-000027,bm25,True,tables,0.5,0.161,0.0769,5,0.5,0.161,0.0769,5,0.5,0.161,0.0769,5,0.5,0.1657,0.0833,5,1.0,0.3157,0.0833,6,1.0,0.3226,0.0833,7,1.0,0.3321,0.0909,8,1.0,0.3701,0.1429,9
xbrl-mu-2024-finance-lease-liability-usd-0000723125-24-000027,hybrid,True,tables,1.0,0.3483,0.1,5,1.0,0.3978,0.1429,8,1.0,0.4556,0.2,9,1.0,0.4556,0.2,10,1.0,0.5013,0.25,10,1.0,0.5013,0.25,11,1.0,0.5013,0.25,16,1.0,0.5013,0.25,16
xbrl-mu-2024-accounts-payable-trade-current-usd-0000723125-24-000027,bm25,True,tables,1.0,0.2891,0.1,5,1.0,0.301,0.1111,5,1.0,0.301,0.1111,5,1.0,0.301,0.1111,5,1.0,0.3155,0.125,5,1.0,0.3155,0.125,6,1.0,0.3562,0.1667,7,1.0,0.4307,0.25,8
xbrl-mu-2024-accounts-payable-trade-current-usd-0000723125-24-000027,hybrid,True,tables,1.0,1.0,1.0,11,1.0,1.0,1.0,12,1.0,1.0,1.0,12,1.0,1.0,1.0,12,1.0,1.0,1.0,12,1.0,1.0,1.0,12,1.0,1.0,1.0,16,1.0,1.0,1.0,16
xbrl-mu-2024-increase-decrease-in-other-current-liabilities-usd-0000723125-24-000027,bm25,True,both,0.6666666666666666,0.3254,0.25,4,0.6666666666666666,0.3254,0.25,4,0.6666666666666666,0.333,0.25,4,0.6666666666666666,0.3228,0.2,5,0.6666666666666666,0.3296,0.2,5,0.6666666666666666,0.3152,0.1667,5,0.6666666666666666,0.3236,0.1667,7,0.6666666666666666,0.3378,0.25,10
xbrl-mu-2024-increase-decrease-in-other-current-liabilities-usd-0000723125-24-000027,hybrid,True,both,1.0,0.7194,1.0,6,0.6666666666666666,0.4525,0.5,10,0.6666666666666666,0.3693,0.25,11,0.6666666666666666,0.3084,0.2,12,0.6666666666666666,0.3084,0.2,12,0.6666666666666666,0.3048,0.2,12,0.3333333333333333,0.148,0.125,14,0.3333333333333333,0.1413,0.1111,15
xbrl-mu-2024-revenue-from-contract-with-customer-excluding-assessed-tax-usd-0000723125-24-000027,bm25,True,tables,0.0,0.0,0.0,2,0.0,0.0,0.0,2,0.0,0.0,0.0,2,0.0,0.0,0.0,2,0.0,0.0,0.0,3,0.0,0.0,0.0,4,0.0,0.0,0.0,7,0.3333333333333333,0.1173,0.0667,12
xbrl-mu-2024-revenue-from-contract-with-customer-excluding-assessed-tax-usd-0000723125-24-000027,hybrid,True,tables,0.0,0.0,0.0,5,0.0,0.0,0.0,7,0.0,0.0,0.0,10,0.0,0.0,0.0,13,0.3333333333333333,0.1357,0.1,13,0.6666666666666666,0.2625,0.1,14,0.6666666666666666,0.251,0.0909,15,0.3333333333333333,0.1268,0.0833,16
xbrl-mu-2024-investment-income-net-usd-0000723125-24-000027,bm25,True,tables,0.5,0.1657,0.0833,6,0.5,0.1772,0.1,7,0.5,0.1846,0.1111,7,0.5,0.1934,0.125,7,0.5,0.2044,0.1429,7,0.5,0.2372,0.2,9,0.5,0.3066,0.3333,12,0.5,0.3066,0.3333,16
xbrl-mu-2024-investment-income-net-usd-0000723125-24-000027,hybrid,True,tables,0.0,0.0,0.0,8,0.5,0.1657,0.0833,13,0.5,0.1772,0.1,13,0.5,0.171,0.0909,13,0.5,0.171,0.0909,13,0.5,0.171,0.0909,15,0.5,0.171,0.0909,16,0.5,0.1657,0.0833,16
xbrl-mu-2024-increase-decrease-in-receivables-usd-0000723125-24-000027,bm25,True,tables,1.0,0.2626,0.0769,4,1.0,0.2789,0.0909,4,1.0,0.301,0.1111,4,1.0,0.3333,0.1429,4,1.0,0.3562,0.1667,4,1.0,0.3562,0.1667,4,1.0,0.3562,0.1667,4,1.0,0.3869,0.2,13
xbrl-mu-2024-increase-decrease-in-receivables-usd-0000723125-24-000027,hybrid,True,tables,1.0,0.301,0.1111,5,1.0,0.3562,0.1667,9,1.0,0.4307,0.25,11,1.0,0.4307,0.25,11,1.0,0.4307,0.25,11,1.0,0.4307,0.25,11,1.0,0.3869,0.2,14,1.0,0.301,0.1111,14
xbrl-mu-2024-shares-issued-value-share-based-payment-arrangement-after-forfeiture-usd-0000723125-24-000027,bm25,True,tables,0.0,0.0,0.0,2,0.0,0.0,0.0,2,0.0,0.0,0.0,3,0.0,0.0,0.0,6,0.0,0.0,0.0,6,0.0,0.0,0.0,7,0.0,0.0,0.0,8,0.0,0.0,0.0,9
xbrl-mu-2024-shares-issued-value-share-based-payment-arrangement-after-forfeiture-usd-0000723125-24-000027,hybrid,True,tables,0.0,0.0,0.0,5,0.0,0.0,0.0,9,0.0,0.0,0.0,10,0.0,0.0,0.0,11,0.0,0.0,0.0,11,0.0,0.0,0.0,11,1.0,0.2891,0.1,13,1.0,0.2891,0.1,16
xbrl-mu-2024-debt-securities-available-for-sale-current-usd-0000723125-24-000027,bm25,True,tables,0.0,0.0,0.0,2,0.0,0.0,0.0,3,0.0,0.0,0.0,3,0.0,0.0,0.0,3,0.0,0.0,0.0,3,0.0,0.0,0.0,4,0.0,0.0,0.0,7,0.0,0.0,0.0,11
xbrl-mu-2024-debt-securities-available-for-sale-current-usd-0000723125-24-000027,hybrid,True,tables,0.0,0.0,0.0,6,0.0,0.0,0.0,9,0.0,0.0,0.0,11,0.0,0.0,0.0,12,0.0,0.0,0.0,13,0.0,0.0,0.0,13,0.0,0.0,0.0,16,0.0,0.0,0.0,16
xbrl-mu-2024-finance-lease-liability-to-be-paid-year-two-usd-0000723125-24-000027,bm25,True,both,0.3333333333333333,0.2346,0.3333,3,0.3333333333333333,0.2346,0.3333,3,0.3333333333333333,0.2346,0.3333,3,0.3333333333333333,0.2346,0.3333,3,0.3333333333333333,0.2346,0.3333,4,0.3333333333333333,0.2346,0.3333,4,0.3333333333333333,0.2346,0.3333,7,0.3333333333333333,0.1815,0.2,11
xbrl-mu-2024-finance-lease-liability-to-be-paid-year-two-usd-0000723125-24-000027,hybrid,True,both,0.6666666666666666,0.4162,0.5,7,0.6666666666666666,0.4229,0.5,9,0.6666666666666666,0.4317,0.5,10,0.6666666666666666,0.3172,0.2,10,0.6666666666666666,0.2769,0.1111,10,0.6666666666666666,0.2769,0.1111,10,0.6666666666666666,0.2577,0.0909,11,0.0,0.0,0.0,16
xbrl-mu-2024-cash-and-cash-equivalents-at-carrying-value-usd-0000723125-24-000027,bm25,True,tables,0.0,0.0,0.0,4,0.0,0.0,0.0,5,0.0,0.0,0.0,7,0.0,0.0,0.0,8,0.0,0.0,0.0,9,0.0,0.0,0.0,10,0.5,0.1569,0.0714,14,0.5,0.1569,0.0714,16
xbrl-mu-2024-cash-and-cash-equivalents-at-carrying-value-usd-0000723125-24-000027,hybrid,True,tables,0.0,0.0,0.0,7,0.0,0.0,0.0,12,0.5,0.15,0.0625,15,0.5,0.1533,0.0667,16,0.5,0.1533,0.0667,16,0.5,0.1533,0.0667,16,0.0,0.0,0.0,16,0.0,0.0,0.0,16
xbrl-mu-2024-finance-lease-liability-noncurrent-usd-0000723125-24-000027,bm25,True,tables,0.0,0.0,0.0,5,0.0,0.0,0.0,5,0.0,0.0,0.0,5,0.0,0.0,0.0,5,0.0,0.0,0.0,5,0.0,0.0,0.0,5,0.0,0.0,0.0,7,1.0,0.2789,0.0909,9
xbrl-mu-2024-finance-lease-liability-noncurrent-usd-0000723125-24-000027,hybrid,True,tables,1.0,0.2626,0.0769,6,1.0,0.3155,0.125,9,1.0,0.3562,0.1667,11,1.0,0.3869,0.2,11,1.0,0.3562,0.1667,11,1.0,0.3562,0.1667,12,1.0,0.3869,0.2,14,1.0,0.3869,0.2,16
xbrl-mu-2024-derivative-liability-fair-value-gross-liability-usd-0000723125-24-000027,bm25,True,tables,0.5,0.1772,0.1,7,0.5,0.1772,0.1,7,0.5,0.1772,0.1,8,0.5,0.1846,0.1111,8,0.5,0.1846,0.1111,8,0.5,0.1934,0.125,8,0.5,0.2184,0.1667,9,0.5,0.2184,0.1667,12
xbrl-mu-2024-derivative-liability-fair-value-gross-liability-usd-0000723125-24-000027,hybrid,True,tables,0.5,0.2044,0.1429,9,0.5,0.2641,0.25,12,0.5,0.2641,0.25,14,0.5,0.2641,0.25,14,0.5,0.2641,0.25,14,0.5,0.2641,0.25,15,0.5,0.3066,0.3333,16,0.5,0.3066,0.3333,16
xbrl-mu-2024-inventory-finished-goods-net-of-reserves-usd-0000723125-24-000027,bm25,True,tables,1.0,0.3333,0.1429,3,1.0,0.3869,0.2,4,1.0,0.4307,0.25,5,1.0,0.4307,0.25,5,1.0,0.4307,0.25,6,1.0,0.5,0.3333,7,1.0,0.6309,0.5,7,1.0,1.0,1.0,9
xbrl-mu-2024-inventory-finished-goods-net-of-reserves-usd-0000723125-24-000027,hybrid,True,tables,1.0,1.0,1.0,7,1.0,1.0,1.0,12,1.0,1.0,1.0,13,1.0,1.0,1.0,13,1.0,1.0,1.0,13,1.0,1.0,1.0,14,1.0,1.0,1.0,16,1.0,0.6309,0.5,16
xbrl-mu-2024-deferred-tax-assets-gross-usd-0000723125-24-000027,bm25,True,tables,1.0,1.0,1.0,4,1.0,1.0,1.0,4,1.0,1.0,1.0,5,1.0,1.0,1.0,6,1.0,1.0,1.0,7,1.0,1.0,1.0,8,1.0,1.0,1.0,11,1.0,1.0,1.0,14
xbrl-mu-2024-deferred-tax-assets-gross-usd-0000723125-24-000027,hybrid,True,tables,1.0,0.6309,0.5,9,1.0,0.6309,0.5,12,1.0,1.0,1.0,14,1.0,1.0,1.0,15,1.0,1.0,1.0,15,1.0,1.0,1.0,16,1.0,1.0,1.0,16,1.0,1.0,1.0,16
xbrl-mu-2024-other-operating-income-expense-net-usd-0000723125-24-000027,bm25,True,both,1.0,0.7462,1.0,4,1.0,0.7462,1.0,4,1.0,0.7358,1.0,4,1.0,0.7358,1.0,4,1.0,0.7358,1.0,4,1.0,0.7358,1.0,4,1.0,0.7067,1.0,9,0.3333333333333333,0.4693,1.0,14
xbrl-mu-2024-other-operating-income-expense-net-usd-0000723125-24-000027,hybrid,True,both,0.6666666666666666,0.6364,1.0,7,0.3333333333333333,0.4693,1.0,15,0.3333333333333333,0.4693,1.0,16,0.3333333333333333,0.4693,1.0,16,0.3333333333333333,0.4693,1.0,16,0.3333333333333333,0.4693,1.0,16,0.3333333333333333,0.4693,1.0,16,0.3333333333333333,0.4693,1.0,16
xbrl-mu-2025-other-nonoperating-income-expense-usd-0000723125-25-000028,bm25,True,both,0.0,0.0,0.0,5,0.0,0.0,0.0,5,0.0,0.0,0.0,7,0.0,0.0,0.0,8,0.0,0.0,0.0,8,0.0,0.0,0.0,9,0.0,0.0,0.0,10,0.0,0.0,0.0,15
xbrl-mu-2025-other-nonoperating-income-expense-usd-0000723125-25-000028,hybrid,True,both,0.0,0.0,0.0,9,0.0,0.0,0.0,13,0.0,0.0,0.0,15,0.0,0.0,0.0,15,0.0,0.0,0.0,15,0.0,0.0,0.0,16,0.0,0.0,0.0,16,0.0,0.0,0.0,16
xbrl-mu-2025-comprehensive-income-loss-net-of-tax-attributable-to-parent-usd-0000723125-25-000028,bm25,True,tables,0.0,0.0,0.0,3,1.0,0.256,0.0714,6,1.0,0.3333,0.1429,7,1.0,0.3333,0.1429,8,1.0,0.3333,0.1429,8,1.0,0.3333,0.1429,12,1.0,0.3869,0.2,14,1.0,0.3869,0.2,16
xbrl-mu-2025-comprehensive-income-loss-net-of-tax-attributable-to-parent-usd-0000723125-25-000028,hybrid,True,tables,1.0,0.4307,0.25,8,1.0,0.5,0.3333,11,1.0,0.5,0.3333,15,1.0,0.5,0.3333,16,1.0,0.5,0.3333,16,1.0,0.5,0.3333,16,1.0,0.5,0.3333,16,1.0,0.5,0.3333,16
xbrl-mu-2025-increase-decrease-in-inventories-usd-0000723125-25-000028,bm25,True,both,0.3333333333333333,0.1173,0.0667,5,0.3333333333333333,0.1173,0.0667,5,0.3333333333333333,0.1148,0.0625,6,0.3333333333333333,0.1148,0.0625,7,0.3333333333333333,0.1201,0.0714,7,0.3333333333333333,0.1201,0.0714,7,0.3333333333333333,0.1357,0.1,8,0.3333333333333333,0.1564,0.1429,9
xbrl-mu-2025-increase-decrease-in-inventories-usd-0000723125-25-000028,hybrid,True,both,0.0,0.0,0.0,5,0.3333333333333333,0.1268,0.0833,9,0.3333333333333333,0.1413,0.1111,10,0.3333333333333333,0.1564,0.1429,10,0.3333333333333333,0.1672,0.1667,11,0.3333333333333333,0.1672,0.1667,11,0.3333333333333333,0.148,0.125,14,0.6666666666666666,0.2654,0.125,16
xbrl-mu-2025-deferred-tax-liabilities-other-usd-0000723125-25-000028,bm25,True,both,0.6666666666666666,0.5307,0.5,3,0.6666666666666666,0.5307,0.5,3,0.6666666666666666,0.4982,0.5,4,0.6666666666666666,0.6714,1.0,5,0.6666666666666666,0.6714,1.0,6,0.6666666666666666,0.6714,1.0,7,0.6666666666666666,0.6508,1.0,11,0.6666666666666666,0.6002,1.0,14
xbrl-mu-2025-deferred-tax-liabilities-other-usd-0000723125-25-000028,hybrid,True,both,0.6666666666666666,0.5307,0.5,9,0.6666666666666666,0.7039,1.0,11,0.6666666666666666,0.4776,0.5,14,0.6666666666666666,0.5961,1.0,15,0.3333333333333333,0.4693,1.0,15,0.3333333333333333,0.4693,1.0,15,0.3333333333333333,0.4693,1.0,16,0.3333333333333333,0.4693,1.0,16
xbrl-mu-2025-income-loss-from-continuing-operations-before-income-taxes-domestic-usd-0000723125-25-000028,bm25,True,tables,1.0,0.6309,0.5,4,1.0,0.6309,0.5,5,1.0,0.6309,0.5,7,1.0,0.6309,0.5,8,1.0,0.6309,0.5,9,1.0,0.6309,0.5,10,1.0,0.6309,0.5,13,1.0,0.6309,0.5,16
xbrl-mu-2025-income-loss-from-continuing-operations-before-income-taxes-domestic-usd-0000723125-25-000028,hybrid,True,tables,1.0,0.5,0.3333,8,1.0,0.6309,0.5,13,1.0,0.6309,0.5,15,1.0,0.6309,0.5,15,1.0,0.6309,0.5,16,1.0,0.6309,0.5,16,1.0,0.6309,0.5,16,1.0,0.6309,0.5,16
xbrl-mu-2025-debt-and-lease-obligation-usd-0000723125-25-000028,bm25,True,tables,0.0,0.0,0.0,1,0.0,0.0,0.0,1,0.0,0.0,0.0,2,0.0,0.0,0.0,3,0.0,0.0,0.0,3,0.0,0.0,0.0,4,0.0,0.0,0.0,5,0.0,0.0,0.0,11
xbrl-mu-2025-debt-and-lease-obligation-usd-0000723125-25-000028,hybrid,True,tables,0.0,0.0,0.0,4,0.0,0.0,0.0,6,0.0,0.0,0.0,8,0.0,0.0,0.0,8,0.0,0.0,0.0,10,0.0,0.0,0.0,10,0.0,0.0,0.0,14,0.0,0.0,0.0,16
xbrl-mu-2025-stockholders-equity-attributable-to-parent-usd-0000723125-25-000028,bm25,True,both,0.3333333333333333,0.1173,0.0667,0,0.3333333333333333,0.1173,0.0667,0,0.3333333333333333,0.1173,0.0667,0,0.3333333333333333,0.1173,0.0667,0,0.3333333333333333,0.1173,0.0667,0,0.3333333333333333,0.1173,0.0667,0,0.0,0.0,0.0,7,0.0,0.0,0.0,14
xbrl-mu-2025-stockholders-equity-attributable-to-parent-usd-0000723125-25-000028,hybrid,True,both,0.3333333333333333,0.4693,1.0,2,0.6666666666666666,0.6173,1.0,6,0.3333333333333333,0.148,0.125,9,0.3333333333333333,0.1413,0.1111,9,0.3333333333333333,0.1309,0.0909,10,0.3333333333333333,0.1268,0.0833,11,0.3333333333333333,0.1309,0.0909,13,0.3333333333333333,0.1309,0.0909,15
xbrl-mu-2025-tax-credit-carryforward-amount-usd-0000723125-25-000028,bm25,True,both,0.0,0.0,0.0,0,0.0,0.0,0.0,1,0.0,0.0,0.0,2,0.0,0.0,0.0,3,0.0,0.0,0.0,5,0.0,0.0,0.0,6,0.0,0.0,0.0,7,0.0,0.0,0.0,12
xbrl-mu-2025-tax-credit-carryforward-amount-usd-0000723125-25-000028,hybrid,True,both,0.0,0.0,0.0,7,0.0,0.0,0.0,9,0.0,0.0,0.0,10,0.0,0.0,0.0,10,0.0,0.0,0.0,10,0.0,0.0,0.0,10,0.0,0.0,0.0,13,0.0,0.0,0.0,16
xbrl-mu-2025-debt-securities-available-for-sale-noncurrent-usd-0000723125-25-000028,bm25,True,tables,0.0,0.0,0.0,2,0.0,0.0,0.0,3,0.0,0.0,0.0,3,0.0,0.0,0.0,3,0.0,0.0,0.0,4,0.0,0.0,0.0,6,0.0,0.0,0.0,9,0.0,0.0,0.0,12
xbrl-mu-2025-debt-securities-available-for-sale-noncurrent-usd-0000723125-25-000028,hybrid,True,tables,0.0,0.0,0.0,5,0.0,0.0,0.0,11,0.0,0.0,0.0,12,0.0,0.0,0.0,12,0.0,0.0,0.0,13,0.0,0.0,0.0,13,0.0,0.0,0.0,16,0.0,0.0,0.0,16
xbrl-mu-2025-long-term-debt-usd-0000723125-25-000028,bm25,True,tables,0.0,0.0,0.0,2,0.0,0.0,0.0,3,0.0,0.0,0.0,5,0.0,0.0,0.0,9,0.0,0.0,0.0,10,0.0,0.0,0.0,12,0.0,0.0,0.0,15,0.0,0.0,0.0,16
xbrl-mu-2025-long-term-debt-usd-0000723125-25-000028,hybrid,True,tables,0.0,0.0,0.0,3,0.0,0.0,0.0,8,0.0,0.0,0.0,9,0.0,0.0,0.0,10,0.0,0.0,0.0,11,0.0,0.0,0.0,13,0.0,0.0,0.0,15,0.0,0.0,0.0,16
xbrl-mu-2025-operating-lease-right-of-use-asset-usd-0000723125-25-000028,bm25,True,tables,1.0,0.301,0.1111,5,1.0,0.301,0.1111,7,1.0,0.301,0.1111,7,1.0,0.301,0.1111,10,1.0,0.301,0.1111,10,1.0,0.3155,0.125,10,1.0,0.3155,0.125,11,1.0,0.3869,0.2,12
xbrl-mu-2025-operating-lease-right-of-use-asset-usd-0000723125-25-000028,hybrid,True,tables,1.0,0.3155,0.125,9,1.0,0.3333,0.1429,12,1.0,0.3333,0.1429,13,1.0,0.3333,0.1429,13,1.0,0.3869,0.2,14,1.0,0.3869,0.2,16,1.0,0.3869,0.2,16,1.0,0.3869,0.2,16
xbrl-mu-2025-weighted-average-number-of-shares-outstanding-diluted-shares-0000723125-25-000028,bm25,True,tables,1.0,0.8772,1.0,6,1.0,0.8772,1.0,8,1.0,0.8772,1.0,8,1.0,0.9197,1.0,8,1.0,0.9197,1.0,8,1.0,0.9197,1.0,8,1.0,0.9197,1.0,9,1.0,0.9197,1.0,14
xbrl-mu-2025-weighted-average-number-of-shares-outstanding-diluted-shares-0000723125-25-000028,hybrid,True,tables,1.0,0.6241,0.5,9,1.0,0.6509,0.5,11,1.0,0.6241,0.5,11,1.0,0.6241,0.5,11,1.0,0.6241,0.5,12,1.0,0.6053,0.5,12,1.0,0.6053,0.5,15,1.0,0.6053,0.5,16
xbrl-mu-2025-lessee-operating-lease-liability-undiscounted-excess-amount-usd-0000723125-25-000028,bm25,True,both,0.3333333333333333,0.2961,0.5,2,0.3333333333333333,0.2961,0.5,3,0.3333333333333333,0.2961,0.5,3,0.3333333333333333,0.2961,0.5,3,0.3333333333333333,0.2961,0.5,4,0.3333333333333333,0.2961,0.5,5,0.3333333333333333,0.2961,0.5,7,0.3333333333333333,0.2346,0.3333,12
xbrl-mu-2025-lessee-operating-lease-liability-undiscounted-excess-amount-usd-0000723125-25-000028,hybrid,True,both,0.3333333333333333,0.4693,1.0,7,0.6666666666666666,0.4109,0.5,11,1.0,0.4935,0.3333,13,1.0,0.3846,0.1111,13,1.0,0.3731,0.1,14,1.0,0.3731,0.1,14,1.0,0.3734,0.1111,15,0.3333333333333333,0.1357,0.1,16
xbrl-mu-2025-right-of-use-asset-obtained-in-exchange-for-operating-lease-liability-usd-0000723125-25-000028,bm25,True,both,1.0,0.5714,0.5,3,1.0,0.5803,0.5,3,1.0,0.5912,0.5,4,1.0,0.6053,0.5,5,1.0,0.6053,0.5,6,1.0,0.6053,0.5,6,1.0,0.5706,0.3333,12,1.0,0.511,0.3333,13
xbrl-mu-2025-right-of-use-asset-obtained-in-exchange-for-operating-lease-liability-usd-0000723125-25-000028,hybrid,True,both,1.0,0.525,0.3333,5,1.0,0.5438,0.3333,9,1.0,0.6241,0.5,11,1.0,0.5013,0.25,12,1.0,0.511,0.3333,13,1.0,0.4599,0.3333,13,0.5,0.3066,0.3333,16,0.5,0.3066,0.3333,16
xbrl-mu-2025-common-stock-shares-outstanding-shares-0000723125-25-000028,bm25,True,tables,0.5,0.2184,0.1667,4,0.5,0.2372,0.2,5,0.5,0.2641,0.25,5,0.5,0.2641,0.25,5,0.5,0.3066,0.3333,6,0.5,0.3869,0.5,6,0.5,0.3869,0.5,6,0.5,0.3869,0.5,10
xbrl-mu-2025-common-stock-shares-outstanding-shares-0000723125-25-000028,hybrid,True,tables,0.5,0.2044,0.1429,8,0.5,0.2372,0.2,15,0.5,0.2641,0.25,15,0.5,0.2641,0.25,16,0.5,0.2641,0.25,16,0.5,0.2641,0.25,16,0.5,0.2641,0.25,16,0.5,0.2641,0.25,16
xbrl-mu-2025-increase-decrease-in-accounts-payable-and-accrued-liabilities-usd-0000723125-25-000028,bm25,True,tables,1.0,0.6309,0.5,6,1.0,0.6309,0.5,7,1.0,0.6309,0.5,8,1.0,0.6309,0.5,8,1.0,0.6309,0.5,8,1.0,0.6309,0.5,8,1.0,1.0,1.0,9,1.0,1.0,1.0,10
xbrl-mu-2025-increase-decrease-in-accounts-payable-and-accrued-liabilities-usd-0000723125-25-000028,hybrid,True,tables,1.0,0.2789,0.0909,9,1.0,0.3562,0.1667,10,1.0,0.3333,0.1429,11,1.0,0.3562,0.1667,11,1.0,0.3562,0.1667,12,1.0,0.3562,0.1667,12,1.0,0.3562,0.1667,15,1.0,0.3562,0.1667,16
xbrl-mu-2025-contract-with-customer-liability-revenue-recognized-usd-0000723125-25-000028,bm25,True,both,0.3333333333333333,0.4693,1.0,0,0.3333333333333333,0.4693,1.0,1,0.3333333333333333,0.4693,1.0,1,0.3333333333333333,0.4693,1.0,1,0.3333333333333333,0.4693,1.0,2,0.3333333333333333,0.4693,1.0,2,0.3333333333333333,0.4693,1.0,2,0.3333333333333333,0.4693,1.0,9
xbrl-mu-2025-contract-with-customer-liability-revenue-recognized-usd-0000723125-25-000028,hybrid,True,both,0.3333333333333333,0.4693,1.0,1,0.3333333333333333,0.4693,1.0,6,0.3333333333333333,0.4693,1.0,8,0.3333333333333333,0.2346,0.3333,10,0.3333333333333333,0.1564,0.1429,10,0.3333333333333333,0.1564,0.1429,10,0.3333333333333333,0.148,0.125,11,0.3333333333333333,0.1173,0.0667,15
xbrl-mu-2025-finance-lease-interest-payment-on-liability-usd-0000723125-25-000028,bm25,True,both,0.6666666666666666,0.5307,0.5,4,0.6666666666666666,0.5307,0.5,4,0.6666666666666666,0.5307,0.5,5,0.6666666666666666,0.5307,0.5,5,0.6666666666666666,0.5307,0.5,6,0.6666666666666666,0.5307,0.5,7,0.6666666666666666,0.4776,0.5,9,0.6666666666666666,0.3124,0.2,11
xbrl-mu-2025-finance-lease-interest-payment-on-liability-usd-0000723125-25-000028,hybrid,True,both,0.6666666666666666,0.5307,0.5,5,0.6666666666666666,0.5307,0.5,6,0.6666666666666666,0.3836,0.25,9,0.6666666666666666,0.3045,0.1429,10,0.6666666666666666,0.3045,0.1429,10,0.6666666666666666,0.2769,0.1111,11,0.6666666666666666,0.2501,0.0833,14,0.3333333333333333,0.1233,0.0769,15
xbrl-mu-2025-accounts-payable-and-accrued-liabilities-current-usd-0000723125-25-000028,bm25,True,tables,1.0,0.4676,0.3333,4,1.0,0.4776,0.3333,5,1.0,0.4838,0.3333,5,1.0,0.4911,0.3333,5,1.0,0.5714,0.5,5,1.0,0.5714,0.5,5,1.0,0.5912,0.5,7,1.0,0.6241,0.5,10
xbrl-mu-2025-accounts-payable-and-accrued-liabilities-current-usd-0000723125-25-000028,hybrid,True,tables,1.0,0.6053,0.5,6,1.0,0.8772,1.0,10,1.0,0.8772,1.0,10,1.0,0.8772,1.0,10,1.0,0.8772,1.0,10,1.0,0.8772,1.0,10,1.0,0.8772,1.0,15,1.0,0.9197,1.0,16
xbrl-mu-2025-property-plant-and-equipment-and-finance-lease-right-of-use-asset-after-accumulated-depreciation-and-amortization-usd-0000723125-25-000028,bm25,True,tables,0.5,0.1846,0.1111,3,0.5,0.1934,0.125,3,0.5,0.2044,0.1429,4,0.5,0.2372,0.2,5,0.5,0.2372,0.2,5,0.5,0.2372,0.2,5,0.5,0.3869,0.5,8,0.5,0.3869,0.5,11
xbrl-mu-2025-property-plant-and-equipment-and-finance-lease-right-of-use-asset-after-accumulated-depreciation-and-amortization-usd-0000723125-25-000028,hybrid,True,tables,0.5,0.2044,0.1429,5,0.5,0.2372,0.2,8,1.0,0.4566,0.3333,10,1.0,0.4566,0.3333,11,1.0,0.4566,0.3333,12,0.5,0.3066,0.3333,12,1.0,0.4838,0.3333,16,1.0,0.4838,0.3333,16
xbrl-now-2021-debt-securities-available-for-sale-amortized-cost-usd-0001373715-22-000024,bm25,True,tables,1.0,0.4307,0.25,2,1.0,0.5,0.3333,2,1.0,0.5,0.3333,2,1.0,0.5,0.3333,2,1.0,0.6309,0.5,2,1.0,0.6309,0.5,3,1.0,0.6309,0.5,3,1.0,0.6309,0.5,4
xbrl-now-2021-debt-securities-available-for-sale-amortized-cost-usd-0001373715-22-000024,hybrid,True,tables,1.0,0.6309,0.5,2,1.0,0.6309,0.5,2,1.0,0.6309,0.5,5,1.0,0.6309,0.5,7,1.0,1.0,1.0,8,1.0,1.0,1.0,9,1.0,1.0,1.0,9,1.0,1.0,1.0,11
xbrl-now-2021-share-based-payment-arrangement-decrease-for-tax-withholding-obligation-usd-0001373715-22-000024,bm25,True,tables,0.0,0.0,0.0,0,0.0,0.0,0.0,1,0.0,0.0,0.0,1,0.0,0.0,0.0,1,0.0,0.0,0.0,1,0.0,0.0,0.0,1,0.0,0.0,0.0,1,0.0,0.0,0.0,5
xbrl-now-2021-share-based-payment-arrangement-decrease-for-tax-withholding-obligation-usd-0001373715-22-000024,hybrid,True,tables,0.0,0.0,0.0,1,0.0,0.0,0.0,2,0.5,0.171,0.0909,6,0.5,0.2044,0.1429,8,0.5,0.2044,0.1429,8,0.5,0.2184,0.1667,8,0.5,0.2044,0.1429,9,0.5,0.2044,0.1429,10
xbrl-now-2021-net-cash-provided-by-used-in-financing-activities-usd-0001373715-22-000024,bm25,True,both,1.0,0.7328,0.5,7,1.0,0.906,1.0,7,1.0,0.906,1.0,7,1.0,0.906,1.0,7,1.0,0.906,1.0,7,1.0,0.906,1.0,7,1.0,0.9675,1.0,7,1.0,0.9218,1.0,8
xbrl-now-2021-net-cash-provided-by-used-in-financing-activities-usd-0001373715-22-000024,hybrid,True,both,1.0,0.7328,0.5,7,1.0,0.9675,1.0,7,1.0,0.9675,1.0,11,1.0,1.0,1.0,11,1.0,0.9675,1.0,11,1.0,0.9134,1.0,12,1.0,0.8963,1.0,12,1.0,0.8886,1.0,13
xbrl-now-2021-common-stock-capital-shares-reserved-for-future-issuance-shares-0001373715-22-000024,bm25,True,both,1.0,1.0,1.0,3,1.0,1.0,1.0,3,1.0,1.0,1.0,3,1.0,1.0,1.0,3,1.0,1.0,1.0,4,1.0,1.0,1.0,7,1.0,1.0,1.0,11,1.0,0.9197,1.0,14
xbrl-now-2021-common-stock-capital-shares-reserved-for-future-issuance-shares-0001373715-22-000024,hybrid,True,both,1.0,0.8175,1.0,2,1.0,0.8772,1.0,6,1.0,1.0,1.0,12,1.0,1.0,1.0,13,1.0,0.7701,1.0,14,1.0,0.7664,1.0,15,1.0,0.5369,0.5,15,0.5,0.3869,0.5,16
xbrl-now-2021-payments-to-acquire-property-plant-and-equipment-usd-0001373715-22-000024,bm25,True,both,0.6666666666666666,0.4193,0.5,0,0.6666666666666666,0.4134,0.5,2,0.6666666666666666,0.4134,0.5,2,0.6666666666666666,0.4134,0.5,2,0.6666666666666666,0.4134,0.5,2,0.6666666666666666,0.4134,0.5,2,0.6666666666666666,0.3434,0.25,5,0.6666666666666666,0.3827,0.3333,7
xbrl-now-2021-payments-to-acquire-property-plant-and-equipment-usd-0001373715-22-000024,hybrid,True,both,0.3333333333333333,0.1309,0.0909,2,0.3333333333333333,0.1233,0.0769,3,0.6666666666666666,0.2625,0.1,5,0.6666666666666666,0.3585,0.25,9,0.6666666666666666,0.4018,0.3333,9,0.6666666666666666,0.3827,0.3333,9,0.6666666666666666,0.3759,0.3333,10,0.6666666666666666,0.3579,0.3333,13
xbrl-now-2021-debt-securities-available-for-sale-unrealized-loss-position-usd-0001373715-22-000024,bm25,True,prose,1.0,1.0,1.0,2,1.0,1.0,1.0,2,1.0,1.0,1.0,2,1.0,1.0,1.0,2,1.0,1.0,1.0,3,1.0,1.0,1.0,3,1.0,0.5,0.3333,4,1.0,0.5,0.3333,6
xbrl-now-2021-debt-securities-available-for-sale-unrealized-loss-position-usd-0001373715-22-000024,hybrid,True,prose,1.0,1.0,1.0,2,1.0,1.0,1.0,2,1.0,1.0,1.0,5,1.0,1.0,1.0,9,1.0,1.0,1.0,9,1.0,0.5,0.3333,9,1.0,0.3869,0.2,10,1.0,0.3155,0.125,12
xbrl-now-2021-deferred-tax-assets-tax-credit-carryforwards-usd-0001373715-22-000024,bm25,True,tables,0.5,0.3869,0.5,2,0.5,0.3869,0.5,2,0.5,0.6131,1.0,2,0.5,0.6131,1.0,2,0.5,0.6131,1.0,3,0.5,0.6131,1.0,3,0.5,0.6131,1.0,3,0.5,0.6131,1.0,5
xbrl-now-2021-deferred-tax-assets-tax-credit-carryforwards-usd-0001373715-22-000024,hybrid,True,tables,0.5,0.3066,0.3333,2,0.5,0.3066,0.3333,3,0.5,0.6131,1.0,5,0.5,0.6131,1.0,7,0.5,0.6131,1.0,9,0.5,0.6131,1.0,10,0.5,0.6131,1.0,11,0.5,0.6131,1.0,13
xbrl-now-2021-payments-to-acquire-investments-usd-0001373715-22-000024,bm25,True,tables,0.0,0.0,0.0,0,0.0,0.0,0.0,0,0.0,0.0,0.0,0,0.0,0.0,0.0,0,0.0,0.0,0.0,0,0.0,0.0,0.0,0,0.0,0.0,0.0,0,0.0,0.0,0.0,1
xbrl-now-2021-payments-to-acquire-investments-usd-0001373715-22-000024,hybrid,True,tables,0.0,0.0,0.0,0,0.0,0.0,0.0,2,0.0,0.0,0.0,5,0.0,0.0,0.0,7,0.0,0.0,0.0,7,0.0,0.0,0.0,8,0.0,0.0,0.0,8,0.0,0.0,0.0,8
xbrl-now-2021-assets-current-usd-0001373715-22-000024,bm25,True,tables,1.0,0.2789,0.0909,2,1.0,0.2789,0.0909,2,1.0,0.3155,0.125,3,1.0,0.3562,0.1667,3,1.0,0.5,0.3333,3,1.0,0.5,0.3333,3,1.0,1.0,1.0,5,1.0,1.0,1.0,6
xbrl-now-2021-assets-current-usd-0001373715-22-000024,hybrid,True,tables,1.0,0.5,0.3333,3,1.0,0.6309,0.5,5,1.0,1.0,1.0,9,1.0,1.0,1.0,10,1.0,1.0,1.0,10,1.0,1.0,1.0,10,1.0,1.0,1.0,11,1.0,1.0,1.0,14
xbrl-now-2021-net-cash-provided-by-used-in-operating-activities-usd-0001373715-22-000024,bm25,True,tables,1.0,0.5989,0.5,6,1.0,0.7721,1.0,6,1.0,0.7721,1.0,6,1.0,0.7865,1.0,6,1.0,0.7989,1.0,6,1.0,0.8194,1.0,7,1.0,0.8278,1.0,7,1.0,0.8855,1.0,9
xbrl-now-2021-net-cash-provided-by-used-in-operating-activities-usd-0001373715-22-000024,hybrid,True,tables,1.0,0.5239,0.3333,6,1.0,0.6113,0.5,7,1.0,0.7989,1.0,10,1.0,0.8278,1.0,11,1.0,0.8529,1.0,11,1.0,0.8385,1.0,11,1.0,0.8385,1.0,12,1.0,0.8529,1.0,13
xbrl-now-2021-operating-expenses-usd-0001373715-22-000024,bm25,True,tables,0.0,0.0,0.0,1,0.0,0.0,0.0,1,0.0,0.0,0.0,1,0.0,0.0,0.0,1,0.0,0.0,0.0,1,0.0,0.0,0.0,1,0.0,0.0,0.0,2,0.3333333333333333,0.2021,0.25,8
xbrl-now-2021-operating-expenses-usd-0001373715-22-000024,hybrid,True,tables,0.0,0.0,0.0,4,0.0,0.0,0.0,7,0.3333333333333333,0.1672,0.1667,10,0.3333333333333333,0.2346,0.3333,11,0.3333333333333333,0.2346,0.3333,11,0.3333333333333333,0.2346,0.3333,12,0.3333333333333333,0.2346,0.3333,12,0.3333333333333333,0.2346,0.3333,15
xbrl-now-2021-liabilities-usd-0001373715-22-000024,bm25,True,tables,0.0,0.0,0.0,0,0.0,0.0,0.0,0,0.0,0.0,0.0,0,0.0,0.0,0.0,0,0.0,0.0,0.0,0,0.0,0.0,0.0,0,0.0,0.0,0.0,0,1.0,0.3333,0.1429,7
xbrl-now-2021-liabilities-usd-0001373715-22-000024,hybrid,True,tables,0.0,0.0,0.0,2,0.0,0.0,0.0,3,1.0,0.6309,0.5,7,1.0,0.6309,0.5,8,1.0,0.5,0.3333,8,1.0,0.5,0.3333,8,1.0,0.5,0.3333,10,1.0,0.5,0.3333,13
xbrl-now-2021-goodwill-usd-0001373715-22-000024,bm25,True,tables,0.5,0.1569,0.0714,1,0.5,0.1846,0.1111,1,0.5,0.2044,0.1429,1,0.5,0.2044,0.1429,1,0.5,0.2044,0.1429,1,0.5,0.2044,0.1429,1,1.0,0.4413,0.25,2,1.0,0.8316,1.0,6
xbrl-now-2021-goodwill-usd-0001373715-22-000024,hybrid,True,tables,1.0,0.3956,0.1667,2,1.0,0.4825,0.25,7,1.0,0.6934,0.5,9,1.0,1.0,1.0,9,1.0,1.0,1.0,9,1.0,1.0,1.0,9,1.0,1.0,1.0,10,1.0,1.0,1.0,11
xbrl-now-2021-deferred-income-tax-assets-net-usd-0001373715-22-000024,bm25,True,tables,1.0,0.256,0.0714,2,1.0,0.256,0.0714,2,1.0,0.256,0.0714,2,1.0,0.2702,0.0833,3,1.0,0.2702,0.0833,3,1.0,0.2789,0.0909,4,1.0,0.5,0.3333,4,1.0,0.6309,0.5,7
xbrl-now-2021-deferred-income-tax-assets-net-usd-0001373715-22-000024,hybrid,True,tables,1.0,0.256,0.0714,2,1.0,0.2891,0.1,5,1.0,0.3869,0.2,5,1.0,0.6309,0.5,8,1.0,0.6309,0.5,10,1.0,0.6309,0.5,13,1.0,0.6309,0.5,14,1.0,0.6309,0.5,16
xbrl-now-2021-other-accrued-liabilities-current-usd-0001373715-22-000024,bm25,True,both,0.3333333333333333,0.4693,1.0,3,0.3333333333333333,0.4693,1.0,3,0.3333333333333333,0.4693,1.0,4,0.3333333333333333,0.4693,1.0,4,0.3333333333333333,0.4693,1.0,4,0.3333333333333333,0.4693,1.0,5,0.3333333333333333,0.4693,1.0,5,0.3333333333333333,0.4693,1.0,7
xbrl-now-2021-other-accrued-liabilities-current-usd-0001373715-22-000024,hybrid,True,both,0.6666666666666666,0.5961,1.0,4,0.6666666666666666,0.5894,1.0,6,0.3333333333333333,0.4693,1.0,10,0.3333333333333333,0.4693,1.0,11,0.3333333333333333,0.4693,1.0,11,0.3333333333333333,0.4693,1.0,11,0.3333333333333333,0.4693,1.0,11,0.6666666666666666,0.6049,1.0,14
xbrl-now-2021-net-income-loss-attributable-to-parent-usd-0001373715-22-000024,bm25,True,tables,0.0,0.0,0.0,1,0.0,0.0,0.0,1,0.0,0.0,0.0,2,0.0,0.0,0.0,3,0.0,0.0,0.0,3,0.0,0.0,0.0,5,0.0,0.0,0.0,6,0.0,0.0,0.0,11
xbrl-now-2021-net-income-loss-attributable-to-parent-usd-0001373715-22-000024,hybrid,True,tables,0.0,0.0,0.0,3,0.0,0.0,0.0,9,0.0,0.0,0.0,10,0.0,0.0,0.0,12,0.0,0.0,0.0,12,0.0,0.0,0.0,12,0.0,0.0,0.0,14,0.0,0.0,0.0,16
xbrl-now-2021-valuation-allowance-deferred-tax-asset-increase-decrease-amount-usd-0001373715-22-000024,bm25,True,both,0.3333333333333333,0.4693,1.0,2,0.3333333333333333,0.4693,1.0,2,0.3333333333333333,0.4693,1.0,2,0.3333333333333333,0.4693,1.0,2,0.3333333333333333,0.4693,1.0,2,0.3333333333333333,0.4693,1.0,2,0.3333333333333333,0.2961,0.5,2,0.3333333333333333,0.2961,0.5,3
xbrl-now-2021-valuation-allowance-deferred-tax-asset-increase-decrease-amount-usd-0001373715-22-000024,hybrid,True,both,0.3333333333333333,0.4693,1.0,2,0.3333333333333333,0.4693,1.0,2,0.3333333333333333,0.4693,1.0,5,0.3333333333333333,0.2961,0.5,7,0.3333333333333333,0.2961,0.5,9,0.3333333333333333,0.2346,0.3333,10,0.3333333333333333,0.1564,0.1429,10,0.3333333333333333,0.1413,0.1111,11
xbrl-now-2021-debt-securities-available-for-sale-fair-value-maturity-allocated-and-single-maturity-date-year-one-usd-0001373715-22-000024,bm25,True,tables,0.0,0.0,0.0,2,0.0,0.0,0.0,2,0.0,0.0,0.0,2,0.5,0.1533,0.0667,3,0.5,0.161,0.0769,3,0.5,0.171,0.0909,3,0.5,0.2372,0.2,3,0.5,0.2641,0.25,4
xbrl-now-2021-debt-securities-available-for-sale-fair-value-maturity-allocated-and-single-maturity-date-year-one-usd-0001373715-22-000024,hybrid,True,tables,0.5,0.1934,0.125,3,0.5,0.2372,0.2,3,1.0,0.4486,0.25,8,1.0,0.4486,0.25,8,1.0,0.4575,0.25,9,1.0,0.5,0.3333,9,1.0,0.5912,0.5,10,1.0,0.4838,0.3333,11
xbrl-now-2021-deferred-tax-assets-net-usd-0001373715-22-000024,bm25,True,tables,1.0,0.3155,0.125,2,1.0,0.3869,0.2,3,1.0,0.4307,0.25,3,1.0,0.6309,0.5,3,1.0,0.6309,0.5,3,1.0,0.6309,0.5,3,1.0,1.0,1.0,4,1.0,1.0,1.0,6
xbrl-now-2021-deferred-tax-assets-net-usd-0001373715-22-000024,hybrid,True,tables,1.0,0.4307,0.25,3,1.0,0.6309,0.5,4,1.0,1.0,1.0,6,1.0,1.0,1.0,7,1.0,1.0,1.0,9,1.0,1.0,1.0,11,1.0,1.0,1.0,13,1.0,1.0,1.0,15
xbrl-now-2021-liabilities-current-usd-0001373715-22-000024,bm25,True,tables,1.0,0.2789,0.0909,3,1.0,0.301,0.1111,4,1.0,0.301,0.1111,4,1.0,0.3155,0.125,4,1.0,0.3562,0.1667,4,1.0,0.5,0.3333,4,1.0,0.6309,0.5,5,1.0,0.6309,0.5,6
xbrl-now-2021-liabilities-current-usd-0001373715-22-000024,hybrid,True,tables,1.0,0.6309,0.5,5,1.0,0.6309,0.5,5,1.0,0.6309,0.5,8,1.0,0.6309,0.5,9,1.0,0.6309,0.5,10,1.0,0.6309,0.5,10,1.0,0.6309,0.5,11,1.0,0.5,0.3333,14
xbrl-now-2022-additional-paid-in-capital-common-stock-usd-0001373715-23-000035,bm25,True,tables,0.5,0.2372,0.2,16,0.5,0.2372,0.2,16,0.5,0.2372,0.2,16,0.5,0.2372,0.2,16,0.5,0.2372,0.2,16,0.5,0.2372,0.2,16,0.5,0.2372,0.2,16,0.5,0.2372,0.2,16
xbrl-now-2022-additional-paid-in-capital-common-stock-usd-0001373715-23-000035,hybrid,True,tables,1.0,0.3544,0.1429,10,1.0,0.4351,0.25,16,1.0,0.4298,0.25,16,1.0,0.4298,0.25,16,1.0,0.4351,0.25,16,1.0,0.4351,0.25,16,1.0,0.4351,0.25,16,1.0,0.4351,0.25,16
xbrl-now-2022-deferred-tax-assets-net-of-valuation-allowance-usd-0001373715-23-000035,bm25,True,tables,1.0,0.3562,0.1667,2,1.0,0.3562,0.1667,2,1.0,0.4307,0.25,3,1.0,0.6309,0.5,3,1.0,0.6309,0.5,3,1.0,0.6309,0.5,3,1.0,1.0,1.0,4,1.0,1.0,1.0,6
xbrl-now-2022-deferred-tax-assets-net-of-valuation-allowance-usd-0001373715-23-000035,hybrid,True,tables,1.0,0.301,0.1111,1,1.0,0.3869,0.2,3,1.0,0.5,0.3333,5,1.0,1.0,1.0,7,1.0,1.0,1.0,10,1.0,1.0,1.0,10,1.0,1.0,1.0,12,1.0,1.0,1.0,16
xbrl-now-2022-assets-current-usd-0001373715-23-000035,bm25,True,tables,1.0,0.256,0.0714,2,1.0,0.2891,0.1,2,1.0,0.3155,0.125,2,1.0,0.3562,0.1667,2,1.0,0.4307,0.25,2,1.0,0.5,0.3333,2,1.0,1.0,1.0,3,1.0,1.0,1.0,5
xbrl-now-2022-assets-current-usd-0001373715-23-000035,hybrid,True,tables,1.0,0.5,0.3333,2,1.0,0.6309,0.5,6,1.0,1.0,1.0,8,1.0,1.0,1.0,10,1.0,1.0,1.0,10,1.0,1.0,1.0,10,1.0,1.0,1.0,11,1.0,1.0,1.0,13
xbrl-now-2022-net-income-loss-attributable-to-parent-usd-0001373715-23-000035,bm25,True,tables,0.0,0.0,0.0,1,0.3333333333333333,0.1148,0.0625,2,0.3333333333333333,0.1201,0.0714,2,0.3333333333333333,0.1268,0.0833,3,0.3333333333333333,0.1357,0.1,3,0.3333333333333333,0.148,0.125,3,0.3333333333333333,0.1815,0.2,6,1.0,0.5502,0.5,12
xbrl-now-2022-net-income-loss-attributable-to-parent-usd-0001373715-23-000035,hybrid,True,tables,0.3333333333333333,0.148,0.125,2,0.3333333333333333,0.2021,0.25,8,1.0,0.573,0.5,12,1.0,0.7586,1.0,13,1.0,0.7737,1.0,13,1.0,0.7586,1.0,13,1.0,0.7614,1.0,14,1.0,0.753,1.0,16
xbrl-now-2022-operating-lease-liability-usd-0001373715-23-000035,bm25,True,both,1.0,0.7701,1.0,2,1.0,0.7742,1.0,2,1.0,0.7842,1.0,2,1.0,0.7977,1.0,2,1.0,0.8175,1.0,2,1.0,0.8175,1.0,2,1.0,0.9197,1.0,4,1.0,0.6934,0.5,6
xbrl-now-2022-operating-lease-liability-usd-0001373715-23-000035,hybrid,True,both,1.0,0.8772,1.0,4,1.0,0.8503,1.0,6,1.0,0.9197,1.0,8,1.0,0.6934,0.5,9,1.0,0.6934,0.5,10,1.0,0.5803,0.5,10,1.0,0.7977,1.0,10,1.0,0.5438,0.5,14
xbrl-now-2022-goodwill-usd-0001373715-23-000035,bm25,True,tables,0.5,0.171,0.0909,1,0.5,0.1772,0.1,1,0.5,0.2044,0.1429,1,0.5,0.2184,0.1667,1,0.5,0.2184,0.1667,1,0.5,0.2184,0.1667,1,1.0,0.4838,0.3333,2,1.0,0.8772,1.0,6
xbrl-now-2022-goodwill-usd-0001373715-23-000035,hybrid,True,tables,1.0,0.4218,0.2,3,1.0,0.5013,0.25,6,1.0,0.6241,0.5,7,1.0,0.6934,0.5,8,1.0,0.9197,1.0,9,1.0,1.0,1.0,9,1.0,1.0,1.0,9,1.0,1.0,1.0,10
xbrl-now-2022-property-plant-and-equipment-gross-usd-0001373715-23-000035,bm25,True,tables,1.0,1.0,1.0,4,1.0,1.0,1.0,4,1.0,1.0,1.0,6,1.0,1.0,1.0,6,1.0,1.0,1.0,6,1.0,1.0,1.0,6,1.0,1.0,1.0,8,1.0,1.0,1.0,11
xbrl-now-2022-property-plant-and-equipment-gross-usd-0001373715-23-000035,hybrid,True,tables,1.0,1.0,1.0,7,1.0,1.0,1.0,9,1.0,1.0,1.0,11,1.0,1.0,1.0,11,1.0,1.0,1.0,12,1.0,1.0,1.0,13,1.0,1.0,1.0,14,1.0,1.0,1.0,16
xbrl-now-2022-finite-lived-intangible-assets-net-usd-0001373715-23-000035,bm25,True,prose,0.3333333333333333,0.2961,0.5,2,0.3333333333333333,0.2961,0.5,2,0.3333333333333333,0.2961,0.5,2,0.3333333333333333,0.2961,0.5,2,0.3333333333333333,0.2961,0.5,2,0.3333333333333333,0.2961,0.5,2,0.3333333333333333,0.2346,0.3333,3,0.3333333333333333,0.2021,0.25,6
xbrl-now-2022-finite-lived-intangible-assets-net-usd-0001373715-23-000035,hybrid,True,prose,0.3333333333333333,0.4693,1.0,2,0.3333333333333333,0.4693,1.0,3,0.3333333333333333,0.4693,1.0,4,0.3333333333333333,0.2961,0.5,10,0.3333333333333333,0.2346,0.3333,11,0.3333333333333333,0.148,0.125,11,0.3333333333333333,0.1357,0.1,11,0.3333333333333333,0.1233,0.0769,13
xbrl-now-2022-intangible-assets-gross-excluding-goodwill-usd-0001373715-23-000035,bm25,True,tables,1.0,0.3333,0.1429,3,1.0,0.3333,0.1429,3,1.0,0.3869,0.2,3,1.0,0.3869,0.2,3,1.0,0.3869,0.2,3,1.0,0.4307,0.25,4,1.0,0.6309,0.5,4,1.0,1.0,1.0,6
xbrl-now-2022-intangible-assets-gross-excluding-goodwill-usd-0001373715-23-000035,hybrid,True,tables,1.0,0.3869,0.2,3,1.0,0.4307,0.25,6,1.0,0.6309,0.5,9,1.0,0.6309,0.5,10,1.0,1.0,1.0,10,1.0,1.0,1.0,10,1.0,1.0,1.0,11,1.0,1.0,1.0,13
xbrl-now-2022-debt-securities-available-for-sale-amortized-cost-usd-0001373715-23-000035,bm25,True,tables,1.0,0.6309,0.5,2,1.0,1.0,1.0,2,1.0,1.0,1.0,2,1.0,1.0,1.0,2,1.0,1.0,1.0,3,1.0,1.0,1.0,3,1.0,1.0,1.0,3,1.0,1.0,1.0,4
xbrl-now-2022-debt-securities-available-for-sale-amortized-cost-usd-0001373715-23-000035,hybrid,True,tables,1.0,0.3333,0.1429,2,1.0,0.6309,0.5,3,1.0,1.0,1.0,7,1.0,1.0,1.0,9,1.0,1.0,1.0,9,1.0,1.0,1.0,9,1.0,1.0,1.0,10,1.0,1.0,1.0,11
xbrl-now-2022-unrecognized-tax-benefits-decrease-resulting-from-prior-period-tax-positions-usd-0001373715-23-000035,bm25,True,both,0.0,0.0,0.0,1,0.0,0.0,0.0,1,0.0,0.0,0.0,1,0.0,0.0,0.0,1,0.0,0.0,0.0,1,0.0,0.0,0.0,1,0.0,0.0,0.0,2,0.0,0.0,0.0,3
xbrl-now-2022-unrecognized-tax-benefits-decrease-resulting-from-prior-period-tax-positions-usd-0001373715-23-000035,hybrid,True,both,0.0,0.0,0.0,1,0.0,0.0,0.0,1,0.0,0.0,0.0,3,0.0,0.0,0.0,5,0.0,0.0,0.0,6,0.0,0.0,0.0,8,0.0,0.0,0.0,8,0.0,0.0,0.0,9
xbrl-now-2022-intangible-assets-net-excluding-goodwill-usd-0001373715-23-000035,bm25,True,prose,0.3333333333333333,0.2961,0.5,2,0.3333333333333333,0.2961,0.5,2,0.3333333333333333,0.2961,0.5,2,0.3333333333333333,0.2961,0.5,2,0.3333333333333333,0.2961,0.5,2,0.3333333333333333,0.2961,0.5,2,0.3333333333333333,0.2346,0.3333,3,0.3333333333333333,0.2021,0.25,6
xbrl-now-2022-intangible-assets-net-excluding-goodwill-usd-0001373715-23-000035,hybrid,True,prose,0.3333333333333333,0.2961,0.5,3,0.3333333333333333,0.2961,0.5,5,0.3333333333333333,0.4693,1.0,8,0.3333333333333333,0.4693,1.0,9,0.3333333333333333,0.2346,0.3333,10,0.3333333333333333,0.1815,0.2,10,0.3333333333333333,0.1309,0.0909,11,0.3333333333333333,0.1233,0.0769,12
xbrl-now-2022-weighted-average-number-of-shares-outstanding-basic-shares-0001373715-23-000035,bm25,True,tables,1.0,0.5912,0.5,5,1.0,0.6053,0.5,5,1.0,0.6241,0.5,6,1.0,0.6241,0.5,6,1.0,0.6241,0.5,6,1.0,0.6241,0.5,6,1.0,0.8772,1.0,6,1.0,0.8772,1.0,9
xbrl-now-2022-weighted-average-number-of-shares-outstanding-basic-shares-0001373715-23-000035,hybrid,True,tables,1.0,0.5803,0.5,7,1.0,0.5912,0.5,10,1.0,0.6241,0.5,10,1.0,0.6241,0.5,11,1.0,0.6241,0.5,12,1.0,0.6241,0.5,13,1.0,0.6241,0.5,14,1.0,0.6241,0.5,14
xbrl-now-2022-assets-usd-0001373715-23-000035,bm25,True,tables,0.0,0.0,0.0,0,0.0,0.0,0.0,0,0.0,0.0,0.0,0,0.0,0.0,0.0,0,0.0,0.0,0.0,0,0.0,0.0,0.0,0,0.0,0.0,0.0,0,0.0,0.0,0.0,4
xbrl-now-2022-assets-usd-0001373715-23-000035,hybrid,True,tables,0.0,0.0,0.0,0,0.0,0.0,0.0,4,0.0,0.0,0.0,7,0.0,0.0,0.0,8,0.0,0.0,0.0,8,0.0,0.0,0.0,8,0.5,0.3869,0.5,10,0.5,0.2641,0.25,11
xbrl-now-2022-deferred-income-tax-assets-net-usd-0001373715-23-000035,bm25,True,tables,1.0,0.25,0.0667,2,1.0,0.2626,0.0769,2,1.0,0.2702,0.0833,2,1.0,0.2789,0.0909,3,1.0,0.2891,0.1,3,1.0,0.2891,0.1,3,1.0,0.4307,0.25,5,1.0,0.6309,0.5,8
xbrl-now-2022-deferred-income-tax-assets-net-usd-0001373715-23-000035,hybrid,True,tables,0.0,0.0,0.0,1,1.0,0.256,0.0714,4,1.0,0.2702,0.0833,5,1.0,0.4307,0.25,8,1.0,0.6309,0.5,10,1.0,0.6309,0.5,12,1.0,0.6309,0.5,15,1.0,0.5,0.3333,16
xbrl-now-2022-operating-income-loss-usd-0001373715-23-000035,bm25,True,tables,0.0,0.0,0.0,0,0.3333333333333333,0.1309,0.0909,1,0.3333333333333333,0.1357,0.1,1,0.3333333333333333,0.1413,0.1111,1,0.3333333333333333,0.1413,0.1111,4,0.3333333333333333,0.148,0.125,5,0.3333333333333333,0.2961,0.5,8,0.3333333333333333,0.4693,1.0,15
xbrl-now-2022-operating-income-loss-usd-0001373715-23-000035,hybrid,True,tables,0.3333333333333333,0.148,0.125,4,0.3333333333333333,0.4693,1.0,10,0.3333333333333333,0.4693,1.0,14,0.3333333333333333,0.4693,1.0,15,0.3333333333333333,0.4693,1.0,16,0.3333333333333333,0.4693,1.0,16,0.3333333333333333,0.4693,1.0,16,0.3333333333333333,0.2961,0.5,16
xbrl-now-2022-effective-income-tax-rate-reconciliation-change-in-deferred-tax-assets-valuation-allowance-amount-usd-0001373715-23-000035,bm25,True,prose,0.0,0.0,0.0,2,0.0,0.0,0.0,2,0.0,0.0,0.0,3,0.0,0.0,0.0,3,0.0,0.0,0.0,3,0.0,0.0,0.0,3,0.0,0.0,0.0,3,0.0,0.0,0.0,4
xbrl-now-2022-effective-income-tax-rate-reconciliation-change-in-deferred-tax-assets-valuation-allowance-amount-usd-0001373715-23-000035,hybrid,True,prose,0.0,0.0,0.0,2,0.0,0.0,0.0,2,0.0,0.0,0.0,3,0.0,0.0,0.0,4,0.0,0.0,0.0,6,0.0,0.0,0.0,8,0.0,0.0,0.0,12,0.0,0.0,0.0,14
xbrl-now-2022-unrecognized-tax-benefits-income-tax-penalties-and-interest-accrued-usd-0001373715-23-000035,bm25,True,tables,0.0,0.0,0.0,0,0.0,0.0,0.0,0,0.0,0.0,0.0,0,0.0,0.0,0.0,0,0.0,0.0,0.0,0,0.0,0.0,0.0,1,0.0,0.0,0.0,4,0.0,0.0,0.0,6
xbrl-now-2022-unrecognized-tax-benefits-income-tax-penalties-and-interest-accrued-usd-0001373715-23-000035,hybrid,True,tables,0.0,0.0,0.0,0,0.0,0.0,0.0,1,0.0,0.0,0.0,2,0.0,0.0,0.0,6,0.0,0.0,0.0,9,0.0,0.0,0.0,9,0.0,0.0,0.0,11,1.0,0.2626,0.0769,13
xbrl-now-2022-proceeds-from-sale-and-maturity-of-debt-securities-available-for-sale-usd-0001373715-23-000035,bm25,True,tables,0.0,0.0,0.0,2,0.0,0.0,0.0,2,0.0,0.0,0.0,2,0.0,0.0,0.0,2,0.0,0.0,0.0,3,0.0,0.0,0.0,3,1.0,0.256,0.0714,4,1.0,0.301,0.1111,7
xbrl-now-2022-proceeds-from-sale-and-maturity-of-debt-securities-available-for-sale-usd-0001373715-23-000035,hybrid,True,tables,0.0,0.0,0.0,2,1.0,0.256,0.0714,3,1.0,0.3333,0.1429,9,1.0,0.4307,0.25,9,1.0,0.5,0.3333,9,1.0,0.5,0.3333,9,1.0,0.6309,0.5,10,1.0,0.6309,0.5,12
xbrl-now-2022-right-of-use-asset-obtained-in-exchange-for-operating-lease-liability-usd-0001373715-23-000035,bm25,True,prose,1.0,1.0,1.0,1,1.0,1.0,1.0,1,1.0,1.0,1.0,1,1.0,1.0,1.0,1,1.0,1.0,1.0,1,1.0,1.0,1.0,2,1.0,0.6309,0.5,4,1.0,0.5,0.3333,6
xbrl-now-2022-right-of-use-asset-obtained-in-exchange-for-operating-lease-liability-usd-0001373715-23-000035,hybrid,True,prose,1.0,0.6309,0.5,1,1.0,0.6309,0.5,3,1.0,0.5,0.3333,6,1.0,0.3869,0.2,7,1.0,0.4307,0.25,8,1.0,0.3869,0.2,9,1.0,0.3562,0.1667,10,1.0,0.2891,0.1,13
xbrl-now-2023-share-based-payment-arrangement-decrease-for-tax-withholding-obligation-usd-0001373715-24-000030,bm25,True,tables,0.0,0.0,0.0,0,0.0,0.0,0.0,0,0.0,0.0,0.0,0,0.0,0.0,0.0,0,0.0,0.0,0.0,1,0.0,0.0,0.0,1,0.0,0.0,0.0,1,0.0,0.0,0.0,4
xbrl-now-2023-share-based-payment-arrangement-decrease-for-tax-withholding-obligation-usd-0001373715-24-000030,hybrid,True,tables,0.0,0.0,0.0,0,0.0,0.0,0.0,1,0.0,0.0,0.0,5,0.0,0.0,0.0,7,0.0,0.0,0.0,8,0.0,0.0,0.0,8,0.0,0.0,0.0,9,0.0,0.0,0.0,11
xbrl-now-2023-retained-earnings-accumulated-deficit-usd-0001373715-24-000030,bm25,True,tables,0.0,0.0,0.0,16,0.0,0.0,0.0,16,0.0,0.0,0.0,16,0.0,0.0,0.0,16,0.0,0.0,0.0,16,0.0,0.0,0.0,16,0.0,0.0,0.0,16,0.0,0.0,0.0,16
xbrl-now-2023-retained-earnings-accumulated-deficit-usd-0001373715-24-000030,hybrid,True,tables,1.0,0.3483,0.1,13,1.0,0.378,0.125,15,1.0,0.3654,0.1429,16,1.0,0.3654,0.1429,16,1.0,0.3654,0.1429,16,1.0,0.3654,0.1429,16,1.0,0.3654,0.1429,16,1.0,0.3654,0.1429,16
xbrl-now-2023-depreciation-depletion-and-amortization-usd-0001373715-24-000030,bm25,True,tables,1.0,0.3869,0.2,2,1.0,0.4307,0.25,2,1.0,0.5,0.3333,2,1.0,0.5,0.3333,3,1.0,0.6309,0.5,3,1.0,0.6309,0.5,3,1.0,0.6309,0.5,3,1.0,1.0,1.0,7
xbrl-now-2023-depreciation-depletion-and-amortization-usd-0001373715-24-000030,hybrid,True,tables,1.0,0.4307,0.25,3,1.0,0.4307,0.25,6,1.0,0.6309,0.5,9,1.0,0.6309,0.5,10,1.0,0.6309,0.5,10,1.0,0.6309,0.5,10,1.0,0.6309,0.5,12,1.0,0.6309,0.5,13
xbrl-now-2023-comprehensive-income-loss-net-of-tax-attributable-to-parent-usd-0001373715-24-000030,bm25,True,tables,1.0,0.256,0.0714,1,1.0,0.256,0.0714,3,1.0,0.2789,0.0909,4,1.0,0.3155,0.125,5,1.0,0.3562,0.1667,6,1.0,0.6309,0.5,8,1.0,1.0,1.0,11,1.0,1.0,1.0,16
xbrl-now-2023-comprehensive-income-loss-net-of-tax-attributable-to-parent-usd-0001373715-24-000030,hybrid,True,tables,1.0,0.3869,0.2,2,1.0,0.4307,0.25,6,1.0,1.0,1.0,9,1.0,1.0,1.0,15,1.0,1.0,1.0,16,1.0,1.0,1.0,16,1.0,1.0,1.0,16,1.0,1.0,1.0,16
xbrl-now-2023-increase-decrease-in-contract-with-customer-liability-usd-0001373715-24-000030,bm25,True,tables,0.0,0.0,0.0,0,0.0,0.0,0.0,0,0.0,0.0,0.0,0,0.0,0.0,0.0,1,0.0,0.0,0.0,1,0.0,0.0,0.0,1,0.0,0.0,0.0,1,0.0,0.0,0.0,1
xbrl-now-2023-increase-decrease-in-contract-with-customer-liability-usd-0001373715-24-000030,hybrid,True,tables,0.0,0.0,0.0,0,0.0,0.0,0.0,0,0.0,0.0,0.0,3,0.0,0.0,0.0,6,0.0,0.0,0.0,8,0.0,0.0,0.0,8,0.0,0.0,0.0,9,0.0,0.0,0.0,10
xbrl-now-2023-treasury-stock-common-value-usd-0001373715-24-000030,bm25,True,tables,0.0,0.0,0.0,14,0.0,0.0,0.0,15,0.0,0.0,0.0,16,0.0,0.0,0.0,16,0.0,0.0,0.0,16,0.0,0.0,0.0,16,0.0,0.0,0.0,16,0.0,0.0,0.0,16
xbrl-now-2023-treasury-stock-common-value-usd-0001373715-24-000030,hybrid,True,tables,0.3333333333333333,0.1413,0.1111,6,0.6666666666666666,0.2654,0.125,11,0.6666666666666666,0.3254,0.25,15,0.6666666666666666,0.3254,0.25,16,0.6666666666666666,0.3254,0.25,16,0.6666666666666666,0.3254,0.25,16,0.6666666666666666,0.3548,0.3333,16,0.6666666666666666,0.3548,0.3333,16
xbrl-now-2023-debt-securities-available-for-sale-fair-value-maturity-allocated-and-single-maturity-date-after-year-one-through-five-usd-0001373715-24-000030,bm25,True,tables,1.0,0.2789,0.0909,3,1.0,0.3155,0.125,3,1.0,0.3155,0.125,3,1.0,0.3155,0.125,3,1.0,0.3333,0.1429,3,1.0,0.3333,0.1429,3,1.0,0.3869,0.2,3,1.0,0.4307,0.25,4
xbrl-now-2023-debt-securities-available-for-sale-fair-value-maturity-allocated-and-single-maturity-date-after-year-one-through-five-usd-0001373715-24-000030,hybrid,True,tables,1.0,0.3333,0.1429,3,1.0,0.3562,0.1667,3,1.0,0.3869,0.2,8,1.0,0.4307,0.25,9,1.0,0.5,0.3333,10,1.0,0.5,0.3333,10,1.0,0.5,0.3333,10,1.0,0.5,0.3333,11
xbrl-now-2023-accrued-liabilities-current-usd-0001373715-24-000030,bm25,True,tables,1.0,0.6509,0.5,3,1.0,0.6934,0.5,3,1.0,0.9197,1.0,4,1.0,1.0,1.0,4,1.0,1.0,1.0,5,1.0,1.0,1.0,5,1.0,1.0,1.0,5,1.0,1.0,1.0,6
xbrl-now-2023-accrued-liabilities-current-usd-0001373715-24-000030,hybrid,True,tables,1.0,0.6934,0.5,3,1.0,1.0,1.0,5,1.0,1.0,1.0,8,1.0,1.0,1.0,9,1.0,1.0,1.0,10,1.0,1.0,1.0,10,1.0,1.0,1.0,11,1.0,1.0,1.0,14
xbrl-now-2023-intangible-assets-gross-excluding-goodwill-usd-0001373715-24-000030,bm25,True,tables,1.0,0.3155,0.125,3,1.0,0.3155,0.125,3,1.0,0.3333,0.1429,3,1.0,0.3562,0.1667,4,1.0,0.3869,0.2,4,1.0,0.4307,0.25,4,1.0,0.6309,0.5,5,1.0,1.0,1.0,6
xbrl-now-2023-intangible-assets-gross-excluding-goodwill-usd-0001373715-24-000030,hybrid,True,tables,1.0,0.3869,0.2,3,1.0,0.4307,0.25,6,1.0,0.6309,0.5,9,1.0,1.0,1.0,10,1.0,1.0,1.0,10,1.0,1.0,1.0,10,1.0,1.0,1.0,11,1.0,1.0,1.0,14
xbrl-now-2023-deferred-tax-assets-property-plant-and-equipment-usd-0001373715-24-000030,bm25,True,tables,0.0,0.0,0.0,1,1.0,0.2447,0.0625,2,1.0,0.2789,0.0909,2,1.0,0.301,0.1111,2,1.0,0.3333,0.1429,4,1.0,0.3562,0.1667,4,1.0,0.6309,0.5,6,1.0,0.6309,0.5,9
xbrl-now-2023-deferred-tax-assets-property-plant-and-equipment-usd-0001373715-24-000030,hybrid,True,tables,1.0,0.2789,0.0909,2,1.0,0.3333,0.1429,4,1.0,1.0,1.0,6,1.0,0.6309,0.5,7,1.0,0.6309,0.5,9,1.0,0.6309,0.5,10,1.0,1.0,1.0,12,1.0,1.0,1.0,16
xbrl-now-2023-treasury-stock-value-acquired-cost-method-usd-0001373715-24-000030,bm25,True,prose,0.0,0.0,0.0,6,0.0,0.0,0.0,6,0.0,0.0,0.0,8,0.0,0.0,0.0,9,0.0,0.0,0.0,9,0.0,0.0,0.0,12,0.0,0.0,0.0,16,0.0,0.0,0.0,16
xbrl-now-2023-treasury-stock-value-acquired-cost-method-usd-0001373715-24-000030,hybrid,True,prose,0.3333333333333333,0.1201,0.0714,3,0.0,0.0,0.0,9,0.0,0.0,0.0,14,0.0,0.0,0.0,16,0.0,0.0,0.0,16,0.0,0.0,0.0,16,0.0,0.0,0.0,16,0.0,0.0,0.0,16
xbrl-now-2023-proceeds-from-sale-and-maturity-of-debt-securities-available-for-sale-usd-0001373715-24-000030,bm25,True,tables,0.0,0.0,0.0,2,0.0,0.0,0.0,2,0.0,0.0,0.0,2,0.0,0.0,0.0,3,0.0,0.0,0.0,3,0.0,0.0,0.0,3,0.0,0.0,0.0,3,0.0,0.0,0.0,7
xbrl-now-2023-proceeds-from-sale-and-maturity-of-debt-securities-available-for-sale-usd-0001373715-24-000030,hybrid,True,tables,0.0,0.0,0.0,2,0.0,0.0,0.0,5,0.0,0.0,0.0,7,0.0,0.0,0.0,9,0.0,0.0,0.0,9,0.0,0.0,0.0,9,0.0,0.0,0.0,10,0.0,0.0,0.0,10
xbrl-now-2023-stockholders-equity-attributable-to-parent-usd-0001373715-24-000030,bm25,True,tables,0.0,0.0,0.0,4,0.0,0.0,0.0,4,0.0,0.0,0.0,5,0.0,0.0,0.0,5,0.0,0.0,0.0,5,0.0,0.0,0.0,5,0.0,0.0,0.0,9,0.0,0.0,0.0,15
xbrl-now-2023-stockholders-equity-attributable-to-parent-usd-0001373715-24-000030,hybrid,True,tables,0.0,0.0,0.0,5,0.0,0.0,0.0,11,0.0,0.0,0.0,14,0.0,0.0,0.0,16,0.0,0.0,0.0,16,0.0,0.0,0.0,16,0.0,0.0,0.0,16,0.0,0.0,0.0,16
xbrl-now-2023-deferred-tax-assets-valuation-allowance-usd-0001373715-24-000030,bm25,True,prose,1.0,0.7328,0.5,2,1.0,0.7328,0.5,2,1.0,0.7328,0.5,2,1.0,0.7328,0.5,2,1.0,0.7328,0.5,2,1.0,0.7328,0.5,2,1.0,0.6183,0.3333,3,1.0,0.5508,0.25,3
xbrl-now-2023-deferred-tax-assets-valuation-allowance-usd-0001373715-24-000030,hybrid,True,prose,1.0,0.6797,0.5,1,1.0,0.6797,0.5,3,1.0,0.6039,0.3333,4,1.0,0.5833,0.3333,6,1.0,0.5257,0.25,8,1.0,0.4337,0.1667,9,1.0,0.3934,0.1,10,0.3333333333333333,0.1148,0.0625,14
xbrl-now-2023-general-and-administrative-expense-usd-0001373715-24-000030,bm25,True,tables,1.0,0.7904,1.0,4,1.0,0.8066,1.0,4,1.0,0.8316,1.0,4,1.0,0.8316,1.0,4,1.0,0.8503,1.0,4,1.0,0.8772,1.0,4,1.0,0.9197,1.0,4,1.0,0.9197,1.0,8
xbrl-now-2023-general-and-administrative-expense-usd-0001373715-24-000030,hybrid,True,tables,1.0,0.4413,0.25,3,1.0,0.6053,0.5,5,1.0,0.6509,0.5,8,1.0,0.8772,1.0,10,1.0,0.9197,1.0,11,1.0,0.9197,1.0,11,1.0,0.9197,1.0,11,1.0,0.9197,1.0,13
xbrl-now-2023-share-based-compensation-arrangement-by-share-based-payment-award-options-outstanding-number-shares-0001373715-24-000030,bm25,True,tables,1.0,0.3102,0.0714,4,1.0,0.319,0.0833,4,1.0,0.3267,0.0833,4,1.0,0.3456,0.1111,4,1.0,0.3618,0.1111,4,1.0,0.3707,0.125,4,1.0,0.3978,0.1429,7,1.0,0.4825,0.25,11
xbrl-now-2023-share-based-compensation-arrangement-by-share-based-payment-award-options-outstanding-number-shares-0001373715-24-000030,hybrid,True,tables,0.5,0.171,0.0909,3,1.0,0.3456,0.1111,4,1.0,0.4218,0.2,8,1.0,0.5013,0.25,10,1.0,0.8772,1.0,13,1.0,0.8772,1.0,14,1.0,0.8772,1.0,16,1.0,0.8772,1.0,16
xbrl-now-2023-deferred-tax-assets-operating-loss-carryforwards-state-and-local-usd-0001373715-24-000030,bm25,True,both,0.0,0.0,0.0,2,0.0,0.0,0.0,2,0.0,0.0,0.0,2,0.0,0.0,0.0,2,0.0,0.0,0.0,2,0.0,0.0,0.0,2,0.0,0.0,0.0,5,0.0,0.0,0.0,6
xbrl-now-2023-deferred-tax-assets-operating-loss-carryforwards-state-and-local-usd-0001373715-24-000030,hybrid,True,both,0.0,0.0,0.0,1,0.0,0.0,0.0,2,0.0,0.0,0.0,5,0.0,0.0,0.0,6,0.0,0.0,0.0,10,0.0,0.0,0.0,10,0.0,0.0,0.0,11,0.0,0.0,0.0,14
xbrl-now-2023-deferred-tax-assets-tax-credit-carryforwards-usd-0001373715-24-000030,bm25,True,tables,1.0,0.6309,0.5,1,1.0,0.6309,0.5,1,1.0,1.0,1.0,1,1.0,1.0,1.0,2,1.0,1.0,1.0,2,1.0,1.0,1.0,2,1.0,1.0,1.0,3,1.0,1.0,1.0,4
xbrl-now-2023-deferred-tax-assets-tax-credit-carryforwards-usd-0001373715-24-000030,hybrid,True,tables,1.0,0.5,0.3333,1,1.0,0.5,0.3333,2,1.0,1.0,1.0,3,1.0,1.0,1.0,6,1.0,1.0,1.0,8,1.0,1.0,1.0,10,1.0,1.0,1.0,10,1.0,1.0,1.0,11
xbrl-now-2023-operating-expenses-usd-0001373715-24-000030,bm25,True,tables,0.0,0.0,0.0,0,1.0,0.2789,0.0909,1,1.0,0.3155,0.125,1,1.0,0.3562,0.1667,1,1.0,0.3869,0.2,2,1.0,0.4307,0.25,2,1.0,1.0,1.0,3,1.0,1.0,1.0,7
xbrl-now-2023-operating-expenses-usd-0001373715-24-000030,hybrid,True,tables,1.0,0.3155,0.125,3,1.0,0.5,0.3333,6,1.0,1.0,1.0,7,1.0,1.0,1.0,10,1.0,0.6309,0.5,10,1.0,0.6309,0.5,10,1.0,0.6309,0.5,11,1.0,0.5,0.3333,15
xbrl-now-2023-deferred-income-tax-expense-benefit-usd-0001373715-24-000030,bm25,True,prose,0.3333333333333333,0.1815,0.2,1,0.3333333333333333,0.1815,0.2,1,0.3333333333333333,0.1815,0.2,1,0.3333333333333333,0.1815,0.2,3,0.3333333333333333,0.1815,0.2,3,0.3333333333333333,0.1815,0.2,3,0.3333333333333333,0.1672,0.1667,5,0.3333333333333333,0.1309,0.0909,6
xbrl-now-2023-deferred-income-tax-expense-benefit-usd-0001373715-24-000030,hybrid,True,prose,0.3333333333333333,0.1672,0.1667,1,0.3333333333333333,0.1672,0.1667,3,0.3333333333333333,0.1309,0.0909,5,0.3333333333333333,0.1201,0.0714,7,0.3333333333333333,0.1173,0.0667,8,0.0,0.0,0.0,10,0.0,0.0,0.0,12,0.0,0.0,0.0,14
xbrl-now-2024-operating-lease-liability-usd-0001373715-25-000010,bm25,True,both,1.0,0.4118,0.1667,2,1.0,0.4228,0.1667,2,1.0,0.4416,0.2,2,1.0,0.4416,0.2,2,1.0,0.4685,0.25,2,1.0,0.4685,0.25,3,1.0,0.4575,0.25,5,1.0,0.5641,0.5,6
xbrl-now-2024-operating-lease-liability-usd-0001373715-25-000010,hybrid,True,both,1.0,0.6509,0.5,4,1.0,0.5706,0.3333,5,1.0,0.6934,0.5,7,1.0,0.6934,0.5,7,1.0,0.8772,1.0,9,1.0,0.8316,1.0,9,1.0,0.7664,1.0,11,0.5,0.6131,1.0,13
xbrl-now-2024-share-based-payment-arrangement-noncash-expense-usd-0001373715-25-000010,bm25,True,both,0.3333333333333333,0.2346,0.3333,0,0.3333333333333333,0.2346,0.3333,0,0.3333333333333333,0.2346,0.3333,0,0.3333333333333333,0.2346,0.3333,0,0.3333333333333333,0.2346,0.3333,0,0.3333333333333333,0.2346,0.3333,0,0.3333333333333333,0.2346,0.3333,0,0.3333333333333333,0.2346,0.3333,2
xbrl-now-2024-share-based-payment-arrangement-noncash-expense-usd-0001373715-25-000010,hybrid,True,both,0.3333333333333333,0.2961,0.5,0,0.3333333333333333,0.2961,0.5,1,0.3333333333333333,0.2961,0.5,6,0.3333333333333333,0.1815,0.2,8,0.3333333333333333,0.1815,0.2,8,0.3333333333333333,0.1815,0.2,8,0.3333333333333333,0.148,0.125,9,0.3333333333333333,0.1268,0.0833,11
xbrl-now-2024-debt-securities-available-for-sale-fair-value-maturity-allocated-and-single-maturity-date-after-year-one-through-five-usd-0001373715-25-000010,bm25,True,tables,1.0,0.2789,0.0909,3,1.0,0.301,0.1111,3,1.0,0.301,0.1111,3,1.0,0.301,0.1111,3,1.0,0.3155,0.125,3,1.0,0.3155,0.125,3,1.0,0.3869,0.2,3,1.0,0.4307,0.25,7
xbrl-now-2024-debt-securities-available-for-sale-fair-value-maturity-allocated-and-single-maturity-date-after-year-one-through-five-usd-0001373715-25-000010,hybrid,True,tables,1.0,0.301,0.1111,3,1.0,0.3562,0.1667,6,1.0,0.3869,0.2,8,1.0,0.4307,0.25,9,1.0,0.5,0.3333,9,1.0,0.5,0.3333,10,1.0,0.5,0.3333,10,1.0,0.5,0.3333,10
xbrl-now-2024-payments-for-repurchase-of-common-stock-usd-0001373715-25-000010,bm25,True,prose,0.3333333333333333,0.4693,1.0,1,0.3333333333333333,0.4693,1.0,1,0.3333333333333333,0.4693,1.0,1,0.3333333333333333,0.4693,1.0,1,0.3333333333333333,0.4693,1.0,1,0.3333333333333333,0.4693,1.0,1,0.3333333333333333,0.2961,0.5,5,0.3333333333333333,0.2961,0.5,15
xbrl-now-2024-payments-for-repurchase-of-common-stock-usd-0001373715-25-000010,hybrid,True,prose,0.3333333333333333,0.4693,1.0,1,0.3333333333333333,0.4693,1.0,1,0.3333333333333333,0.4693,1.0,7,0.3333333333333333,0.4693,1.0,12,0.3333333333333333,0.4693,1.0,12,0.3333333333333333,0.4693,1.0,12,0.0,0.0,0.0,16,0.0,0.0,0.0,16
xbrl-now-2024-unrecorded-unconditional-purchase-obligation-to-be-paid-year-four-usd-0001373715-25-000010,bm25,True,tables,0.0,0.0,0.0,0,0.0,0.0,0.0,0,0.0,0.0,0.0,0,0.0,0.0,0.0,0,0.0,0.0,0.0,0,0.0,0.0,0.0,0,0.0,0.0,0.0,1,0.0,0.0,0.0,5
xbrl-now-2024-unrecorded-unconditional-purchase-obligation-to-be-paid-year-four-usd-0001373715-25-000010,hybrid,True,tables,0.0,0.0,0.0,0,1.0,0.2702,0.0833,1,1.0,0.3333,0.1429,5,1.0,0.3562,0.1667,7,1.0,0.5,0.3333,8,1.0,0.5,0.3333,8,1.0,0.3869,0.2,9,1.0,0.3333,0.1429,13
xbrl-now-2024-treasury-stock-common-value-usd-0001373715-25-000010,bm25,True,both,0.0,0.0,0.0,15,0.0,0.0,0.0,16,0.0,0.0,0.0,16,0.0,0.0,0.0,16,0.0,0.0,0.0,16,0.0,0.0,0.0,16,0.0,0.0,0.0,16,0.0,0.0,0.0,16
xbrl-now-2024-treasury-stock-common-value-usd-0001373715-25-000010,hybrid,True,both,0.3333333333333333,0.148,0.125,7,0.3333333333333333,0.1564,0.1429,12,0.3333333333333333,0.1564,0.1429,16,0.3333333333333333,0.1564,0.1429,16,0.3333333333333333,0.2021,0.25,16,0.3333333333333333,0.2021,0.25,16,0.3333333333333333,0.2961,0.5,16,0.3333333333333333,0.2961,0.5,16
xbrl-now-2024-income-loss-from-continuing-operations-before-income-taxes-foreign-usd-0001373715-25-000010,bm25,True,tables,0.0,0.0,0.0,5,0.0,0.0,0.0,6,0.0,0.0,0.0,6,0.0,0.0,0.0,6,0.0,0.0,0.0,6,0.0,0.0,0.0,6,0.0,0.0,0.0,11,0.0,0.0,0.0,13
xbrl-now-2024-income-loss-from-continuing-operations-before-income-taxes-foreign-usd-0001373715-25-000010,hybrid,True,tables,0.0,0.0,0.0,6,0.0,0.0,0.0,7,0.0,0.0,0.0,9,0.0,0.0,0.0,13,0.0,0.0,0.0,15,0.0,0.0,0.0,15,0.0,0.0,0.0,16,0.0,0.0,0.0,16
xbrl-now-2024-payments-of-merger-related-costs-financing-activities-usd-0001373715-25-000010,bm25,True,both,1.0,0.7741,1.0,1,1.0,0.7741,1.0,1,1.0,0.8272,1.0,2,1.0,0.8212,1.0,3,1.0,0.8802,1.0,4,1.0,0.8802,1.0,4,0.6666666666666666,0.7654,1.0,6,0.6666666666666666,0.7039,1.0,11
xbrl-now-2024-payments-of-merger-related-costs-financing-activities-usd-0001373715-25-000010,hybrid,True,both,1.0,0.7817,1.0,3,0.6666666666666666,0.7039,1.0,6,0.6666666666666666,0.7654,1.0,9,0.6666666666666666,0.6714,1.0,10,0.6666666666666666,0.6257,1.0,10,0.6666666666666666,0.4441,0.5,10,0.6666666666666666,0.3615,0.3333,13,0.3333333333333333,0.2346,0.3333,16
xbrl-now-2024-operating-income-loss-usd-0001373715-25-000010,bm25,True,tables,0.0,0.0,0.0,0,0.0,0.0,0.0,0,0.5,0.1569,0.0714,1,0.5,0.171,0.0909,1,0.5,0.1846,0.1111,1,0.5,0.2184,0.1667,1,0.5,0.3869,0.5,8,0.5,0.6131,1.0,16
xbrl-now-2024-operating-income-loss-usd-0001373715-25-000010,hybrid,True,tables,0.5,0.1569,0.0714,1,0.5,0.2641,0.25,5,0.5,0.6131,1.0,7,0.5,0.6131,1.0,8,0.5,0.6131,1.0,8,0.5,0.6131,1.0,9,0.5,0.6131,1.0,11,0.5,0.6131,1.0,16
xbrl-now-2024-share-based-compensation-arrangement-by-share-based-payment-award-options-exercisable-number-shares-0001373715-25-000010,bm25,True,tables,1.0,0.3155,0.125,1,1.0,0.3333,0.1429,2,1.0,0.3333,0.1429,2,1.0,0.3562,0.1667,2,1.0,0.3562,0.1667,2,1.0,0.3562,0.1667,2,1.0,1.0,1.0,5,1.0,1.0,1.0,10
xbrl-now-2024-share-based-compensation-arrangement-by-share-based-payment-award-options-exercisable-number-shares-0001373715-25-000010,hybrid,True,tables,1.0,0.2789,0.0909,1,1.0,0.301,0.1111,3,1.0,0.5,0.3333,6,1.0,1.0,1.0,8,1.0,1.0,1.0,12,1.0,1.0,1.0,13,1.0,1.0,1.0,16,1.0,1.0,1.0,16
xbrl-now-2024-proceeds-from-stock-plans-usd-0001373715-25-000010,bm25,True,tables,0.5,0.3869,0.5,2,0.5,0.3869,0.5,2,0.5,0.3869,0.5,3,0.5,0.3869,0.5,4,1.0,0.7664,1.0,5,1.0,0.7664,1.0,5,1.0,0.8316,1.0,5,1.0,0.8316,1.0,6
xbrl-now-2024-proceeds-from-stock-plans-usd-0001373715-25-000010,hybrid,True,tables,0.5,0.161,0.0769,2,0.5,0.2641,0.25,4,0.5,0.3869,0.5,8,0.5,0.3869,0.5,9,0.5,0.3869,0.5,10,0.5,0.3869,0.5,10,1.0,0.5479,0.5,14,0.5,0.3869,0.5,15
xbrl-now-2024-other-employee-related-liabilities-current-usd-0001373715-25-000010,bm25,True,prose,0.0,0.0,0.0,2,0.0,0.0,0.0,2,0.0,0.0,0.0,3,0.0,0.0,0.0,5,0.0,0.0,0.0,5,0.0,0.0,0.0,5,0.0,0.0,0.0,5,0.0,0.0,0.0,7
xbrl-now-2024-other-employee-related-liabilities-current-usd-0001373715-25-000010,hybrid,True,prose,0.0,0.0,0.0,4,0.0,0.0,0.0,6,0.0,0.0,0.0,9,0.0,0.0,0.0,9,0.0,0.0,0.0,9,0.0,0.0,0.0,10,0.0,0.0,0.0,12,0.0,0.0,0.0,14
xbrl-now-2024-preferred-stock-shares-authorized-shares-0001373715-25-000010,bm25,True,tables,1.0,0.6309,0.5,3,1.0,0.6309,0.5,3,1.0,0.6309,0.5,3,1.0,0.6309,0.5,3,1.0,0.6309,0.5,3,1.0,0.6309,0.5,3,1.0,1.0,1.0,9,1.0,1.0,1.0,14
xbrl-now-2024-preferred-stock-shares-authorized-shares-0001373715-25-000010,hybrid,True,tables,1.0,0.2891,0.1,3,1.0,0.4307,0.25,3,1.0,0.5,0.3333,6,1.0,0.6309,0.5,12,1.0,1.0,1.0,13,1.0,0.6309,0.5,15,1.0,0.6309,0.5,16,1.0,0.5,0.3333,16
xbrl-now-2024-share-based-compensation-arrangement-by-share-based-payment-award-options-outstanding-intrinsic-value-usd-0001373715-25-000010,bm25,True,tables,1.0,0.3333,0.1429,2,1.0,0.3869,0.2,3,1.0,0.3869,0.2,4,1.0,0.4307,0.25,5,1.0,0.4307,0.25,5,1.0,0.4307,0.25,5,1.0,0.5,0.3333,6,1.0,1.0,1.0,7
xbrl-now-2024-share-based-compensation-arrangement-by-share-based-payment-award-options-outstanding-intrinsic-value-usd-0001373715-25-000010,hybrid,True,tables,1.0,0.301,0.1111,2,1.0,0.3869,0.2,4,1.0,0.4307,0.25,5,1.0,0.5,0.3333,8,1.0,1.0,1.0,9,1.0,1.0,1.0,10,1.0,1.0,1.0,14,1.0,1.0,1.0,16
xbrl-now-2024-revenue-from-contract-with-customer-excluding-assessed-tax-usd-0001373715-25-000010,bm25,True,tables,0.0,0.0,0.0,0,0.0,0.0,0.0,0,0.0,0.0,0.0,0,0.0,0.0,0.0,0,0.0,0.0,0.0,0,0.0,0.0,0.0,0,0.0,0.0,0.0,2,0.0,0.0,0.0,4
xbrl-now-2024-revenue-from-contract-with-customer-excluding-assessed-tax-usd-0001373715-25-000010,hybrid,True,tables,0.0,0.0,0.0,0,0.0,0.0,0.0,0,0.0,0.0,0.0,2,0.0,0.0,0.0,5,0.3333333333333333,0.1268,0.0833,8,0.3333333333333333,0.1268,0.0833,9,0.3333333333333333,0.1268,0.0833,10,0.3333333333333333,0.1233,0.0769,11
xbrl-now-2024-income-taxes-paid-net-usd-0001373715-25-000010,bm25,True,both,0.0,0.0,0.0,5,0.0,0.0,0.0,5,0.0,0.0,0.0,6,0.0,0.0,0.0,6,0.0,0.0,0.0,7,0.0,0.0,0.0,7,0.0,0.0,0.0,13,0.0,0.0,0.0,16
xbrl-now-2024-income-taxes-paid-net-usd-0001373715-25-000010,hybrid,True,both,0.0,0.0,0.0,6,0.0,0.0,0.0,7,0.0,0.0,0.0,8,0.0,0.0,0.0,12,0.0,0.0,0.0,12,0.0,0.0,0.0,13,0.0,0.0,0.0,14,0.0,0.0,0.0,16
xbrl-now-2024-deferred-tax-assets-net-of-valuation-allowance-usd-0001373715-25-000010,bm25,True,tables,1.0,0.3562,0.1667,2,1.0,0.3562,0.1667,3,1.0,0.3869,0.2,4,1.0,0.4307,0.25,4,1.0,0.5,0.3333,4,1.0,0.5,0.3333,4,1.0,1.0,1.0,6,1.0,1.0,1.0,7
xbrl-now-2024-deferred-tax-assets-net-of-valuation-allowance-usd-0001373715-25-000010,hybrid,True,tables,1.0,0.3155,0.125,3,1.0,0.3562,0.1667,5,1.0,0.3869,0.2,7,1.0,1.0,1.0,8,1.0,1.0,1.0,8,1.0,1.0,1.0,10,1.0,1.0,1.0,11,1.0,1.0,1.0,16
xbrl-now-2024-unrecorded-unconditional-purchase-obligation-to-be-paid-year-five-usd-0001373715-25-000010,bm25,True,both,0.5,0.161,0.0769,0,0.5,0.161,0.0769,0,0.5,0.161,0.0769,0,0.5,0.161,0.0769,0,0.5,0.161,0.0769,0,0.5,0.161,0.0769,0,0.5,0.161,0.0769,1,0.0,0.0,0.0,5
xbrl-now-2024-unrecorded-unconditional-purchase-obligation-to-be-paid-year-five-usd-0001373715-25-000010,hybrid,True,both,0.0,0.0,0.0,0,0.5,0.171,0.0909,2,0.5,0.2044,0.1429,6,0.5,0.2184,0.1667,7,0.5,0.3066,0.3333,8,0.5,0.3066,0.3333,8,0.5,0.2641,0.25,9,0.5,0.2184,0.1667,10
xbrl-now-2024-unrecognized-tax-benefits-usd-0001373715-25-000010,bm25,True,both,0.0,0.0,0.0,0,0.0,0.0,0.0,0,0.0,0.0,0.0,0,0.0,0.0,0.0,0,0.0,0.0,0.0,0,0.0,0.0,0.0,1,0.0,0.0,0.0,1,0.0,0.0,0.0,2
xbrl-now-2024-unrecognized-tax-benefits-usd-0001373715-25-000010,hybrid,True,both,0.0,0.0,0.0,0,0.0,0.0,0.0,1,0.0,0.0,0.0,2,0.0,0.0,0.0,5,0.0,0.0,0.0,6,0.0,0.0,0.0,7,0.0,0.0,0.0,9,0.0,0.0,0.0,12
xbrl-now-2024-accounts-receivable-after-allowance-for-credit-loss-current-usd-0001373715-25-000010,bm25,True,tables,1.0,0.256,0.0714,1,1.0,0.2789,0.0909,1,1.0,0.301,0.1111,1,1.0,0.3155,0.125,1,1.0,0.3333,0.1429,2,1.0,0.3333,0.1429,3,1.0,0.5,0.3333,4,1.0,0.6309,0.5,7
xbrl-now-2024-accounts-receivable-after-allowance-for-credit-loss-current-usd-0001373715-25-000010,hybrid,True,tables,1.0,0.5,0.3333,3,1.0,0.6309,0.5,6,1.0,0.6309,0.5,9,1.0,0.6309,0.5,9,1.0,1.0,1.0,10,1.0,1.0,1.0,10,1.0,1.0,1.0,12,1.0,1.0,1.0,14
xbrl-now-2025-net-cash-provided-by-used-in-investing-activities-usd-0001373715-26-000007,bm25,True,both,1.0,0.9469,1.0,6,1.0,0.9675,1.0,6,1.0,0.9675,1.0,7,1.0,0.9675,1.0,7,1.0,1.0,1.0,7,1.0,1.0,1.0,7,1.0,1.0,1.0,7,1.0,1.0,1.0,9
xbrl-now-2025-net-cash-provided-by-used-in-investing-activities-usd-0001373715-26-000007,hybrid,True,both,1.0,1.0,1.0,6,1.0,1.0,1.0,7,1.0,1.0,1.0,7,1.0,1.0,1.0,11,1.0,1.0,1.0,11,1.0,0.9218,1.0,11,1.0,0.8963,1.0,12,1.0,0.8886,1.0,14
xbrl-now-2025-intangible-assets-net-excluding-goodwill-usd-0001373715-26-000007,bm25,True,tables,1.0,0.3467,0.125,3,1.0,0.3754,0.1429,4,1.0,0.3816,0.1429,4,1.0,0.403,0.1667,4,1.0,0.403,0.1667,4,1.0,0.4218,0.2,4,1.0,0.4685,0.25,5,1.0,0.6241,0.5,7
xbrl-now-2025-intangible-assets-net-excluding-goodwill-usd-0001373715-26-000007,hybrid,True,tables,1.0,0.403,0.1667,4,1.0,0.4416,0.2,5,1.0,0.525,0.3333,8,1.0,0.5706,0.3333,10,1.0,0.6509,0.5,11,1.0,0.6934,0.5,11,1.0,0.6934,0.5,12,1.0,0.6934,0.5,15
xbrl-now-2025-operating-lease-right-of-use-asset-usd-0001373715-26-000007,bm25,True,tables,1.0,0.4307,0.25,2,1.0,0.4307,0.25,2,1.0,0.4307,0.25,3,1.0,0.4307,0.25,3,1.0,0.4307,0.25,4,1.0,0.4307,0.25,5,1.0,0.6309,0.5,5,1.0,0.6309,0.5,11
xbrl-now-2025-operating-lease-right-of-use-asset-usd-0001373715-26-000007,hybrid,True,tables,1.0,0.4307,0.25,3,1.0,0.6309,0.5,6,1.0,1.0,1.0,8,1.0,0.6309,0.5,9,1.0,0.6309,0.5,11,1.0,0.6309,0.5,11,1.0,0.6309,0.5,12,1.0,0.6309,0.5,14
xbrl-now-2025-property-plant-and-equipment-gross-usd-0001373715-26-000007,bm25,True,tables,1.0,1.0,1.0,6,1.0,1.0,1.0,6,1.0,1.0,1.0,7,1.0,1.0,1.0,8,1.0,1.0,1.0,9,1.0,1.0,1.0,9,1.0,1.0,1.0,10,1.0,1.0,1.0,11
xbrl-now-2025-property-plant-and-equipment-gross-usd-0001373715-26-000007,hybrid,True,tables,1.0,1.0,1.0,10,1.0,1.0,1.0,11,1.0,1.0,1.0,12,1.0,1.0,1.0,12,1.0,1.0,1.0,12,1.0,1.0,1.0,13,1.0,1.0,1.0,15,1.0,1.0,1.0,16
xbrl-now-2025-contract-with-customer-liability-noncurrent-usd-0001373715-26-000007,bm25,True,both,0.0,0.0,0.0,0,0.0,0.0,0.0,0,0.0,0.0,0.0,0,0.0,0.0,0.0,0,0.0,0.0,0.0,0,0.0,0.0,0.0,0,0.0,0.0,0.0,1,0.0,0.0,0.0,2
xbrl-now-2025-contract-with-customer-liability-noncurrent-usd-0001373715-26-000007,hybrid,True,both,0.0,0.0,0.0,0,0.0,0.0,0.0,3,0.0,0.0,0.0,7,0.0,0.0,0.0,8,0.0,0.0,0.0,8,0.0,0.0,0.0,8,0.0,0.0,0.0,8,0.0,0.0,0.0,10
xbrl-now-2025-income-loss-from-continuing-operations-before-income-taxes-foreign-usd-0001373715-26-000007,bm25,True,tables,0.0,0.0,0.0,5,0.0,0.0,0.0,6,0.0,0.0,0.0,7,0.0,0.0,0.0,7,0.0,0.0,0.0,7,0.0,0.0,0.0,7,0.0,0.0,0.0,12,0.0,0.0,0.0,15
xbrl-now-2025-income-loss-from-continuing-operations-before-income-taxes-foreign-usd-0001373715-26-000007,hybrid,True,tables,0.0,0.0,0.0,4,0.0,0.0,0.0,8,0.0,0.0,0.0,10,0.0,0.0,0.0,12,0.0,0.0,0.0,15,0.0,0.0,0.0,15,0.0,0.0,0.0,16,0.0,0.0,0.0,16
xbrl-now-2025-increase-decrease-in-accrued-liabilities-and-other-operating-liabilities-usd-0001373715-26-000007,bm25,True,tables,0.5,0.1934,0.125,3,0.5,0.2372,0.2,4,0.5,0.2641,0.25,4,0.5,0.3066,0.3333,5,0.5,0.3066,0.3333,6,0.5,0.3066,0.3333,6,0.5,0.3869,0.5,7,0.5,0.3869,0.5,10
xbrl-now-2025-increase-decrease-in-accrued-liabilities-and-other-operating-liabilities-usd-0001373715-26-000007,hybrid,True,tables,0.5,0.2372,0.2,4,0.5,0.3869,0.5,8,0.5,0.6131,1.0,9,0.5,0.6131,1.0,11,0.5,0.3869,0.5,12,0.5,0.3066,0.3333,12,0.5,0.3869,0.5,14,0.5,0.3066,0.3333,16
xbrl-now-2025-operating-income-loss-usd-0001373715-26-000007,bm25,True,tables,0.0,0.0,0.0,1,0.0,0.0,0.0,1,0.0,0.0,0.0,2,0.5,0.15,0.0625,3,0.5,0.1657,0.0833,3,0.5,0.1772,0.1,3,0.5,0.3066,0.3333,8,0.5,0.3066,0.3333,16
xbrl-now-2025-operating-income-loss-usd-0001373715-26-000007,hybrid,True,tables,0.5,0.1846,0.1111,2,0.5,0.2641,0.25,6,0.5,0.3869,0.5,9,0.5,0.6131,1.0,9,0.5,0.6131,1.0,10,0.5,0.6131,1.0,10,0.5,0.6131,1.0,14,0.5,0.6131,1.0,16
xbrl-now-2025-preferred-stock-shares-authorized-shares-0001373715-26-000007,bm25,True,tables,1.0,0.6309,0.5,3,1.0,0.6309,0.5,4,1.0,0.6309,0.5,4,1.0,0.6309,0.5,4,1.0,0.6309,0.5,4,1.0,0.6309,0.5,4,1.0,1.0,1.0,7,1.0,1.0,1.0,13
xbrl-now-2025-preferred-stock-shares-authorized-shares-0001373715-26-000007,hybrid,True,tables,1.0,0.2626,0.0769,3,1.0,0.3333,0.1429,3,1.0,0.5,0.3333,7,1.0,0.5,0.3333,12,1.0,0.5,0.3333,15,1.0,0.5,0.3333,16,1.0,0.5,0.3333,16,1.0,0.5,0.3333,16
xbrl-now-2025-operating-lease-liability-current-usd-0001373715-26-000007,bm25,True,both,0.6666666666666666,0.4162,0.3333,4,0.6666666666666666,0.3911,0.3333,4,0.6666666666666666,0.3911,0.3333,4,0.6666666666666666,0.3911,0.3333,4,0.6666666666666666,0.3911,0.3333,4,0.6666666666666666,0.3827,0.3333,4,0.6666666666666666,0.6173,1.0,6,0.6666666666666666,0.6105,1.0,8
xbrl-now-2025-operating-lease-liability-current-usd-0001373715-26-000007,hybrid,True,both,0.3333333333333333,0.2346,0.3333,4,0.6666666666666666,0.4134,0.5,6,0.6666666666666666,0.5866,1.0,9,0.6666666666666666,0.5894,1.0,10,0.6666666666666666,0.5894,1.0,10,0.6666666666666666,0.5866,1.0,11,0.3333333333333333,0.4693,1.0,13,0.3333333333333333,0.4693,1.0,15
xbrl-now-2025-debt-securities-available-for-sale-fair-value-maturity-allocated-and-single-maturity-date-after-year-one-through-five-usd-0001373715-26-000007,bm25,True,tables,0.5,0.1772,0.1,3,0.5,0.1772,0.1,3,0.5,0.1846,0.1111,3,0.5,0.1846,0.1111,3,0.5,0.1934,0.125,3,0.5,0.1934,0.125,3,0.5,0.2184,0.1667,4,0.5,0.2641,0.25,5
xbrl-now-2025-debt-securities-available-for-sale-fair-value-maturity-allocated-and-single-maturity-date-after-year-one-through-five-usd-0001373715-26-000007,hybrid,True,tables,0.5,0.1846,0.1111,3,0.5,0.1934,0.125,5,0.5,0.2372,0.2,8,0.5,0.2641,0.25,9,0.5,0.3066,0.3333,9,0.5,0.3066,0.3333,9,0.5,0.3066,0.3333,9,0.5,0.3066,0.3333,10
xbrl-now-2025-comprehensive-income-loss-net-of-tax-attributable-to-parent-usd-0001373715-26-000007,bm25,True,tables,1.0,0.2626,0.0769,1,1.0,0.3155,0.125,1,1.0,0.3155,0.125,4,1.0,0.3562,0.1667,6,1.0,0.4307,0.25,8,1.0,0.6309,0.5,8,1.0,1.0,1.0,10,1.0,1.0,1.0,15
xbrl-now-2025-comprehensive-income-loss-net-of-tax-attributable-to-parent-usd-0001373715-26-000007,hybrid,True,tables,1.0,0.3562,0.1667,2,1.0,0.6309,0.5,4,1.0,1.0,1.0,9,1.0,1.0,1.0,11,1.0,1.0,1.0,13,1.0,1.0,1.0,16,1.0,1.0,1.0,16,1.0,1.0,1.0,16
xbrl-now-2025-common-stock-shares-issued-shares-0001373715-26-000007,bm25,True,both,0.0,0.0,0.0,5,0.3333333333333333,0.1148,0.0625,6,0.3333333333333333,0.1173,0.0667,6,0.3333333333333333,0.1233,0.0769,6,0.3333333333333333,0.1309,0.0909,7,0.3333333333333333,0.1357,0.1,8,0.3333333333333333,0.1672,0.1667,16,0.3333333333333333,0.1672,0.1667,16
xbrl-now-2025-common-stock-shares-issued-shares-0001373715-26-000007,hybrid,True,both,0.3333333333333333,0.1564,0.1429,6,0.3333333333333333,0.2021,0.25,10,0.6666666666666666,0.4134,0.5,14,0.6666666666666666,0.5894,1.0,15,0.6666666666666666,0.5925,1.0,16,0.6666666666666666,0.5925,1.0,16,0.6666666666666666,0.5925,1.0,16,0.6666666666666666,0.5925,1.0,16
xbrl-now-2025-assets-fair-value-disclosure-usd-0001373715-26-000007,bm25,True,tables,0.0,0.0,0.0,0,0.0,0.0,0.0,0,0.0,0.0,0.0,0,0.0,0.0,0.0,0,0.0,0.0,0.0,0,0.0,0.0,0.0,1,0.0,0.0,0.0,3,0.0,0.0,0.0,6
xbrl-now-2025-assets-fair-value-disclosure-usd-0001373715-26-000007,hybrid,True,tables,0.0,0.0,0.0,2,0.0,0.0,0.0,5,0.0,0.0,0.0,8,0.0,0.0,0.0,8,0.0,0.0,0.0,8,0.0,0.0,0.0,8,0.0,0.0,0.0,9,0.0,0.0,0.0,11
xbrl-now-2025-other-assets-noncurrent-usd-0001373715-26-000007,bm25,True,tables,0.0,0.0,0.0,0,0.0,0.0,0.0,0,0.0,0.0,0.0,0,0.0,0.0,0.0,0,0.0,0.0,0.0,0,0.0,0.0,0.0,0,0.0,0.0,0.0,0,1.0,0.2447,0.0625,3
xbrl-now-2025-other-assets-noncurrent-usd-0001373715-26-000007,hybrid,True,tables,0.0,0.0,0.0,1,0.0,0.0,0.0,6,1.0,0.2447,0.0625,8,1.0,0.2447,0.0625,8,1.0,0.2447,0.0625,8,0.0,0.0,0.0,8,1.0,0.6309,0.5,10,1.0,0.5,0.3333,14
xbrl-now-2025-accrued-liabilities-current-usd-0001373715-26-000007,bm25,True,tables,1.0,0.6509,0.5,5,1.0,0.8772,1.0,6,1.0,0.8772,1.0,7,1.0,0.9197,1.0,8,1.0,0.9197,1.0,8,1.0,0.9197,1.0,9,1.0,0.9197,1.0,9,1.0,0.9197,1.0,10
xbrl-now-2025-accrued-liabilities-current-usd-0001373715-26-000007,hybrid,True,tables,1.0,0.6934,0.5,8,1.0,1.0,1.0,10,1.0,1.0,1.0,12,1.0,1.0,1.0,12,1.0,1.0,1.0,12,1.0,1.0,1.0,12,1.0,1.0,1.0,14,1.0,1.0,1.0,15
xbrl-now-2025-share-based-compensation-arrangement-by-share-based-payment-award-options-grants-in-period-gross-shares-0001373715-26-000007,bm25,True,tables,0.0,0.0,0.0,0,0.0,0.0,0.0,0,0.0,0.0,0.0,0,0.0,0.0,0.0,1,0.0,0.0,0.0,1,0.0,0.0,0.0,2,0.0,0.0,0.0,6,0.0,0.0,0.0,9
xbrl-now-2025-share-based-compensation-arrangement-by-share-based-payment-award-options-grants-in-period-gross-shares-0001373715-26-000007,hybrid,True,tables,0.0,0.0,0.0,0,0.0,0.0,0.0,3,0.0,0.0,0.0,5,0.0,0.0,0.0,9,0.0,0.0,0.0,11,0.0,0.0,0.0,12,1.0,0.2702,0.0833,15,1.0,0.25,0.0667,16
xbrl-now-2025-deferred-tax-assets-net-of-valuation-allowance-usd-0001373715-26-000007,bm25,True,tables,1.0,0.3869,0.2,2,1.0,0.4307,0.25,2,1.0,0.4307,0.25,3,1.0,0.5,0.3333,3,1.0,0.6309,0.5,3,1.0,0.6309,0.5,4,1.0,1.0,1.0,6,1.0,1.0,1.0,9
xbrl-now-2025-deferred-tax-assets-net-of-valuation-allowance-usd-0001373715-26-000007,hybrid,True,tables,1.0,0.3562,0.1667,4,1.0,0.3869,0.2,5,1.0,0.4307,0.25,7,1.0,1.0,1.0,8,1.0,1.0,1.0,9,1.0,1.0,1.0,9,1.0,1.0,1.0,12,1.0,1.0,1.0,16
xbrl-now-2025-cash-cash-equivalents-restricted-cash-and-restricted-cash-equivalents-period-increase-decrease-including-exchange-rate-effect-usd-0001373715-26-000007,bm25,True,tables,1.0,0.9197,1.0,3,1.0,0.9197,1.0,3,1.0,0.9197,1.0,4,1.0,1.0,1.0,4,1.0,1.0,1.0,5,1.0,1.0,1.0,6,1.0,1.0,1.0,7,1.0,1.0,1.0,11
xbrl-now-2025-cash-cash-equivalents-restricted-cash-and-restricted-cash-equivalents-period-increase-decrease-including-exchange-rate-effect-usd-0001373715-26-000007,hybrid,True,tables,1.0,0.7977,1.0,3,1.0,0.8772,1.0,7,1.0,0.9197,1.0,8,1.0,0.9197,1.0,10,1.0,0.9197,1.0,13,1.0,0.9197,1.0,13,1.0,0.9197,1.0,14,1.0,0.9197,1.0,16
xbrl-now-2025-deferred-tax-assets-gross-usd-0001373715-26-000007,bm25,True,tables,1.0,0.2891,0.1,3,1.0,0.3155,0.125,4,1.0,0.3562,0.1667,4,1.0,0.3869,0.2,4,1.0,0.4307,0.25,5,1.0,0.5,0.3333,5,1.0,0.6309,0.5,7,1.0,1.0,1.0,11
xbrl-now-2025-deferred-tax-assets-gross-usd-0001373715-26-000007,hybrid,True,tables,1.0,0.3333,0.1429,4,1.0,0.3562,0.1667,6,1.0,1.0,1.0,10,1.0,1.0,1.0,11,1.0,1.0,1.0,11,1.0,1.0,1.0,12,1.0,0.6309,0.5,14,1.0,1.0,1.0,16
xbrl-orcl-2021-net-cash-provided-by-used-in-operating-activities-usd-0001564590-21-033616,bm25,True,tables,1.0,0.7234,1.0,6,1.0,0.727,1.0,6,1.0,0.7358,1.0,6,1.0,0.753,1.0,6,1.0,0.7586,1.0,6,1.0,0.7586,1.0,6,1.0,0.818,1.0,7,1.0,0.8529,1.0,9
xbrl-orcl-2021-net-cash-provided-by-used-in-operating-activities-usd-0001564590-21-033616,hybrid,True,tables,1.0,0.767,1.0,6,1.0,0.7777,1.0,8,1.0,0.8278,1.0,10,1.0,0.8855,1.0,11,1.0,0.8855,1.0,11,1.0,0.8855,1.0,12,1.0,0.8855,1.0,16,1.0,0.9469,1.0,16
xbrl-orcl-2021-current-state-and-local-tax-expense-benefit-usd-0001564590-21-033616,bm25,True,tables,0.0,0.0,0.0,2,0.0,0.0,0.0,2,0.0,0.0,0.0,3,0.0,0.0,0.0,4,0.0,0.0,0.0,6,0.0,0.0,0.0,6,0.5,0.1934,0.125,7,0.5,0.1934,0.125,12
xbrl-orcl-2021-current-state-and-local-tax-expense-benefit-usd-0001564590-21-033616,hybrid,True,tables,0.0,0.0,0.0,5,0.5,0.161,0.0769,7,0.5,0.1772,0.1,9,0.5,0.2044,0.1429,10,0.5,0.2044,0.1429,11,0.5,0.2044,0.1429,12,0.5,0.2044,0.1429,13,0.5,0.1934,0.125,16
xbrl-orcl-2021-restructuring-reserve-usd-0001564590-21-033616,bm25,True,tables,0.3333333333333333,0.1268,0.0833,3,0.3333333333333333,0.1357,0.1,4,0.3333333333333333,0.1413,0.1111,5,0.3333333333333333,0.1564,0.1429,5,0.3333333333333333,0.1672,0.1667,5,0.3333333333333333,0.1672,0.1667,5,0.3333333333333333,0.2021,0.25,8,0.6666666666666666,0.3548,0.3333,12
xbrl-orcl-2021-restructuring-reserve-usd-0001564590-21-033616,hybrid,True,tables,0.6666666666666666,0.2989,0.2,10,0.6666666666666666,0.4109,0.5,10,0.6666666666666666,0.5894,1.0,11,0.6666666666666666,0.6049,1.0,11,0.6666666666666666,0.6049,1.0,11,0.6666666666666666,0.6049,1.0,11,0.6666666666666666,0.6049,1.0,14,0.6666666666666666,0.6049,1.0,16
xbrl-orcl-2021-income-loss-from-continuing-operations-before-income-taxes-foreign-usd-0001564590-21-033616,bm25,True,tables,1.0,0.6309,0.5,3,1.0,0.6309,0.5,3,1.0,0.6309,0.5,3,1.0,1.0,1.0,3,1.0,1.0,1.0,3,1.0,1.0,1.0,4,1.0,1.0,1.0,8,1.0,1.0,1.0,10
xbrl-orcl-2021-income-loss-from-continuing-operations-before-income-taxes-foreign-usd-0001564590-21-033616,hybrid,True,tables,1.0,0.3869,0.2,2,1.0,0.6309,0.5,6,1.0,0.6309,0.5,11,1.0,0.6309,0.5,13,1.0,0.6309,0.5,13,1.0,0.6309,0.5,13,1.0,0.6309,0.5,15,1.0,0.6309,0.5,16
xbrl-orcl-2021-lessee-operating-lease-liability-to-be-paid-usd-0001564590-21-033616,bm25,True,tables,1.0,0.301,0.1111,1,1.0,0.3155,0.125,1,1.0,0.3562,0.1667,1,1.0,0.3562,0.1667,1,1.0,0.3869,0.2,1,1.0,0.3869,0.2,2,1.0,0.5,0.3333,3,1.0,1.0,1.0,9
xbrl-orcl-2021-lessee-operating-lease-liability-to-be-paid-usd-0001564590-21-033616,hybrid,True,tables,1.0,0.3562,0.1667,1,1.0,0.3869,0.2,5,1.0,0.5,0.3333,6,1.0,1.0,1.0,8,1.0,1.0,1.0,8,1.0,1.0,1.0,8,1.0,1.0,1.0,9,1.0,1.0,1.0,12
xbrl-orcl-2021-operating-lease-payments-usd-0001564590-21-033616,bm25,True,both,0.3333333333333333,0.2961,0.5,2,0.3333333333333333,0.2961,0.5,2,0.3333333333333333,0.2961,0.5,2,0.3333333333333333,0.2961,0.5,2,0.3333333333333333,0.2961,0.5,2,0.3333333333333333,0.2961,0.5,2,0.3333333333333333,0.2346,0.3333,6,0.3333333333333333,0.2346,0.3333,9
xbrl-orcl-2021-operating-lease-payments-usd-0001564590-21-033616,hybrid,True,both,0.3333333333333333,0.4693,1.0,3,0.3333333333333333,0.4693,1.0,6,0.3333333333333333,0.2961,0.5,8,0.3333333333333333,0.2961,0.5,10,0.3333333333333333,0.148,0.125,11,0.3333333333333333,0.1413,0.1111,11,0.3333333333333333,0.1357,0.1,11,0.0,0.0,0.0,15
xbrl-orcl-2021-net-cash-provided-by-used-in-investing-activities-usd-0001564590-21-033616,bm25,True,tables,1.0,0.8316,1.0,7,1.0,0.8316,1.0,7,1.0,0.8772,1.0,7,1.0,0.9197,1.0,7,1.0,1.0,1.0,7,1.0,1.0,1.0,7,1.0,1.0,1.0,8,1.0,1.0,1.0,9
xbrl-orcl-2021-net-cash-provided-by-used-in-investing-activities-usd-0001564590-21-033616,hybrid,True,tables,1.0,0.6053,0.5,7,1.0,0.6241,0.5,8,1.0,0.9197,1.0,10,1.0,1.0,1.0,10,1.0,1.0,1.0,11,1.0,1.0,1.0,11,1.0,1.0,1.0,15,1.0,1.0,1.0,16
xbrl-orcl-2021-costs-and-expenses-usd-0001564590-21-033616,bm25,True,tables,0.0,0.0,0.0,0,0.0,0.0,0.0,0,0.0,0.0,0.0,0,0.0,0.0,0.0,0,0.0,0.0,0.0,0,0.0,0.0,0.0,1,0.0,0.0,0.0,6,0.0,0.0,0.0,11
xbrl-orcl-2021-costs-and-expenses-usd-0001564590-21-033616,hybrid,True,tables,0.0,0.0,0.0,1,0.0,0.0,0.0,5,0.0,0.0,0.0,8,0.0,0.0,0.0,8,0.0,0.0,0.0,8,0.0,0.0,0.0,8,0.0,0.0,0.0,12,0.5,0.2044,0.1429,16
xbrl-orcl-2021-amortization-of-intangible-assets-usd-0001564590-21-033616,bm25,True,tables,0.0,0.0,0.0,5,0.0,0.0,0.0,6,0.0,0.0,0.0,6,0.0,0.0,0.0,6,0.0,0.0,0.0,6,0.3333333333333333,0.1173,0.0667,7,1.0,0.4146,0.125,10,1.0,0.4333,0.1429,13
xbrl-orcl-2021-amortization-of-intangible-assets-usd-0001564590-21-033616,hybrid,True,tables,0.6666666666666666,0.2349,0.0714,6,0.6666666666666666,0.2501,0.0833,8,1.0,0.4041,0.125,11,1.0,0.4209,0.1429,12,1.0,0.4354,0.1429,12,1.0,0.4354,0.1429,12,1.0,0.4844,0.2,14,1.0,0.4755,0.2,16
xbrl-orcl-2021-operating-income-loss-usd-0001564590-21-033616,bm25,True,tables,0.0,0.0,0.0,0,0.0,0.0,0.0,0,0.0,0.0,0.0,1,0.0,0.0,0.0,4,0.0,0.0,0.0,5,0.0,0.0,0.0,6,0.0,0.0,0.0,7,0.0,0.0,0.0,13
xbrl-orcl-2021-operating-income-loss-usd-0001564590-21-033616,hybrid,True,tables,0.0,0.0,0.0,5,0.0,0.0,0.0,10,0.0,0.0,0.0,11,0.0,0.0,0.0,11,0.0,0.0,0.0,12,0.0,0.0,0.0,12,0.0,0.0,0.0,15,0.0,0.0,0.0,16
xbrl-orcl-2021-other-comprehensive-income-loss-net-of-tax-usd-0001564590-21-033616,bm25,True,tables,0.0,0.0,0.0,2,0.0,0.0,0.0,4,0.0,0.0,0.0,6,1.0,0.256,0.0714,7,1.0,0.2702,0.0833,9,1.0,0.2891,0.1,11,1.0,0.3333,0.1429,13,1.0,0.3333,0.1429,16
xbrl-orcl-2021-other-comprehensive-income-loss-net-of-tax-usd-0001564590-21-033616,hybrid,True,tables,0.0,0.0,0.0,2,1.0,0.2891,0.1,8,1.0,0.3155,0.125,12,1.0,0.3562,0.1667,13,1.0,0.3333,0.1429,14,1.0,0.3333,0.1429,14,1.0,0.3155,0.125,16,1.0,0.3155,0.125,16
xbrl-orcl-2021-long-term-debt-maturity-year-four-usd-0001564590-21-033616,bm25,True,tables,0.0,0.0,0.0,2,0.0,0.0,0.0,2,0.0,0.0,0.0,3,0.0,0.0,0.0,3,0.0,0.0,0.0,3,0.0,0.0,0.0,3,0.0,0.0,0.0,4,0.0,0.0,0.0,10
xbrl-orcl-2021-long-term-debt-maturity-year-four-usd-0001564590-21-033616,hybrid,True,tables,0.0,0.0,0.0,5,0.0,0.0,0.0,9,0.0,0.0,0.0,10,0.0,0.0,0.0,11,0.0,0.0,0.0,11,0.0,0.0,0.0,11,0.0,0.0,0.0,12,0.0,0.0,0.0,14
xbrl-orcl-2021-deferred-tax-liabilities-other-usd-0001564590-21-033616,bm25,True,both,1.0,0.9325,1.0,3,1.0,0.9675,1.0,3,1.0,1.0,1.0,4,1.0,1.0,1.0,5,1.0,1.0,1.0,5,1.0,1.0,1.0,5,1.0,0.906,1.0,6,1.0,0.7737,1.0,10
xbrl-orcl-2021-deferred-tax-liabilities-other-usd-0001564590-21-033616,hybrid,True,both,1.0,0.9675,1.0,4,1.0,1.0,1.0,7,1.0,0.906,1.0,9,1.0,0.6257,0.5,11,1.0,0.5462,0.5,12,1.0,0.7127,1.0,13,0.6666666666666666,0.4109,0.5,15,0.3333333333333333,0.2961,0.5,16
xbrl-orcl-2021-deferred-tax-assets-tax-deferred-expense-compensation-and-benefits-usd-0001564590-21-033616,bm25,True,tables,1.0,0.6309,0.5,2,1.0,0.6309,0.5,3,1.0,0.6309,0.5,4,1.0,1.0,1.0,5,1.0,1.0,1.0,5,1.0,1.0,1.0,5,1.0,1.0,1.0,6,1.0,1.0,1.0,11
xbrl-orcl-2021-deferred-tax-assets-tax-deferred-expense-compensation-and-benefits-usd-0001564590-21-033616,hybrid,True,tables,1.0,1.0,1.0,2,1.0,1.0,1.0,5,1.0,1.0,1.0,7,1.0,1.0,1.0,12,1.0,1.0,1.0,14,1.0,1.0,1.0,14,1.0,1.0,1.0,16,1.0,1.0,1.0,16
xbrl-orcl-2021-investments-fair-value-disclosure-usd-0001564590-21-033616,bm25,True,tables,0.0,0.0,0.0,0,0.0,0.0,0.0,0,0.0,0.0,0.0,0,0.0,0.0,0.0,1,0.0,0.0,0.0,1,0.0,0.0,0.0,2,1.0,0.3869,0.2,4,1.0,0.3869,0.2,8
xbrl-orcl-2021-investments-fair-value-disclosure-usd-0001564590-21-033616,hybrid,True,tables,0.0,0.0,0.0,2,1.0,0.301,0.1111,7,1.0,0.3333,0.1429,10,1.0,0.3869,0.2,10,1.0,0.3869,0.2,10,1.0,0.3562,0.1667,11,1.0,0.3869,0.2,12,1.0,0.301,0.1111,14
xbrl-orcl-2021-proceeds-from-debt-net-of-issuance-costs-usd-0001564590-21-033616,bm25,True,tables,1.0,0.5,0.3333,3,1.0,0.5,0.3333,3,1.0,0.6309,0.5,3,1.0,0.6309,0.5,4,1.0,1.0,1.0,4,1.0,1.0,1.0,4,1.0,1.0,1.0,7,1.0,1.0,1.0,12
xbrl-orcl-2021-proceeds-from-debt-net-of-issuance-costs-usd-0001564590-21-033616,hybrid,True,tables,1.0,1.0,1.0,6,1.0,1.0,1.0,9,1.0,1.0,1.0,10,1.0,1.0,1.0,10,1.0,1.0,1.0,10,1.0,1.0,1.0,11,1.0,1.0,1.0,12,1.0,0.6309,0.5,16
xbrl-orcl-2021-share-based-payment-arrangement-decrease-for-tax-withholding-obligation-usd-0001564590-21-033616,bm25,True,prose,1.0,0.4462,0.25,0,1.0,0.4462,0.25,1,1.0,0.4402,0.25,1,0.6666666666666666,0.3169,0.25,4,0.6666666666666666,0.3169,0.25,4,0.3333333333333333,0.1815,0.2,5,0.3333333333333333,0.1413,0.1111,7,0.0,0.0,0.0,13
xbrl-orcl-2021-share-based-payment-arrangement-decrease-for-tax-withholding-obligation-usd-0001564590-21-033616,hybrid,True,prose,0.6666666666666666,0.4317,0.5,2,0.3333333333333333,0.2961,0.5,6,0.3333333333333333,0.1268,0.0833,8,0.3333333333333333,0.1357,0.1,10,0.3333333333333333,0.1309,0.0909,10,0.3333333333333333,0.1233,0.0769,11,0.0,0.0,0.0,13,0.0,0.0,0.0,16
xbrl-orcl-2021-unrecognized-tax-benefits-increase-resulting-from-current-period-tax-positions-usd-0001564590-21-033616,bm25,True,tables,1.0,0.4307,0.25,3,1.0,0.5,0.3333,3,1.0,0.5,0.3333,4,1.0,0.5,0.3333,4,1.0,0.5,0.3333,4,1.0,0.6309,0.5,5,1.0,0.6309,0.5,6,1.0,0.6309,0.5,9
xbrl-orcl-2021-unrecognized-tax-benefits-increase-resulting-from-current-period-tax-positions-usd-0001564590-21-033616,hybrid,True,tables,1.0,0.3869,0.2,3,1.0,0.5,0.3333,5,1.0,0.5,0.3333,6,1.0,0.5,0.3333,8,1.0,0.5,0.3333,11,1.0,0.6309,0.5,12,1.0,0.6309,0.5,14,1.0,0.6309,0.5,14
xbrl-orcl-2021-notes-and-loans-noncurrent-usd-0001564590-21-033616,bm25,True,tables,0.0,0.0,0.0,0,0.0,0.0,0.0,1,0.0,0.0,0.0,1,0.0,0.0,0.0,2,0.0,0.0,0.0,2,0.0,0.0,0.0,2,0.5,0.171,0.0909,6,0.5,0.2372,0.2,15
xbrl-orcl-2021-notes-and-loans-noncurrent-usd-0001564590-21-033616,hybrid,True,tables,0.0,0.0,0.0,1,1.0,0.3429,0.1,6,1.0,0.389,0.1429,9,1.0,0.4118,0.1667,9,1.0,0.389,0.1429,10,1.0,0.5714,0.5,10,1.0,0.5479,0.5,13,1.0,0.511,0.3333,16
xbrl-orcl-2021-payment-tax-withholding-share-based-payment-arrangement-usd-0001564590-21-033616,bm25,True,prose,0.3333333333333333,0.1201,0.0714,1,0.3333333333333333,0.1201,0.0714,3,0.0,0.0,0.0,5,0.0,0.0,0.0,5,0.0,0.0,0.0,5,0.0,0.0,0.0,5,0.0,0.0,0.0,6,0.0,0.0,0.0,9
xbrl-orcl-2021-payment-tax-withholding-share-based-payment-arrangement-usd-0001564590-21-033616,hybrid,True,prose,0.0,0.0,0.0,3,0.0,0.0,0.0,7,0.0,0.0,0.0,9,0.0,0.0,0.0,9,0.0,0.0,0.0,9,0.0,0.0,0.0,10,0.0,0.0,0.0,13,0.0,0.0,0.0,15
xbrl-orcl-2022-finite-lived-intangible-asset-expected-amortization-year-two-usd-0001564590-22-023675,bm25,True,tables,0.0,0.0,0.0,5,0.0,0.0,0.0,5,0.0,0.0,0.0,5,0.0,0.0,0.0,6,0.0,0.0,0.0,7,0.0,0.0,0.0,7,0.0,0.0,0.0,10,0.0,0.0,0.0,10
xbrl-orcl-2022-finite-lived-intangible-asset-expected-amortization-year-two-usd-0001564590-22-023675,hybrid,True,tables,0.0,0.0,0.0,7,0.0,0.0,0.0,8,0.0,0.0,0.0,9,0.0,0.0,0.0,12,0.0,0.0,0.0,13,0.0,0.0,0.0,13,0.0,0.0,0.0,14,0.3333333333333333,0.1201,0.0714,16
xbrl-orcl-2022-finite-lived-intangible-asset-expected-amortization-after-year-five-usd-0001564590-22-023675,bm25,True,both,0.0,0.0,0.0,5,0.0,0.0,0.0,5,0.0,0.0,0.0,5,0.0,0.0,0.0,6,0.0,0.0,0.0,6,0.0,0.0,0.0,6,0.0,0.0,0.0,9,0.0,0.0,0.0,10
xbrl-orcl-2022-finite-lived-intangible-asset-expected-amortization-after-year-five-usd-0001564590-22-023675,hybrid,True,both,0.0,0.0,0.0,7,0.0,0.0,0.0,8,0.0,0.0,0.0,9,0.0,0.0,0.0,10,0.0,0.0,0.0,12,0.0,0.0,0.0,12,0.0,0.0,0.0,13,0.0,0.0,0.0,16
xbrl-orcl-2022-payments-to-acquire-property-plant-and-equipment-usd-0001564590-22-023675,bm25,True,tables,0.0,0.0,0.0,3,0.0,0.0,0.0,3,0.0,0.0,0.0,3,0.0,0.0,0.0,3,0.0,0.0,0.0,3,0.0,0.0,0.0,3,0.0,0.0,0.0,5,0.0,0.0,0.0,8
xbrl-orcl-2022-payments-to-acquire-property-plant-and-equipment-usd-0001564590-22-023675,hybrid,True,tables,0.0,0.0,0.0,5,0.0,0.0,0.0,7,0.0,0.0,0.0,9,0.0,0.0,0.0,10,0.0,0.0,0.0,10,0.0,0.0,0.0,10,0.0,0.0,0.0,11,0.0,0.0,0.0,14
xbrl-orcl-2022-other-comprehensive-income-loss-net-of-tax-portion-attributable-to-parent-usd-0001564590-22-023675,bm25,True,prose,1.0,0.5508,0.25,0,1.0,0.5508,0.25,0,1.0,0.5508,0.25,1,1.0,0.5508,0.25,1,1.0,0.5508,0.25,1,1.0,0.5508,0.25,3,1.0,0.381,0.0909,9,0.0,0.0,0.0,15
xbrl-orcl-2022-other-comprehensive-income-loss-net-of-tax-portion-attributable-to-parent-usd-0001564590-22-023675,hybrid,True,prose,0.6666666666666666,0.5307,0.5,2,0.6666666666666666,0.7039,1.0,6,1.0,0.3649,0.0833,10,0.6666666666666666,0.2434,0.0769,11,0.6666666666666666,0.2321,0.0667,11,0.3333333333333333,0.1148,0.0625,12,0.0,0.0,0.0,16,0.0,0.0,0.0,16
xbrl-orcl-2022-operating-lease-right-of-use-asset-usd-0001564590-22-023675,bm25,True,tables,0.0,0.0,0.0,0,0.0,0.0,0.0,0,0.0,0.0,0.0,0,0.0,0.0,0.0,0,0.0,0.0,0.0,0,0.0,0.0,0.0,0,0.0,0.0,0.0,3,0.0,0.0,0.0,9
xbrl-orcl-2022-operating-lease-right-of-use-asset-usd-0001564590-22-023675,hybrid,True,tables,0.0,0.0,0.0,1,0.0,0.0,0.0,4,0.0,0.0,0.0,8,0.0,0.0,0.0,9,0.0,0.0,0.0,9,0.0,0.0,0.0,10,0.0,0.0,0.0,10,0.0,0.0,0.0,13
xbrl-orcl-2022-effective-income-tax-rate-reconciliation-tax-contingency-amount-usd-0001564590-22-023675,bm25,True,tables,0.0,0.0,0.0,3,0.0,0.0,0.0,3,0.0,0.0,0.0,3,0.0,0.0,0.0,3,0.0,0.0,0.0,3,0.0,0.0,0.0,3,0.0,0.0,0.0,4,0.0,0.0,0.0,9
xbrl-orcl-2022-effective-income-tax-rate-reconciliation-tax-contingency-amount-usd-0001564590-22-023675,hybrid,True,tables,0.0,0.0,0.0,4,0.0,0.0,0.0,5,0.0,0.0,0.0,8,0.0,0.0,0.0,9,0.0,0.0,0.0,10,0.0,0.0,0.0,10,0.0,0.0,0.0,12,0.0,0.0,0.0,14
xbrl-orcl-2022-property-plant-and-equipment-net-usd-0001564590-22-023675,bm25,True,tables,1.0,0.5706,0.3333,3,1.0,0.6509,0.5,3,1.0,0.6509,0.5,3,1.0,0.9197,1.0,3,1.0,0.9197,1.0,3,1.0,0.9197,1.0,3,1.0,1.0,1.0,5,1.0,1.0,1.0,10
xbrl-orcl-2022-property-plant-and-equipment-net-usd-0001564590-22-023675,hybrid,True,tables,1.0,0.8503,1.0,6,1.0,0.8772,1.0,9,1.0,0.9197,1.0,10,1.0,0.9197,1.0,10,1.0,0.9197,1.0,10,1.0,0.9197,1.0,11,1.0,0.9197,1.0,11,1.0,0.9197,1.0,14
xbrl-orcl-2022-contract-with-customer-liability-noncurrent-usd-0001564590-22-023675,bm25,True,tables,0.0,0.0,0.0,0,0.0,0.0,0.0,0,0.0,0.0,0.0,0,0.0,0.0,0.0,0,0.0,0.0,0.0,0,0.0,0.0,0.0,0,0.0,0.0,0.0,0,0.0,0.0,0.0,2
xbrl-orcl-2022-contract-with-customer-liability-noncurrent-usd-0001564590-22-023675,hybrid,True,tables,0.0,0.0,0.0,0,0.0,0.0,0.0,3,0.0,0.0,0.0,7,0.0,0.0,0.0,8,0.0,0.0,0.0,8,0.0,0.0,0.0,8,0.0,0.0,0.0,8,0.0,0.0,0.0,8
xbrl-orcl-2022-share-based-compensation-arrangement-by-share-based-payment-award-options-vested-and-expected-to-vest-exercisable-aggregate-intrinsic-value-usd-0001564590-22-023675,bm25,True,tables,1.0,0.4307,0.25,1,1.0,0.6309,0.5,1,1.0,0.6309,0.5,1,1.0,0.6309,0.5,1,1.0,0.6309,0.5,2,1.0,0.6309,0.5,2,1.0,1.0,1.0,6,1.0,1.0,1.0,12
xbrl-orcl-2022-share-based-compensation-arrangement-by-share-based-payment-award-options-vested-and-expected-to-vest-exercisable-aggregate-intrinsic-value-usd-0001564590-22-023675,hybrid,True,tables,1.0,0.3155,0.125,2,1.0,0.6309,0.5,2,1.0,1.0,1.0,7,1.0,1.0,1.0,12,1.0,1.0,1.0,15,1.0,1.0,1.0,16,1.0,1.0,1.0,16,1.0,1.0,1.0,16
xbrl-orcl-2022-finite-lived-intangible-assets-gross-usd-0001564590-22-023675,bm25,True,tables,1.0,0.5,0.3333,5,1.0,0.5,0.3333,5,1.0,0.5,0.3333,6,1.0,0.5,0.3333,6,1.0,0.5,0.3333,6,1.0,0.5,0.3333,7,1.0,0.6309,0.5,7,1.0,1.0,1.0,11
xbrl-orcl-2022-finite-lived-intangible-assets-gross-usd-0001564590-22-023675,hybrid,True,tables,1.0,0.2891,0.1,6,1.0,0.4307,0.25,10,1.0,0.4307,0.25,13,1.0,0.5,0.3333,14,1.0,0.5,0.3333,14,1.0,0.5,0.3333,14,1.0,0.5,0.3333,15,1.0,0.5,0.3333,16
xbrl-orcl-2022-inventory-net-usd-0001564590-22-023675,bm25,True,prose,0.0,0.0,0.0,0,0.0,0.0,0.0,0,0.0,0.0,0.0,1,0.0,0.0,0.0,1,0.0,0.0,0.0,1,0.0,0.0,0.0,1,0.0,0.0,0.0,4,0.0,0.0,0.0,9
xbrl-orcl-2022-inventory-net-usd-0001564590-22-023675,hybrid,True,prose,1.0,1.0,1.0,6,1.0,0.6309,0.5,8,0.0,0.0,0.0,9,0.0,0.0,0.0,9,0.0,0.0,0.0,9,0.0,0.0,0.0,10,0.0,0.0,0.0,11,0.0,0.0,0.0,13
xbrl-orcl-2022-unrecognized-tax-benefits-reduction-resulting-from-lapse-of-applicable-statute-of-limitations-usd-0001564590-22-023675,bm25,True,tables,0.3333333333333333,0.1413,0.1111,3,0.3333333333333333,0.1413,0.1111,3,0.3333333333333333,0.1564,0.1429,3,0.3333333333333333,0.1672,0.1667,3,0.3333333333333333,0.1815,0.2,3,0.3333333333333333,0.2021,0.25,4,0.3333333333333333,0.4693,1.0,5,0.3333333333333333,0.4693,1.0,11
xbrl-orcl-2022-unrecognized-tax-benefits-reduction-resulting-from-lapse-of-applicable-statute-of-limitations-usd-0001564590-22-023675,hybrid,True,tables,0.3333333333333333,0.2021,0.25,3,0.3333333333333333,0.2346,0.3333,4,0.3333333333333333,0.2346,0.3333,7,0.3333333333333333,0.2961,0.5,8,0.3333333333333333,0.4693,1.0,9,0.3333333333333333,0.4693,1.0,10,0.3333333333333333,0.4693,1.0,13,0.3333333333333333,0.4693,1.0,16
xbrl-orcl-2022-furniture-and-fixtures-gross-usd-0001564590-22-023675,bm25,True,tables,0.5,0.3869,0.5,1,0.5,0.6131,1.0,1,0.5,0.6131,1.0,2,0.5,0.6131,1.0,2,0.5,0.6131,1.0,2,0.5,0.6131,1.0,4,0.5,0.6131,1.0,5,0.5,0.6131,1.0,14
xbrl-orcl-2022-furniture-and-fixtures-gross-usd-0001564590-22-023675,hybrid,True,tables,0.5,0.6131,1.0,8,0.5,0.6131,1.0,8,0.5,0.6131,1.0,9,0.5,0.6131,1.0,9,0.5,0.6131,1.0,10,0.5,0.6131,1.0,10,0.5,0.6131,1.0,12,0.5,0.6131,1.0,15
xbrl-orcl-2022-share-based-compensation-arrangement-by-share-based-payment-award-equity-instruments-other-than-options-forfeited-in-period-shares-0001564590-22-023675,bm25,True,prose,1.0,0.2891,0.1,4,1.0,0.2447,0.0625,6,0.0,0.0,0.0,8,0.0,0.0,0.0,9,0.0,0.0,0.0,9,0.0,0.0,0.0,10,0.0,0.0,0.0,11,0.0,0.0,0.0,15
xbrl-orcl-2022-share-based-compensation-arrangement-by-share-based-payment-award-equity-instruments-other-than-options-forfeited-in-period-shares-0001564590-22-023675,hybrid,True,prose,1.0,0.2891,0.1,1,0.0,0.0,0.0,7,0.0,0.0,0.0,11,0.0,0.0,0.0,14,0.0,0.0,0.0,16,0.0,0.0,0.0,16,0.0,0.0,0.0,16,0.0,0.0,0.0,16
xbrl-orcl-2022-unrecognized-tax-benefits-decrease-resulting-from-foreign-currency-translation-usd-0001564590-22-023675,bm25,True,tables,0.3333333333333333,0.148,0.125,2,0.3333333333333333,0.1564,0.1429,5,0.3333333333333333,0.1815,0.2,5,0.3333333333333333,0.1815,0.2,5,0.3333333333333333,0.2346,0.3333,5,0.3333333333333333,0.2346,0.3333,5,0.3333333333333333,0.4693,1.0,5,0.6666666666666666,0.5925,1.0,7
xbrl-orcl-2022-unrecognized-tax-benefits-decrease-resulting-from-foreign-currency-translation-usd-0001564590-22-023675,hybrid,True,tables,0.3333333333333333,0.1413,0.1111,3,0.3333333333333333,0.1815,0.2,4,0.3333333333333333,0.2346,0.3333,5,0.3333333333333333,0.4693,1.0,5,0.6666666666666666,0.5961,1.0,9,0.6666666666666666,0.6105,1.0,10,0.6666666666666666,0.6173,1.0,12,0.6666666666666666,0.6173,1.0,16
xbrl-orcl-2022-notes-payable-current-usd-0001564590-22-023675,bm25,True,tables,1.0,0.6053,0.5,3,1.0,0.6241,0.5,3,1.0,0.6509,0.5,3,1.0,0.6509,0.5,3,1.0,0.6509,0.5,3,1.0,0.8772,1.0,3,1.0,0.9197,1.0,7,1.0,0.9197,1.0,8
xbrl-orcl-2022-notes-payable-current-usd-0001564590-22-023675,hybrid,True,tables,1.0,0.4306,0.2,8,1.0,0.6934,0.5,11,1.0,0.6934,0.5,11,1.0,0.6934,0.5,11,1.0,0.6934,0.5,11,1.0,0.6934,0.5,11,1.0,0.6934,0.5,12,1.0,0.6053,0.5,15
xbrl-orcl-2022-net-income-loss-including-portion-attributable-to-noncontrolling-interest-usd-0001564590-22-023675,bm25,True,tables,0.0,0.0,0.0,1,0.0,0.0,0.0,2,0.0,0.0,0.0,3,0.0,0.0,0.0,6,1.0,0.2447,0.0625,7,1.0,0.256,0.0714,7,1.0,0.2789,0.0909,10,1.0,0.3333,0.1429,12
xbrl-orcl-2022-net-income-loss-including-portion-attributable-to-noncontrolling-interest-usd-0001564590-22-023675,hybrid,True,tables,1.0,0.2447,0.0625,6,1.0,0.301,0.1111,13,1.0,0.3155,0.125,14,1.0,0.3333,0.1429,14,1.0,0.3562,0.1667,14,1.0,0.3562,0.1667,15,1.0,0.3562,0.1667,16,1.0,0.3562,0.1667,16
xbrl-orcl-2022-unrecorded-unconditional-purchase-obligation-to-be-paid-year-two-usd-0001564590-22-023675,bm25,True,both,0.0,0.0,0.0,0,0.0,0.0,0.0,0,0.0,0.0,0.0,0,0.0,0.0,0.0,0,0.0,0.0,0.0,0,0.0,0.0,0.0,0,0.0,0.0,0.0,1,0.0,0.0,0.0,9
xbrl-orcl-2022-unrecorded-unconditional-purchase-obligation-to-be-paid-year-two-usd-0001564590-22-023675,hybrid,True,both,0.0,0.0,0.0,1,0.0,0.0,0.0,6,0.0,0.0,0.0,7,0.0,0.0,0.0,8,0.0,0.0,0.0,8,0.0,0.0,0.0,8,0.0,0.0,0.0,9,0.0,0.0,0.0,14
xbrl-orcl-2022-cash-and-cash-equivalents-at-carrying-value-usd-0001564590-22-023675,bm25,True,tables,0.5,0.1934,0.125,2,1.0,0.3544,0.1429,3,1.0,0.3795,0.1667,3,1.0,0.4351,0.25,3,1.0,0.4776,0.3333,4,1.0,0.5714,0.5,5,1.0,0.6509,0.5,8,1.0,0.6934,0.5,10
xbrl-orcl-2022-cash-and-cash-equivalents-at-carrying-value-usd-0001564590-22-023675,hybrid,True,tables,1.0,0.4723,0.3333,6,1.0,0.6053,0.5,8,1.0,0.6241,0.5,9,1.0,0.6509,0.5,10,1.0,0.6509,0.5,10,1.0,0.8772,1.0,10,1.0,0.8772,1.0,12,1.0,0.8772,1.0,16
xbrl-orcl-2022-deferred-tax-assets-other-usd-0001564590-22-023675,bm25,True,tables,0.5,0.1772,0.1,2,0.5,0.1934,0.125,3,0.5,0.2184,0.1667,3,0.5,0.2372,0.2,3,0.5,0.2641,0.25,3,0.5,0.2641,0.25,3,0.5,0.3869,0.5,4,0.5,0.3869,0.5,8
xbrl-orcl-2022-deferred-tax-assets-other-usd-0001564590-22-023675,hybrid,True,tables,0.5,0.2641,0.25,3,0.5,0.2372,0.2,4,0.5,0.3869,0.5,8,0.5,0.3869,0.5,11,0.5,0.6131,1.0,12,0.5,0.3869,0.5,13,0.5,0.6131,1.0,16,0.5,0.6131,1.0,16
xbrl-orcl-2023-common-stock-shares-outstanding-shares-0000950170-23-028914,bm25,True,tables,0.6666666666666666,0.2349,0.0714,4,0.6666666666666666,0.2441,0.0833,4,0.6666666666666666,0.2654,0.125,5,0.6666666666666666,0.2797,0.1429,5,0.6666666666666666,0.3228,0.2,7,0.6666666666666666,0.3296,0.2,8,0.6666666666666666,0.4367,0.3333,10,0.6666666666666666,0.4367,0.3333,12
xbrl-orcl-2023-common-stock-shares-outstanding-shares-0000950170-23-028914,hybrid,True,tables,0.6666666666666666,0.3296,0.2,6,0.6666666666666666,0.4162,0.3333,10,0.6666666666666666,0.4367,0.3333,11,0.6666666666666666,0.4367,0.3333,12,0.6666666666666666,0.4367,0.3333,12,0.6666666666666666,0.4367,0.3333,12,0.6666666666666666,0.4367,0.3333,14,0.6666666666666666,0.4162,0.3333,16
xbrl-orcl-2023-increase-decrease-in-accounts-receivable-usd-0000950170-23-028914,bm25,True,both,0.3333333333333333,0.2346,0.3333,1,0.3333333333333333,0.2346,0.3333,1,0.3333333333333333,0.2346,0.3333,2,0.3333333333333333,0.2346,0.3333,3,0.3333333333333333,0.2346,0.3333,3,0.3333333333333333,0.2346,0.3333,3,0.3333333333333333,0.2346,0.3333,4,0.3333333333333333,0.1815,0.2,10
xbrl-orcl-2023-increase-decrease-in-accounts-receivable-usd-0000950170-23-028914,hybrid,True,both,0.3333333333333333,0.2961,0.5,1,0.6666666666666666,0.4525,0.5,7,0.6666666666666666,0.3236,0.1667,9,0.6666666666666666,0.3236,0.1667,9,0.6666666666666666,0.3236,0.1667,10,0.6666666666666666,0.3236,0.1667,10,0.6666666666666666,0.2769,0.1111,12,0.6666666666666666,0.2457,0.0909,14
xbrl-orcl-2023-unrecognized-tax-benefits-increase-resulting-from-prior-period-tax-positions-usd-0000950170-23-028914,bm25,True,tables,0.5,0.3066,0.3333,2,0.5,0.3066,0.3333,2,0.5,0.3869,0.5,2,0.5,0.3869,0.5,2,0.5,0.6131,1.0,2,0.5,0.6131,1.0,2,0.5,0.6131,1.0,3,0.5,0.6131,1.0,8
xbrl-orcl-2023-unrecognized-tax-benefits-increase-resulting-from-prior-period-tax-positions-usd-0000950170-23-028914,hybrid,True,tables,0.5,0.3066,0.3333,1,0.5,0.3066,0.3333,2,0.5,0.3869,0.5,6,0.5,0.3869,0.5,9,0.5,0.6131,1.0,10,0.5,0.6131,1.0,10,0.5,0.6131,1.0,11,0.5,0.6131,1.0,12
xbrl-orcl-2023-effect-of-exchange-rate-on-cash-cash-equivalents-restricted-cash-and-restricted-cash-equivalents-including-disposal-group-and-discontinued-operations-usd-0000950170-23-028914,bm25,True,both,1.0,1.0,1.0,2,1.0,1.0,1.0,3,1.0,1.0,1.0,3,1.0,1.0,1.0,4,1.0,1.0,1.0,5,1.0,1.0,1.0,5,1.0,0.9197,1.0,9,1.0,0.8316,1.0,15
xbrl-orcl-2023-effect-of-exchange-rate-on-cash-cash-equivalents-restricted-cash-and-restricted-cash-equivalents-including-disposal-group-and-discontinued-operations-usd-0000950170-23-028914,hybrid,True,both,1.0,0.9197,1.0,3,1.0,0.7904,1.0,5,1.0,0.7664,1.0,7,1.0,0.7977,1.0,10,1.0,0.7977,1.0,11,1.0,0.7977,1.0,12,1.0,0.7904,1.0,13,1.0,0.7664,1.0,15
xbrl-orcl-2023-finite-lived-intangible-asset-expected-amortization-year-three-usd-0000950170-23-028914,bm25,True,tables,0.0,0.0,0.0,5,0.0,0.0,0.0,6,0.0,0.0,0.0,7,0.0,0.0,0.0,7,0.0,0.0,0.0,7,0.0,0.0,0.0,7,0.0,0.0,0.0,9,0.0,0.0,0.0,11
xbrl-orcl-2023-finite-lived-intangible-asset-expected-amortization-year-three-usd-0000950170-23-028914,hybrid,True,tables,0.0,0.0,0.0,5,0.0,0.0,0.0,8,0.0,0.0,0.0,9,0.0,0.0,0.0,11,0.0,0.0,0.0,12,0.0,0.0,0.0,14,0.0,0.0,0.0,14,0.5,0.1533,0.0667,16
xbrl-orcl-2023-debt-instrument-unamortized-discount-premium-and-debt-issuance-costs-net-usd-0000950170-23-028914,bm25,True,both,1.0,1.0,1.0,2,1.0,1.0,1.0,2,1.0,1.0,1.0,2,1.0,1.0,1.0,2,1.0,1.0,1.0,2,1.0,1.0,1.0,2,1.0,1.0,1.0,2,1.0,1.0,1.0,10
xbrl-orcl-2023-debt-instrument-unamortized-discount-premium-and-debt-issuance-costs-net-usd-0000950170-23-028914,hybrid,True,both,1.0,1.0,1.0,2,1.0,1.0,1.0,5,1.0,1.0,1.0,8,1.0,0.9197,1.0,9,1.0,0.8772,1.0,9,1.0,0.8503,1.0,9,1.0,0.7904,1.0,11,1.0,0.7742,1.0,13
xbrl-orcl-2023-deferred-state-and-local-income-tax-expense-benefit-usd-0000950170-23-028914,bm25,True,tables,0.0,0.0,0.0,0,0.0,0.0,0.0,1,0.0,0.0,0.0,3,0.0,0.0,0.0,3,0.0,0.0,0.0,3,0.5,0.1569,0.0714,4,0.5,0.2044,0.1429,6,0.5,0.2372,0.2,11
xbrl-orcl-2023-deferred-state-and-local-income-tax-expense-benefit-usd-0000950170-23-028914,hybrid,True,tables,0.0,0.0,0.0,3,0.5,0.1533,0.0667,5,0.5,0.2044,0.1429,6,0.5,0.2372,0.2,10,0.5,0.2641,0.25,12,0.5,0.3066,0.3333,12,0.5,0.3066,0.3333,14,0.5,0.2641,0.25,16
xbrl-orcl-2023-share-based-compensation-arrangement-by-share-based-payment-award-options-vested-and-expected-to-vest-outstanding-aggregate-intrinsic-value-usd-0000950170-23-028914,bm25,True,tables,1.0,0.6309,0.5,1,1.0,0.6309,0.5,2,1.0,0.6309,0.5,2,1.0,0.6309,0.5,2,1.0,0.6309,0.5,2,1.0,0.6309,0.5,2,1.0,1.0,1.0,4,1.0,1.0,1.0,11
xbrl-orcl-2023-share-based-compensation-arrangement-by-share-based-payment-award-options-vested-and-expected-to-vest-outstanding-aggregate-intrinsic-value-usd-0000950170-23-028914,hybrid,True,tables,1.0,0.4307,0.25,3,1.0,1.0,1.0,3,1.0,1.0,1.0,5,1.0,1.0,1.0,12,1.0,1.0,1.0,15,1.0,1.0,1.0,16,1.0,1.0,1.0,16,1.0,1.0,1.0,16
xbrl-orcl-2023-interest-expense-usd-0000950170-23-028914,bm25,True,tables,0.6666666666666666,0.2645,0.1111,2,0.6666666666666666,0.2873,0.1429,2,1.0,0.4531,0.25,3,1.0,0.5027,0.3333,3,1.0,0.5095,0.3333,3,1.0,0.5471,0.3333,3,1.0,0.8529,1.0,6,1.0,1.0,1.0,6
xbrl-orcl-2023-interest-expense-usd-0000950170-23-028914,hybrid,True,tables,0.6666666666666666,0.5307,0.5,4,0.6666666666666666,0.5307,0.5,9,0.6666666666666666,0.7654,1.0,10,0.6666666666666666,0.7654,1.0,10,0.6666666666666666,0.7654,1.0,10,1.0,0.8963,1.0,11,1.0,0.8963,1.0,12,1.0,0.8827,1.0,16
xbrl-orcl-2023-cash-and-cash-equivalents-at-carrying-value-usd-0000950170-23-028914,bm25,True,tables,1.0,0.3872,0.2,3,1.0,0.4251,0.25,3,1.0,0.7788,1.0,3,1.0,0.7842,1.0,4,1.0,0.7904,1.0,5,1.0,0.7977,1.0,6,1.0,0.8772,1.0,8,1.0,0.9197,1.0,10
xbrl-orcl-2023-cash-and-cash-equivalents-at-carrying-value-usd-0000950170-23-028914,hybrid,True,tables,1.0,0.5803,0.5,7,1.0,0.6241,0.5,9,1.0,0.8503,1.0,10,1.0,0.8772,1.0,10,1.0,0.8772,1.0,10,1.0,0.8772,1.0,10,1.0,0.8772,1.0,12,1.0,0.9197,1.0,15
xbrl-orcl-2023-research-and-development-expense-usd-0000950170-23-028914,bm25,True,tables,0.3333333333333333,0.1309,0.0909,3,0.3333333333333333,0.1357,0.1,3,0.3333333333333333,0.148,0.125,4,0.3333333333333333,0.1564,0.1429,5,0.3333333333333333,0.2346,0.3333,5,0.3333333333333333,0.2346,0.3333,6,1.0,0.725,1.0,8,1.0,0.7737,1.0,10
xbrl-orcl-2023-research-and-development-expense-usd-0000950170-23-028914,hybrid,True,tables,0.6666666666666666,0.3501,0.25,8,0.6666666666666666,0.4776,0.5,10,0.6666666666666666,0.4982,0.5,10,1.0,0.6395,0.5,11,1.0,0.8127,1.0,11,1.0,0.6395,0.5,12,1.0,0.6395,0.5,14,1.0,0.672,0.5,15
xbrl-orcl-2023-other-comprehensive-income-loss-net-of-tax-portion-attributable-to-parent-usd-0000950170-23-028914,bm25,True,both,0.3333333333333333,0.1268,0.0833,1,0.3333333333333333,0.148,0.125,1,0.3333333333333333,0.1672,0.1667,1,0.3333333333333333,0.2346,0.3333,1,0.3333333333333333,0.2961,0.5,1,0.3333333333333333,0.2961,0.5,2,0.6666666666666666,0.6002,1.0,8,0.6666666666666666,0.6508,1.0,15
xbrl-orcl-2023-other-comprehensive-income-loss-net-of-tax-portion-attributable-to-parent-usd-0000950170-23-028914,hybrid,True,both,0.3333333333333333,0.2021,0.25,1,0.3333333333333333,0.2961,0.5,1,0.3333333333333333,0.4693,1.0,8,0.6666666666666666,0.7039,1.0,9,0.6666666666666666,0.7039,1.0,10,0.6666666666666666,0.7039,1.0,10,0.6666666666666666,0.6508,1.0,12,0.6666666666666666,0.6049,1.0,16
xbrl-orcl-2023-operating-lease-payments-usd-0000950170-23-028914,bm25,True,both,0.5,0.6131,1.0,2,0.5,0.6131,1.0,2,0.5,0.6131,1.0,2,0.5,0.6131,1.0,2,0.5,0.6131,1.0,2,0.5,0.6131,1.0,2,0.5,0.6131,1.0,4,0.5,0.3869,0.5,6
xbrl-orcl-2023-operating-lease-payments-usd-0000950170-23-028914,hybrid,True,both,0.5,0.6131,1.0,3,0.5,0.6131,1.0,7,0.5,0.3869,0.5,9,0.5,0.3066,0.3333,9,0.5,0.2184,0.1667,10,0.5,0.2044,0.1429,11,0.5,0.2044,0.1429,12,0.5,0.161,0.0769,14
xbrl-orcl-2023-stock-repurchased-and-retired-during-period-value-usd-0000950170-23-028914,bm25,True,tables,0.0,0.0,0.0,1,0.0,0.0,0.0,3,0.0,0.0,0.0,3,0.0,0.0,0.0,3,0.0,0.0,0.0,3,0.0,0.0,0.0,3,0.0,0.0,0.0,5,0.0,0.0,0.0,10
xbrl-orcl-2023-stock-repurchased-and-retired-during-period-value-usd-0000950170-23-028914,hybrid,True,tables,0.0,0.0,0.0,0,0.0,0.0,0.0,5,0.0,0.0,0.0,9,0.0,0.0,0.0,10,0.0,0.0,0.0,11,0.0,0.0,0.0,11,0.0,0.0,0.0,13,0.0,0.0,0.0,16
xbrl-orcl-2023-assets-usd-0000950170-23-028914,bm25,True,tables,0.0,0.0,0.0,0,0.0,0.0,0.0,0,0.0,0.0,0.0,0,0.0,0.0,0.0,0,0.0,0.0,0.0,1,0.0,0.0,0.0,1,0.0,0.0,0.0,2,0.0,0.0,0.0,8
xbrl-orcl-2023-assets-usd-0000950170-23-028914,hybrid,True,tables,0.0,0.0,0.0,6,0.0,0.0,0.0,9,0.0,0.0,0.0,9,0.0,0.0,0.0,9,0.0,0.0,0.0,9,0.0,0.0,0.0,10,0.0,0.0,0.0,10,0.0,0.0,0.0,14
xbrl-orcl-2023-lessee-operating-lease-liability-to-be-paid-year-two-usd-0000950170-23-028914,bm25,True,tables,1.0,0.2789,0.0909,1,1.0,0.3155,0.125,1,1.0,0.3155,0.125,1,1.0,0.3333,0.1429,1,1.0,0.3562,0.1667,1,1.0,0.3562,0.1667,1,1.0,0.6309,0.5,4,1.0,0.6309,0.5,10
xbrl-orcl-2023-lessee-operating-lease-liability-to-be-paid-year-two-usd-0000950170-23-028914,hybrid,True,tables,1.0,0.3562,0.1667,1,1.0,0.4307,0.25,7,1.0,0.5,0.3333,7,1.0,1.0,1.0,8,1.0,1.0,1.0,8,1.0,1.0,1.0,9,1.0,1.0,1.0,9,1.0,1.0,1.0,14
xbrl-orcl-2023-antidilutive-securities-excluded-from-computation-of-earnings-per-share-amount-shares-0000950170-23-028914,bm25,True,prose,0.0,0.0,0.0,10,0.0,0.0,0.0,11,0.0,0.0,0.0,11,0.0,0.0,0.0,13,0.0,0.0,0.0,13,0.0,0.0,0.0,13,0.0,0.0,0.0,14,0.0,0.0,0.0,15
xbrl-orcl-2023-antidilutive-securities-excluded-from-computation-of-earnings-per-share-amount-shares-0000950170-23-028914,hybrid,True,prose,0.0,0.0,0.0,8,0.0,0.0,0.0,13,0.0,0.0,0.0,13,0.0,0.0,0.0,13,0.0,0.0,0.0,13,0.0,0.0,0.0,14,0.0,0.0,0.0,14,0.0,0.0,0.0,15
xbrl-orcl-2023-notes-and-loans-noncurrent-usd-0000950170-23-028914,bm25,True,tables,0.0,0.0,0.0,0,0.0,0.0,0.0,1,0.0,0.0,0.0,2,0.0,0.0,0.0,3,0.0,0.0,0.0,3,0.0,0.0,0.0,3,0.0,0.0,0.0,6,0.0,0.0,0.0,13
xbrl-orcl-2023-notes-and-loans-noncurrent-usd-0000950170-23-028914,hybrid,True,tables,0.0,0.0,0.0,1,1.0,0.3305,0.1,5,1.0,0.4082,0.2,7,1.0,0.3841,0.1667,10,1.0,0.3654,0.1429,11,1.0,0.3379,0.1111,12,0.5,0.161,0.0769,14,1.0,0.4218,0.2,16
xbrl-orcl-2023-finite-lived-intangible-assets-gross-usd-0000950170-23-028914,bm25,True,tables,1.0,0.5,0.3333,6,1.0,0.5,0.3333,6,1.0,0.5,0.3333,6,1.0,0.5,0.3333,6,1.0,0.5,0.3333,6,1.0,0.5,0.3333,7,1.0,0.5,0.3333,8,1.0,1.0,1.0,12
xbrl-orcl-2023-finite-lived-intangible-assets-gross-usd-0000950170-23-028914,hybrid,True,tables,1.0,0.3333,0.1429,6,1.0,0.5,0.3333,8,1.0,0.6309,0.5,13,1.0,0.6309,0.5,14,1.0,0.6309,0.5,15,1.0,0.6309,0.5,15,1.0,0.6309,0.5,16,1.0,0.6309,0.5,16
xbrl-orcl-2023-restructuring-reserve-usd-0000950170-23-028914,bm25,True,prose,0.0,0.0,0.0,4,0.0,0.0,0.0,4,0.0,0.0,0.0,5,0.0,0.0,0.0,5,0.0,0.0,0.0,5,0.0,0.0,0.0,5,0.0,0.0,0.0,7,0.0,0.0,0.0,10
xbrl-orcl-2023-restructuring-reserve-usd-0000950170-23-028914,hybrid,True,prose,0.0,0.0,0.0,7,0.0,0.0,0.0,9,0.0,0.0,0.0,10,0.0,0.0,0.0,10,0.0,0.0,0.0,10,0.0,0.0,0.0,10,0.0,0.0,0.0,11,0.0,0.0,0.0,13
xbrl-orcl-2024-assets-current-usd-0000950170-24-075605,bm25,True,tables,1.0,0.5,0.3333,2,1.0,0.5,0.3333,2,1.0,0.6309,0.5,3,1.0,1.0,1.0,3,1.0,1.0,1.0,3,1.0,1.0,1.0,4,1.0,1.0,1.0,6,1.0,1.0,1.0,8
xbrl-orcl-2024-assets-current-usd-0000950170-24-075605,hybrid,True,tables,1.0,1.0,1.0,7,1.0,1.0,1.0,9,1.0,1.0,1.0,10,1.0,1.0,1.0,10,1.0,1.0,1.0,11,1.0,1.0,1.0,11,1.0,1.0,1.0,13,1.0,1.0,1.0,15
xbrl-orcl-2024-inventory-net-usd-0000950170-24-075605,bm25,True,prose,1.0,0.2891,0.1,0,1.0,0.2891,0.1,0,1.0,0.2891,0.1,1,1.0,0.2789,0.0909,1,1.0,0.2789,0.0909,1,1.0,0.2789,0.0909,1,0.0,0.0,0.0,7,0.0,0.0,0.0,10
xbrl-orcl-2024-inventory-net-usd-0000950170-24-075605,hybrid,True,prose,1.0,1.0,1.0,5,1.0,0.6309,0.5,9,0.0,0.0,0.0,9,0.0,0.0,0.0,10,0.0,0.0,0.0,10,0.0,0.0,0.0,10,0.0,0.0,0.0,10,0.0,0.0,0.0,14
xbrl-orcl-2024-deferred-income-tax-expense-benefit-usd-0000950170-24-075605,bm25,True,tables,0.5,0.2372,0.2,2,0.5,0.3869,0.5,2,0.5,0.3869,0.5,2,0.5,0.3869,0.5,2,0.5,0.3869,0.5,2,0.5,0.3869,0.5,3,0.5,0.6131,1.0,4,0.5,0.6131,1.0,11
xbrl-orcl-2024-deferred-income-tax-expense-benefit-usd-0000950170-24-075605,hybrid,True,tables,0.5,0.2372,0.2,3,0.5,0.6131,1.0,4,0.5,0.6131,1.0,8,0.5,0.6131,1.0,10,0.5,0.6131,1.0,12,0.5,0.6131,1.0,12,1.0,0.7742,1.0,15,1.0,0.7742,1.0,16
xbrl-orcl-2024-land-usd-0000950170-24-075605,bm25,True,tables,0.5,0.1846,0.1111,1,0.5,0.1934,0.125,1,0.5,0.3869,0.5,1,0.5,0.3869,0.5,1,0.5,0.6131,1.0,1,0.5,0.6131,1.0,1,0.5,0.6131,1.0,3,0.5,0.6131,1.0,8
xbrl-orcl-2024-land-usd-0000950170-24-075605,hybrid,True,tables,0.0,0.0,0.0,8,0.5,0.15,0.0625,9,0.5,0.2372,0.2,10,0.5,0.2372,0.2,10,0.5,0.3066,0.3333,10,0.5,0.2641,0.25,10,0.5,0.2184,0.1667,11,0.5,0.1772,0.1,15
xbrl-orcl-2024-accounts-receivable-allowance-for-credit-loss-current-usd-0000950170-24-075605,bm25,True,tables,0.0,0.0,0.0,0,0.0,0.0,0.0,0,1.0,0.25,0.0667,1,1.0,0.256,0.0714,1,1.0,0.301,0.1111,1,1.0,0.3869,0.2,1,1.0,0.6309,0.5,2,1.0,0.6309,0.5,11
xbrl-orcl-2024-accounts-receivable-allowance-for-credit-loss-current-usd-0000950170-24-075605,hybrid,True,tables,1.0,0.4307,0.25,2,1.0,0.5,0.3333,6,1.0,0.5,0.3333,7,1.0,0.6309,0.5,9,1.0,1.0,1.0,9,1.0,1.0,1.0,11,1.0,1.0,1.0,12,1.0,1.0,1.0,14
xbrl-orcl-2024-deferred-income-tax-liabilities-net-usd-0000950170-24-075605,bm25,True,tables,0.5,0.2044,0.1429,2,0.5,0.2184,0.1667,2,1.0,0.4635,0.3333,4,1.0,0.4635,0.3333,5,1.0,0.4676,0.3333,5,1.0,0.5579,0.5,5,1.0,0.8503,1.0,8,1.0,0.9197,1.0,11
xbrl-orcl-2024-deferred-income-tax-liabilities-net-usd-0000950170-24-075605,hybrid,True,tables,0.5,0.2372,0.2,3,1.0,0.5479,0.5,7,1.0,0.7977,1.0,9,1.0,0.8175,1.0,12,1.0,0.8175,1.0,12,1.0,0.8175,1.0,13,1.0,0.8503,1.0,15,1.0,0.8175,1.0,16
xbrl-orcl-2024-liabilities-noncurrent-usd-0000950170-24-075605,bm25,True,tables,0.0,0.0,0.0,0,0.0,0.0,0.0,0,0.0,0.0,0.0,0,0.0,0.0,0.0,0,0.0,0.0,0.0,0,0.0,0.0,0.0,0,1.0,0.2447,0.0625,1,1.0,0.5,0.3333,6
xbrl-orcl-2024-liabilities-noncurrent-usd-0000950170-24-075605,hybrid,True,tables,1.0,0.2789,0.0909,1,1.0,0.6309,0.5,4,1.0,1.0,1.0,7,1.0,1.0,1.0,8,1.0,1.0,1.0,8,1.0,1.0,1.0,8,1.0,1.0,1.0,10,1.0,1.0,1.0,12
xbrl-orcl-2024-shares-issued-value-share-based-payment-arrangement-after-forfeiture-usd-0000950170-24-075605,bm25,True,both,0.3333333333333333,0.4693,1.0,1,0.3333333333333333,0.4693,1.0,1,0.3333333333333333,0.4693,1.0,2,0.3333333333333333,0.4693,1.0,4,0.3333333333333333,0.4693,1.0,6,0.3333333333333333,0.4693,1.0,6,0.3333333333333333,0.4693,1.0,9,0.6666666666666666,0.2625,0.1,14
xbrl-orcl-2024-shares-issued-value-share-based-payment-arrangement-after-forfeiture-usd-0000950170-24-075605,hybrid,True,both,0.3333333333333333,0.2021,0.25,3,0.3333333333333333,0.1233,0.0769,7,0.3333333333333333,0.1173,0.0667,13,0.6666666666666666,0.2381,0.0769,14,0.6666666666666666,0.2381,0.0769,15,0.6666666666666666,0.2381,0.0769,15,0.6666666666666666,0.2381,0.0769,15,0.3333333333333333,0.1233,0.0769,16
xbrl-orcl-2024-restructuring-reserve-translation-and-other-adjustment-usd-0000950170-24-075605,bm25,True,both,0.0,0.0,0.0,1,0.0,0.0,0.0,1,0.0,0.0,0.0,1,0.0,0.0,0.0,1,0.0,0.0,0.0,1,0.0,0.0,0.0,2,0.0,0.0,0.0,6,0.0,0.0,0.0,12
xbrl-orcl-2024-restructuring-reserve-translation-and-other-adjustment-usd-0000950170-24-075605,hybrid,True,both,0.0,0.0,0.0,3,0.0,0.0,0.0,6,0.0,0.0,0.0,9,0.0,0.0,0.0,9,0.0,0.0,0.0,9,0.0,0.0,0.0,9,0.0,0.0,0.0,13,0.0,0.0,0.0,16
xbrl-orcl-2024-stock-repurchased-and-retired-during-period-value-usd-0000950170-24-075605,bm25,True,tables,0.0,0.0,0.0,3,0.0,0.0,0.0,3,0.0,0.0,0.0,3,0.0,0.0,0.0,3,0.0,0.0,0.0,3,0.0,0.0,0.0,4,0.0,0.0,0.0,5,0.0,0.0,0.0,11
xbrl-orcl-2024-stock-repurchased-and-retired-during-period-value-usd-0000950170-24-075605,hybrid,True,tables,0.0,0.0,0.0,4,0.0,0.0,0.0,7,0.0,0.0,0.0,9,0.0,0.0,0.0,10,0.0,0.0,0.0,11,0.0,0.0,0.0,11,0.0,0.0,0.0,13,1.0,0.256,0.0714,16
xbrl-orcl-2024-increase-decrease-in-accounts-payable-and-other-operating-liabilities-usd-0000950170-24-075605,bm25,True,both,0.3333333333333333,0.2961,0.5,2,0.3333333333333333,0.2961,0.5,4,0.3333333333333333,0.2961,0.5,4,0.3333333333333333,0.2961,0.5,4,0.3333333333333333,0.2961,0.5,4,0.3333333333333333,0.2961,0.5,5,0.3333333333333333,0.2961,0.5,7,0.3333333333333333,0.1815,0.2,11
xbrl-orcl-2024-increase-decrease-in-accounts-payable-and-other-operating-liabilities-usd-0000950170-24-075605,hybrid,True,both,0.3333333333333333,0.1201,0.0714,3,0.3333333333333333,0.1564,0.1429,8,0.3333333333333333,0.1672,0.1667,11,0.3333333333333333,0.1564,0.1429,11,0.3333333333333333,0.1413,0.1111,12,0.3333333333333333,0.1413,0.1111,12,0.3333333333333333,0.1309,0.0909,14,0.0,0.0,0.0,16
xbrl-orcl-2024-lessee-operating-lease-liability-to-be-paid-year-three-usd-0000950170-24-075605,bm25,True,tables,1.0,0.256,0.0714,1,1.0,0.3155,0.125,1,1.0,0.3155,0.125,1,1.0,0.3333,0.1429,1,1.0,0.3333,0.1429,1,1.0,0.3333,0.1429,1,1.0,0.4307,0.25,4,1.0,0.6309,0.5,9
xbrl-orcl-2024-lessee-operating-lease-liability-to-be-paid-year-three-usd-0000950170-24-075605,hybrid,True,tables,1.0,0.3869,0.2,2,1.0,0.4307,0.25,7,1.0,0.6309,0.5,7,1.0,1.0,1.0,8,1.0,1.0,1.0,9,1.0,1.0,1.0,9,1.0,1.0,1.0,9,1.0,1.0,1.0,13
xbrl-orcl-2024-cash-cash-equivalents-restricted-cash-and-restricted-cash-equivalents-including-disposal-group-and-discontinued-operations-usd-0000950170-24-075605,bm25,True,tables,1.0,0.3717,0.1667,4,1.0,0.3941,0.2,4,1.0,0.4144,0.2,4,1.0,0.4486,0.25,5,1.0,0.5,0.3333,5,1.0,0.5912,0.5,6,1.0,0.8503,1.0,9,1.0,0.9197,1.0,12
xbrl-orcl-2024-cash-cash-equivalents-restricted-cash-and-restricted-cash-equivalents-including-disposal-group-and-discontinued-operations-usd-0000950170-24-075605,hybrid,True,tables,1.0,0.5438,0.5,6,1.0,0.5803,0.5,9,1.0,0.8175,1.0,12,1.0,0.8316,1.0,12,1.0,0.8316,1.0,12,1.0,0.8316,1.0,12,1.0,0.8316,1.0,14,1.0,0.8316,1.0,16
xbrl-orcl-2024-proceeds-from-sale-and-maturity-of-debt-securities-available-for-sale-usd-0000950170-24-075605,bm25,True,tables,1.0,0.2891,0.1,1,1.0,0.3333,0.1429,1,1.0,0.3869,0.2,1,1.0,0.4307,0.25,3,1.0,0.4307,0.25,3,1.0,0.5,0.3333,3,1.0,0.6309,0.5,6,1.0,1.0,1.0,12
xbrl-orcl-2024-proceeds-from-sale-and-maturity-of-debt-securities-available-for-sale-usd-0000950170-24-075605,hybrid,True,tables,1.0,0.6309,0.5,3,1.0,0.6309,0.5,7,1.0,1.0,1.0,9,1.0,1.0,1.0,9,1.0,1.0,1.0,10,1.0,1.0,1.0,10,1.0,1.0,1.0,12,1.0,1.0,1.0,15
xbrl-orcl-2024-deferred-tax-assets-tax-deferred-expense-reserves-and-accruals-accrued-liabilities-usd-0000950170-24-075605,bm25,True,both,1.0,0.9197,1.0,3,1.0,1.0,1.0,3,1.0,1.0,1.0,3,1.0,1.0,1.0,3,1.0,1.0,1.0,4,1.0,1.0,1.0,4,1.0,0.8772,1.0,8,1.0,0.8503,1.0,9
xbrl-orcl-2024-deferred-tax-assets-tax-deferred-expense-reserves-and-accruals-accrued-liabilities-usd-0000950170-24-075605,hybrid,True,both,1.0,0.7977,1.0,4,0.5,0.6131,1.0,7,1.0,0.7632,1.0,10,1.0,0.7842,1.0,11,1.0,0.7788,1.0,12,1.0,0.7701,1.0,13,1.0,0.7632,1.0,15,0.5,0.6131,1.0,16
xbrl-orcl-2024-share-based-payment-arrangement-decrease-for-tax-withholding-obligation-usd-0000950170-24-075605,bm25,True,tables,0.0,0.0,0.0,0,0.3333333333333333,0.1173,0.0667,3,0.3333333333333333,0.1201,0.0714,3,0.3333333333333333,0.1268,0.0833,3,0.3333333333333333,0.1309,0.0909,3,0.6666666666666666,0.2561,0.1111,4,0.6666666666666666,0.3028,0.1667,7,0.6666666666666666,0.4162,0.3333,11
xbrl-orcl-2024-share-based-payment-arrangement-decrease-for-tax-withholding-obligation-usd-0000950170-24-075605,hybrid,True,tables,0.0,0.0,0.0,0,0.6666666666666666,0.3703,0.3333,7,0.6666666666666666,0.4982,0.5,10,0.6666666666666666,0.7039,1.0,11,0.6666666666666666,0.7039,1.0,11,0.6666666666666666,0.7039,1.0,12,0.6666666666666666,0.6714,1.0,14,0.6666666666666666,0.6173,1.0,16
xbrl-orcl-2024-operating-lease-liability-usd-0000950170-24-075605,bm25,True,tables,1.0,0.4307,0.25,1,1.0,0.5,0.3333,1,1.0,0.5,0.3333,1,1.0,0.5,0.3333,1,1.0,0.6309,0.5,1,1.0,0.6309,0.5,1,1.0,1.0,1.0,4,1.0,1.0,1.0,6
xbrl-orcl-2024-operating-lease-liability-usd-0000950170-24-075605,hybrid,True,tables,1.0,0.3869,0.2,4,1.0,0.5,0.3333,7,1.0,1.0,1.0,9,1.0,1.0,1.0,9,1.0,1.0,1.0,10,1.0,1.0,1.0,10,1.0,1.0,1.0,10,1.0,1.0,1.0,12
xbrl-orcl-2024-research-and-development-expense-usd-0000950170-24-075605,bm25,True,tables,0.3333333333333333,0.1309,0.0909,2,0.3333333333333333,0.1413,0.1111,3,0.3333333333333333,0.148,0.125,4,0.3333333333333333,0.1564,0.1429,5,0.3333333333333333,0.1815,0.2,5,0.3333333333333333,0.1815,0.2,6,1.0,0.7203,1.0,8,1.0,0.7737,1.0,10
xbrl-orcl-2024-research-and-development-expense-usd-0000950170-24-075605,hybrid,True,tables,0.6666666666666666,0.2873,0.1429,6,1.0,0.5193,0.25,9,1.0,0.5848,0.3333,10,1.0,0.5642,0.3333,10,1.0,0.5642,0.3333,11,1.0,0.5642,0.3333,11,1.0,0.5642,0.3333,13,1.0,0.5642,0.3333,15
xbrl-orcl-2024-deferred-income-tax-assets-net-usd-0000950170-24-075605,bm25,True,tables,0.5,0.1934,0.125,2,0.5,0.1934,0.125,3,0.5,0.2184,0.1667,4,1.0,0.3872,0.2,5,1.0,0.421,0.25,5,1.0,0.4251,0.25,5,1.0,0.7977,1.0,8,1.0,0.8503,1.0,9
xbrl-orcl-2024-deferred-income-tax-assets-net-usd-0000950170-24-075605,hybrid,True,tables,1.0,0.3753,0.1667,5,1.0,0.4413,0.25,7,1.0,0.5641,0.5,10,1.0,0.8316,1.0,11,1.0,0.8503,1.0,12,1.0,0.8503,1.0,13,1.0,0.8503,1.0,16,1.0,0.8503,1.0,16
xbrl-orcl-2024-unrecorded-unconditional-purchase-obligation-usd-0000950170-24-075605,bm25,True,tables,0.0,0.0,0.0,0,0.0,0.0,0.0,0,0.0,0.0,0.0,0,0.0,0.0,0.0,0,0.0,0.0,0.0,0,0.0,0.0,0.0,0,0.0,0.0,0.0,0,0.0,0.0,0.0,5
xbrl-orcl-2024-unrecorded-unconditional-purchase-obligation-usd-0000950170-24-075605,hybrid,True,tables,0.0,0.0,0.0,0,0.0,0.0,0.0,3,0.0,0.0,0.0,7,0.0,0.0,0.0,8,0.0,0.0,0.0,8,0.0,0.0,0.0,8,0.0,0.0,0.0,9,0.0,0.0,0.0,11
xbrl-orcl-2025-accumulated-other-comprehensive-income-loss-net-of-tax-usd-0000950170-25-087926,bm25,True,tables,0.0,0.0,0.0,9,0.0,0.0,0.0,9,0.0,0.0,0.0,11,0.0,0.0,0.0,12,0.0,0.0,0.0,13,0.0,0.0,0.0,13,0.0,0.0,0.0,14,0.0,0.0,0.0,16
xbrl-orcl-2025-accumulated-other-comprehensive-income-loss-net-of-tax-usd-0000950170-25-087926,hybrid,True,tables,0.0,0.0,0.0,7,0.0,0.0,0.0,10,0.3333333333333333,0.1148,0.0625,13,0.3333333333333333,0.1148,0.0625,15,0.3333333333333333,0.1148,0.0625,16,0.3333333333333333,0.1148,0.0625,16,0.3333333333333333,0.1357,0.1,16,0.3333333333333333,0.1357,0.1,16
xbrl-orcl-2025-effective-income-tax-rate-reconciliation-tax-credit-research-amount-usd-0000950170-25-087926,bm25,True,both,0.6666666666666666,0.5894,1.0,2,0.6666666666666666,0.6002,1.0,2,0.6666666666666666,0.6105,1.0,2,0.6666666666666666,0.6257,1.0,3,0.6666666666666666,0.6257,1.0,4,0.6666666666666666,0.6508,1.0,5,0.6666666666666666,0.7039,1.0,7,0.6666666666666666,0.4632,0.5,11
xbrl-orcl-2025-effective-income-tax-rate-reconciliation-tax-credit-research-amount-usd-0000950170-25-087926,hybrid,True,both,0.6666666666666666,0.4018,0.3333,5,0.6666666666666666,0.3836,0.25,6,0.6666666666666666,0.3827,0.3333,8,0.6666666666666666,0.4373,0.5,9,0.6666666666666666,0.4525,0.5,9,0.6666666666666666,0.4525,0.5,9,0.6666666666666666,0.4525,0.5,11,0.6666666666666666,0.4193,0.5,15
xbrl-orcl-2025-revenue-from-contract-with-customer-excluding-assessed-tax-usd-0000950170-25-087926,bm25,True,tables,0.0,0.0,0.0,0,0.0,0.0,0.0,0,0.0,0.0,0.0,0,0.0,0.0,0.0,0,0.0,0.0,0.0,0,0.0,0.0,0.0,0,0.0,0.0,0.0,0,0.0,0.0,0.0,4
xbrl-orcl-2025-revenue-from-contract-with-customer-excluding-assessed-tax-usd-0000950170-25-087926,hybrid,True,tables,0.0,0.0,0.0,0,0.0,0.0,0.0,1,0.0,0.0,0.0,5,0.0,0.0,0.0,7,0.0,0.0,0.0,8,0.0,0.0,0.0,8,0.0,0.0,0.0,9,0.0,0.0,0.0,10
xbrl-orcl-2025-share-based-payment-arrangement-noncash-expense-usd-0000950170-25-087926,bm25,True,tables,0.0,0.0,0.0,1,0.0,0.0,0.0,2,0.0,0.0,0.0,4,0.0,0.0,0.0,4,0.0,0.0,0.0,4,0.0,0.0,0.0,4,0.0,0.0,0.0,5,0.3333333333333333,0.1357,0.1,12
xbrl-orcl-2025-share-based-payment-arrangement-noncash-expense-usd-0000950170-25-087926,hybrid,True,tables,0.0,0.0,0.0,0,0.0,0.0,0.0,4,0.0,0.0,0.0,8,0.0,0.0,0.0,10,0.0,0.0,0.0,11,0.0,0.0,0.0,11,0.0,0.0,0.0,13,0.0,0.0,0.0,16
xbrl-orcl-2025-operating-lease-right-of-use-asset-usd-0000950170-25-087926,bm25,True,tables,1.0,0.2626,0.0769,2,1.0,0.2891,0.1,3,1.0,0.301,0.1111,3,1.0,0.301,0.1111,3,1.0,0.301,0.1111,3,1.0,0.3562,0.1667,3,1.0,0.3562,0.1667,5,1.0,0.6309,0.5,10
xbrl-orcl-2025-operating-lease-right-of-use-asset-usd-0000950170-25-087926,hybrid,True,tables,1.0,0.3333,0.1429,4,1.0,0.4307,0.25,7,1.0,0.6309,0.5,8,1.0,0.6309,0.5,9,1.0,0.6309,0.5,9,1.0,0.6309,0.5,9,1.0,0.6309,0.5,11,1.0,0.6309,0.5,16
xbrl-orcl-2025-amortization-of-intangible-assets-usd-0000950170-25-087926,bm25,True,tables,0.0,0.0,0.0,6,0.0,0.0,0.0,6,0.0,0.0,0.0,6,0.0,0.0,0.0,7,0.3333333333333333,0.1173,0.0667,9,1.0,0.3522,0.0714,11,1.0,0.3702,0.0833,11,1.0,0.4078,0.1111,13
xbrl-orcl-2025-amortization-of-intangible-assets-usd-0000950170-25-087926,hybrid,True,tables,0.6666666666666666,0.2469,0.0833,8,0.6666666666666666,0.251,0.0909,10,0.6666666666666666,0.2722,0.1111,11,1.0,0.4178,0.1429,14,1.0,0.4385,0.1667,14,1.0,0.4504,0.1667,15,1.0,0.442,0.1667,16,1.0,0.4648,0.2,16
xbrl-orcl-2025-unrecorded-unconditional-purchase-obligation-to-be-paid-year-five-usd-0000950170-25-087926,bm25,True,tables,0.0,0.0,0.0,0,0.0,0.0,0.0,0,0.0,0.0,0.0,0,0.0,0.0,0.0,0,0.0,0.0,0.0,0,0.0,0.0,0.0,1,0.0,0.0,0.0,5,0.0,0.0,0.0,11
xbrl-orcl-2025-unrecorded-unconditional-purchase-obligation-to-be-paid-year-five-usd-0000950170-25-087926,hybrid,True,tables,0.0,0.0,0.0,1,0.0,0.0,0.0,1,0.0,0.0,0.0,6,0.0,0.0,0.0,7,0.0,0.0,0.0,8,0.0,0.0,0.0,8,0.0,0.0,0.0,10,0.0,0.0,0.0,15
xbrl-orcl-2025-unrecognized-tax-benefits-that-would-impact-effective-tax-rate-usd-0000950170-25-087926,bm25,True,tables,0.0,0.0,0.0,2,0.0,0.0,0.0,2,0.0,0.0,0.0,3,0.0,0.0,0.0,3,0.0,0.0,0.0,3,0.0,0.0,0.0,4,0.0,0.0,0.0,5,0.0,0.0,0.0,6
xbrl-orcl-2025-unrecognized-tax-benefits-that-would-impact-effective-tax-rate-usd-0000950170-25-087926,hybrid,True,tables,0.0,0.0,0.0,1,0.0,0.0,0.0,4,0.0,0.0,0.0,5,0.0,0.0,0.0,8,0.0,0.0,0.0,11,0.0,0.0,0.0,11,0.0,0.0,0.0,11,1.0,0.256,0.0714,14
xbrl-orcl-2025-debt-instrument-face-amount-usd-0000950170-25-087926,bm25,True,tables,0.0,0.0,0.0,0,0.0,0.0,0.0,0,0.0,0.0,0.0,0,0.0,0.0,0.0,0,0.0,0.0,0.0,0,0.0,0.0,0.0,0,0.0,0.0,0.0,3,0.0,0.0,0.0,6
xbrl-orcl-2025-debt-instrument-face-amount-usd-0000950170-25-087926,hybrid,True,tables,0.0,0.0,0.0,1,1.0,0.25,0.0667,7,1.0,0.256,0.0714,8,1.0,0.256,0.0714,8,1.0,0.256,0.0714,8,1.0,0.256,0.0714,8,1.0,0.256,0.0714,8,0.0,0.0,0.0,16
xbrl-orcl-2025-deferred-tax-assets-net-usd-0000950170-25-087926,bm25,True,tables,1.0,0.3841,0.1667,3,1.0,0.4082,0.2,3,1.0,0.4413,0.25,4,1.0,0.4911,0.3333,4,1.0,0.5803,0.5,5,1.0,0.8066,1.0,5,1.0,0.8772,1.0,7,1.0,0.9197,1.0,11
xbrl-orcl-2025-deferred-tax-assets-net-usd-0000950170-25-087926,hybrid,True,tables,1.0,0.4556,0.2,5,1.0,0.5706,0.3333,7,1.0,0.6241,0.5,9,1.0,0.9197,1.0,11,1.0,1.0,1.0,11,1.0,0.9197,1.0,12,1.0,0.9197,1.0,16,1.0,1.0,1.0,16
xbrl-orcl-2025-long-term-debt-maturity-year-one-usd-0000950170-25-087926,bm25,True,tables,0.0,0.0,0.0,2,0.0,0.0,0.0,3,0.0,0.0,0.0,3,0.0,0.0,0.0,4,0.0,0.0,0.0,4,0.0,0.0,0.0,5,0.0,0.0,0.0,6,0.0,0.0,0.0,9
xbrl-orcl-2025-long-term-debt-maturity-year-one-usd-0000950170-25-087926,hybrid,True,tables,0.0,0.0,0.0,6,0.0,0.0,0.0,10,0.0,0.0,0.0,10,0.0,0.0,0.0,11,0.0,0.0,0.0,11,0.0,0.0,0.0,12,0.0,0.0,0.0,15,0.0,0.0,0.0,16
xbrl-orcl-2025-deferred-income-tax-liabilities-net-usd-0000950170-25-087926,bm25,True,tables,1.0,0.3333,0.1429,1,1.0,0.3562,0.1667,2,1.0,0.4307,0.25,3,1.0,0.5,0.3333,4,1.0,0.5,0.3333,4,1.0,0.5,0.3333,5,1.0,1.0,1.0,8,1.0,1.0,1.0,11
xbrl-orcl-2025-deferred-income-tax-liabilities-net-usd-0000950170-25-087926,hybrid,True,tables,1.0,0.3869,0.2,3,1.0,0.5,0.3333,7,1.0,1.0,1.0,9,1.0,1.0,1.0,12,1.0,1.0,1.0,13,1.0,1.0,1.0,14,1.0,1.0,1.0,16,1.0,1.0,1.0,16
xbrl-orcl-2025-long-term-debt-maturity-year-four-usd-0000950170-25-087926,bm25,True,both,0.0,0.0,0.0,2,0.0,0.0,0.0,2,0.0,0.0,0.0,3,0.0,0.0,0.0,4,0.0,0.0,0.0,4,0.0,0.0,0.0,5,0.0,0.0,0.0,6,0.0,0.0,0.0,9
xbrl-orcl-2025-long-term-debt-maturity-year-four-usd-0000950170-25-087926,hybrid,True,both,0.3333333333333333,0.148,0.125,3,0.0,0.0,0.0,9,0.0,0.0,0.0,11,0.0,0.0,0.0,11,0.0,0.0,0.0,12,0.0,0.0,0.0,12,0.0,0.0,0.0,13,0.0,0.0,0.0,16
xbrl-orcl-2025-operating-lease-payments-usd-0000950170-25-087926,bm25,True,tables,1.0,0.3869,0.2,5,1.0,0.4307,0.25,5,1.0,0.4307,0.25,5,1.0,0.4307,0.25,5,1.0,0.4307,0.25,5,1.0,0.4307,0.25,5,1.0,0.6309,0.5,6,1.0,1.0,1.0,9
xbrl-orcl-2025-operating-lease-payments-usd-0000950170-25-087926,hybrid,True,tables,1.0,1.0,1.0,6,1.0,1.0,1.0,9,1.0,1.0,1.0,10,1.0,1.0,1.0,11,1.0,1.0,1.0,12,1.0,1.0,1.0,12,1.0,1.0,1.0,13,1.0,1.0,1.0,16
xbrl-orcl-2025-investment-income-interest-usd-0000950170-25-087926,bm25,True,both,0.3333333333333333,0.2021,0.25,1,0.3333333333333333,0.2021,0.25,1,0.3333333333333333,0.2021,0.25,2,0.3333333333333333,0.2021,0.25,2,0.3333333333333333,0.2021,0.25,2,0.3333333333333333,0.1815,0.2,2,0.6666666666666666,0.2873,0.1667,7,0.6666666666666666,0.2713,0.125,10
xbrl-orcl-2025-investment-income-interest-usd-0000950170-25-087926,hybrid,True,both,0.6666666666666666,0.4193,0.5,5,1.0,0.4733,0.25,8,1.0,0.4376,0.2,9,1.0,0.4582,0.25,9,1.0,0.4526,0.25,10,1.0,0.4478,0.25,10,0.6666666666666666,0.3194,0.25,12,0.6666666666666666,0.3378,0.25,14
xbrl-orcl-2025-stockholders-equity-attributable-to-parent-usd-0000950170-25-087926,bm25,True,tables,0.0,0.0,0.0,3,0.0,0.0,0.0,5,0.0,0.0,0.0,5,0.0,0.0,0.0,5,0.0,0.0,0.0,5,0.0,0.0,0.0,6,0.0,0.0,0.0,14,0.0,0.0,0.0,15
xbrl-orcl-2025-stockholders-equity-attributable-to-parent-usd-0000950170-25-087926,hybrid,True,tables,0.0,0.0,0.0,4,0.0,0.0,0.0,10,0.0,0.0,0.0,14,0.0,0.0,0.0,16,0.0,0.0,0.0,16,0.0,0.0,0.0,16,0.0,0.0,0.0,16,0.0,0.0,0.0,16
xbrl-orcl-2025-prepaid-expense-and-other-assets-current-usd-0000950170-25-087926,bm25,True,tables,0.5,0.6131,1.0,1,0.5,0.6131,1.0,2,0.5,0.6131,1.0,2,0.5,0.6131,1.0,2,0.5,0.6131,1.0,3,0.5,0.6131,1.0,3,0.5,0.6131,1.0,5,0.5,0.6131,1.0,11
xbrl-orcl-2025-prepaid-expense-and-other-assets-current-usd-0000950170-25-087926,hybrid,True,tables,0.5,0.6131,1.0,3,0.5,0.6131,1.0,5,0.5,0.6131,1.0,8,0.5,0.6131,1.0,9,0.5,0.6131,1.0,9,0.5,0.6131,1.0,9,0.5,0.6131,1.0,10,0.5,0.6131,1.0,16
xbrl-orcl-2025-land-usd-0000950170-25-087926,bm25,True,tables,1.0,0.3869,0.2,1,1.0,0.3869,0.2,1,1.0,0.5,0.3333,1,1.0,0.5,0.3333,1,1.0,1.0,1.0,1,1.0,1.0,1.0,1,1.0,1.0,1.0,3,1.0,1.0,1.0,9
xbrl-orcl-2025-land-usd-0000950170-25-087926,hybrid,True,tables,1.0,0.6309,0.5,5,1.0,1.0,1.0,9,1.0,1.0,1.0,10,1.0,0.6309,0.5,10,1.0,1.0,1.0,10,1.0,1.0,1.0,10,1.0,0.6309,0.5,11,1.0,0.5,0.3333,15
xbrl-orcl-2025-contract-with-customer-liability-current-usd-0000950170-25-087926,bm25,True,tables,0.0,0.0,0.0,0,0.0,0.0,0.0,0,0.0,0.0,0.0,0,0.0,0.0,0.0,0,0.0,0.0,0.0,0,0.0,0.0,0.0,0,0.0,0.0,0.0,1,0.0,0.0,0.0,2
xbrl-orcl-2025-contract-with-customer-liability-current-usd-0000950170-25-087926,hybrid,True,tables,0.0,0.0,0.0,0,0.5,0.15,0.0625,4,0.5,0.1846,0.1111,7,0.5,0.1934,0.125,8,0.5,0.1934,0.125,8,0.5,0.1934,0.125,8,0.5,0.1772,0.1,9,0.5,0.3869,0.5,12
xbrl-orcl-2025-right-of-use-asset-obtained-in-exchange-for-finance-lease-liability-usd-0000950170-25-087926,bm25,True,tables,0.0,0.0,0.0,2,0.0,0.0,0.0,2,0.0,0.0,0.0,2,0.0,0.0,0.0,2,0.0,0.0,0.0,3,0.0,0.0,0.0,3,0.0,0.0,0.0,7,0.0,0.0,0.0,11
xbrl-orcl-2025-right-of-use-asset-obtained-in-exchange-for-finance-lease-liability-usd-0000950170-25-087926,hybrid,True,tables,0.0,0.0,0.0,3,0.0,0.0,0.0,4,0.0,0.0,0.0,6,0.0,0.0,0.0,9,0.0,0.0,0.0,9,0.0,0.0,0.0,10,0.0,0.0,0.0,11,0.0,0.0,0.0,13
xbrl-panw-2021-financing-receivable-allowance-for-credit-loss-current-usd-0001327567-21-000029,bm25,True,prose,0.0,0.0,0.0,2,0.0,0.0,0.0,2,0.0,0.0,0.0,2,0.0,0.0,0.0,3,0.0,0.0,0.0,3,0.0,0.0,0.0,3,0.0,0.0,0.0,4,0.0,0.0,0.0,9
xbrl-panw-2021-financing-receivable-allowance-for-credit-loss-current-usd-0001327567-21-000029,hybrid,True,prose,0.0,0.0,0.0,5,0.0,0.0,0.0,8,0.0,0.0,0.0,10,0.0,0.0,0.0,10,0.0,0.0,0.0,10,0.0,0.0,0.0,10,0.0,0.0,0.0,10,0.0,0.0,0.0,11
xbrl-panw-2021-debt-instrument-convertible-carrying-amount-of-equity-component-usd-0001327567-21-000029,bm25,True,tables,1.0,0.3562,0.1667,2,1.0,0.3562,0.1667,3,1.0,0.3562,0.1667,3,1.0,0.3562,0.1667,3,1.0,0.3562,0.1667,4,1.0,0.3562,0.1667,4,1.0,0.3869,0.2,7,1.0,0.6309,0.5,10
xbrl-panw-2021-debt-instrument-convertible-carrying-amount-of-equity-component-usd-0001327567-21-000029,hybrid,True,tables,1.0,0.3333,0.1429,4,1.0,0.4307,0.25,5,1.0,0.5,0.3333,8,1.0,0.6309,0.5,10,1.0,0.5,0.3333,11,1.0,0.5,0.3333,11,1.0,0.5,0.3333,12,1.0,0.5,0.3333,16
xbrl-panw-2021-share-based-payment-arrangement-shares-withheld-for-tax-withholding-obligation-shares-0001327567-21-000029,bm25,True,prose,0.0,0.0,0.0,1,0.0,0.0,0.0,2,0.0,0.0,0.0,2,0.0,0.0,0.0,2,0.0,0.0,0.0,3,0.0,0.0,0.0,3,0.0,0.0,0.0,5,0.0,0.0,0.0,9
xbrl-panw-2021-share-based-payment-arrangement-shares-withheld-for-tax-withholding-obligation-shares-0001327567-21-000029,hybrid,True,prose,0.0,0.0,0.0,2,0.0,0.0,0.0,6,0.0,0.0,0.0,8,0.0,0.0,0.0,8,0.0,0.0,0.0,10,0.0,0.0,0.0,11,0.0,0.0,0.0,12,0.0,0.0,0.0,15
xbrl-panw-2021-income-loss-from-continuing-operations-before-income-taxes-noncontrolling-interest-usd-0001327567-21-000029,bm25,True,both,1.0,0.5833,0.3333,4,1.0,0.5833,0.3333,6,1.0,0.6448,0.5,7,1.0,0.6448,0.5,7,1.0,0.634,0.5,8,1.0,0.6257,0.5,8,1.0,0.6005,0.5,10,0.6666666666666666,0.4162,0.5,13
xbrl-panw-2021-income-loss-from-continuing-operations-before-income-taxes-noncontrolling-interest-usd-0001327567-21-000029,hybrid,True,both,1.0,0.5683,0.5,6,1.0,0.7194,1.0,10,1.0,0.7194,1.0,10,1.0,0.7194,1.0,11,1.0,0.7162,1.0,11,1.0,0.7134,1.0,12,0.6666666666666666,0.5841,1.0,13,0.3333333333333333,0.4693,1.0,15
xbrl-panw-2021-deferred-federal-income-tax-expense-benefit-usd-0001327567-21-000029,bm25,True,prose,0.0,0.0,0.0,2,0.0,0.0,0.0,4,0.0,0.0,0.0,4,0.0,0.0,0.0,4,0.0,0.0,0.0,4,0.0,0.0,0.0,4,0.0,0.0,0.0,7,0.0,0.0,0.0,9
xbrl-panw-2021-deferred-federal-income-tax-expense-benefit-usd-0001327567-21-000029,hybrid,True,prose,0.0,0.0,0.0,5,0.0,0.0,0.0,6,0.0,0.0,0.0,8,0.0,0.0,0.0,8,0.0,0.0,0.0,8,0.0,0.0,0.0,10,0.0,0.0,0.0,11,0.0,0.0,0.0,13
xbrl-panw-2021-payments-of-debt-issuance-costs-usd-0001327567-21-000029,bm25,True,prose,0.0,0.0,0.0,3,0.0,0.0,0.0,3,0.0,0.0,0.0,4,0.0,0.0,0.0,4,0.0,0.0,0.0,4,0.0,0.0,0.0,5,0.0,0.0,0.0,9,0.0,0.0,0.0,13
xbrl-panw-2021-payments-of-debt-issuance-costs-usd-0001327567-21-000029,hybrid,True,prose,0.0,0.0,0.0,5,0.0,0.0,0.0,9,0.0,0.0,0.0,10,0.0,0.0,0.0,10,0.0,0.0,0.0,10,0.0,0.0,0.0,11,0.0,0.0,0.0,12,0.0,0.0,0.0,16
xbrl-panw-2021-share-based-payment-arrangement-nonvested-award-cost-not-yet-recognized-amount-usd-0001327567-21-000029,bm25,True,both,0.0,0.0,0.0,0,0.0,0.0,0.0,0,0.0,0.0,0.0,0,0.0,0.0,0.0,0,0.0,0.0,0.0,0,0.0,0.0,0.0,0,0.0,0.0,0.0,2,0.0,0.0,0.0,9
xbrl-panw-2021-share-based-payment-arrangement-nonvested-award-cost-not-yet-recognized-amount-usd-0001327567-21-000029,hybrid,True,both,0.0,0.0,0.0,2,0.0,0.0,0.0,6,0.0,0.0,0.0,8,0.0,0.0,0.0,8,0.0,0.0,0.0,8,0.0,0.0,0.0,8,0.0,0.0,0.0,9,0.0,0.0,0.0,13
xbrl-panw-2021-long-term-debt-gross-usd-0001327567-21-000029,bm25,True,tables,0.0,0.0,0.0,2,0.0,0.0,0.0,2,0.0,0.0,0.0,3,0.0,0.0,0.0,3,0.0,0.0,0.0,3,0.0,0.0,0.0,4,0.0,0.0,0.0,6,0.0,0.0,0.0,10
xbrl-panw-2021-long-term-debt-gross-usd-0001327567-21-000029,hybrid,True,tables,1.0,0.2626,0.0769,8,1.0,0.2891,0.1,9,1.0,0.2789,0.0909,10,1.0,0.2702,0.0833,11,1.0,0.2702,0.0833,11,1.0,0.2626,0.0769,11,1.0,0.25,0.0667,13,1.0,0.3155,0.125,14
xbrl-panw-2021-net-cash-provided-by-used-in-financing-activities-usd-0001327567-21-000029,bm25,True,tables,1.0,0.7328,0.5,5,1.0,0.7328,0.5,6,1.0,0.7328,0.5,6,1.0,0.906,1.0,7,1.0,0.9675,1.0,7,1.0,0.9675,1.0,8,1.0,1.0,1.0,11,1.0,1.0,1.0,12
xbrl-panw-2021-net-cash-provided-by-used-in-financing-activities-usd-0001327567-21-000029,hybrid,True,tables,1.0,1.0,1.0,12,1.0,1.0,1.0,12,1.0,1.0,1.0,12,1.0,1.0,1.0,12,1.0,1.0,1.0,13,1.0,1.0,1.0,13,1.0,1.0,1.0,14,1.0,1.0,1.0,15
xbrl-panw-2021-shares-issued-value-share-based-payment-arrangement-after-forfeiture-usd-0001327567-21-000029,bm25,True,both,0.0,0.0,0.0,0,0.0,0.0,0.0,0,0.0,0.0,0.0,0,0.0,0.0,0.0,1,0.0,0.0,0.0,2,0.0,0.0,0.0,2,0.0,0.0,0.0,5,0.0,0.0,0.0,7
xbrl-panw-2021-shares-issued-value-share-based-payment-arrangement-after-forfeiture-usd-0001327567-21-000029,hybrid,True,both,0.0,0.0,0.0,1,0.0,0.0,0.0,6,0.0,0.0,0.0,9,0.0,0.0,0.0,10,0.0,0.0,0.0,10,0.0,0.0,0.0,12,0.0,0.0,0.0,14,0.0,0.0,0.0,16
xbrl-panw-2021-revenue-remaining-performance-obligation-amount-usd-0001327567-21-000029,bm25,True,prose,0.0,0.0,0.0,2,0.0,0.0,0.0,2,0.0,0.0,0.0,2,0.0,0.0,0.0,2,0.0,0.0,0.0,3,0.0,0.0,0.0,3,0.0,0.0,0.0,4,0.0,0.0,0.0,11
xbrl-panw-2021-revenue-remaining-performance-obligation-amount-usd-0001327567-21-000029,hybrid,True,prose,0.0,0.0,0.0,9,0.0,0.0,0.0,10,0.0,0.0,0.0,10,0.0,0.0,0.0,10,0.0,0.0,0.0,10,0.0,0.0,0.0,10,0.0,0.0,0.0,12,0.0,0.0,0.0,14
xbrl-panw-2021-debt-instrument-unamortized-discount-premium-and-debt-issuance-costs-net-usd-0001327567-21-000029,bm25,True,both,1.0,0.6797,0.5,4,1.0,0.6797,0.5,4,1.0,0.6797,0.5,4,1.0,0.6653,0.5,4,1.0,0.6653,0.5,4,1.0,0.634,0.5,5,1.0,0.634,0.5,6,1.0,0.6113,0.5,10
xbrl-panw-2021-debt-instrument-unamortized-discount-premium-and-debt-issuance-costs-net-usd-0001327567-21-000029,hybrid,True,both,1.0,0.6257,0.5,4,1.0,0.5941,0.5,9,1.0,0.5683,0.5,11,1.0,0.5683,0.5,11,1.0,0.5586,0.5,12,1.0,0.5518,0.5,12,1.0,0.5341,0.5,13,0.6666666666666666,0.4109,0.5,15
xbrl-panw-2021-deferred-state-and-local-income-tax-expense-benefit-usd-0001327567-21-000029,bm25,True,prose,0.0,0.0,0.0,0,0.0,0.0,0.0,0,0.0,0.0,0.0,0,0.0,0.0,0.0,1,0.0,0.0,0.0,1,0.0,0.0,0.0,1,0.0,0.0,0.0,5,0.0,0.0,0.0,10
xbrl-panw-2021-deferred-state-and-local-income-tax-expense-benefit-usd-0001327567-21-000029,hybrid,True,prose,0.0,0.0,0.0,3,0.0,0.0,0.0,6,0.0,0.0,0.0,8,0.0,0.0,0.0,8,0.0,0.0,0.0,8,0.0,0.0,0.0,9,0.0,0.0,0.0,11,0.0,0.0,0.0,14
xbrl-panw-2021-accumulated-depreciation-depletion-and-amortization-property-plant-and-equipment-usd-0001327567-21-000029,bm25,True,both,1.0,1.0,1.0,5,1.0,1.0,1.0,7,1.0,1.0,1.0,7,1.0,1.0,1.0,7,1.0,1.0,1.0,7,1.0,1.0,1.0,8,1.0,1.0,1.0,13,1.0,0.8316,1.0,15
xbrl-panw-2021-accumulated-depreciation-depletion-and-amortization-property-plant-and-equipment-usd-0001327567-21-000029,hybrid,True,both,1.0,1.0,1.0,6,1.0,1.0,1.0,11,1.0,1.0,1.0,11,1.0,0.7842,1.0,12,1.0,0.7788,1.0,12,1.0,0.7788,1.0,13,1.0,0.7742,1.0,15,1.0,0.7701,1.0,15
xbrl-panw-2021-preferred-stock-shares-authorized-shares-0001327567-21-000029,bm25,True,prose,0.3333333333333333,0.1413,0.1111,2,0.3333333333333333,0.1413,0.1111,2,0.3333333333333333,0.1413,0.1111,2,0.3333333333333333,0.1413,0.1111,2,0.3333333333333333,0.1413,0.1111,2,0.3333333333333333,0.1413,0.1111,2,0.3333333333333333,0.1413,0.1111,2,0.3333333333333333,0.1201,0.0714,8
xbrl-panw-2021-preferred-stock-shares-authorized-shares-0001327567-21-000029,hybrid,True,prose,0.3333333333333333,0.1672,0.1667,2,0.3333333333333333,0.1564,0.1429,8,0.0,0.0,0.0,10,0.0,0.0,0.0,11,0.0,0.0,0.0,11,0.0,0.0,0.0,11,0.0,0.0,0.0,11,0.0,0.0,0.0,12
xbrl-panw-2021-common-stock-shares-authorized-shares-0001327567-21-000029,bm25,True,prose,0.0,0.0,0.0,2,0.0,0.0,0.0,2,0.0,0.0,0.0,2,0.0,0.0,0.0,2,0.0,0.0,0.0,3,0.0,0.0,0.0,4,0.0,0.0,0.0,8,0.0,0.0,0.0,11
xbrl-panw-2021-common-stock-shares-authorized-shares-0001327567-21-000029,hybrid,True,prose,0.0,0.0,0.0,4,0.0,0.0,0.0,9,0.0,0.0,0.0,10,0.0,0.0,0.0,11,0.0,0.0,0.0,11,0.0,0.0,0.0,11,0.0,0.0,0.0,12,0.0,0.0,0.0,16
xbrl-panw-2021-finite-lived-intangible-assets-gross-usd-0001327567-21-000029,bm25,True,tables,0.0,0.0,0.0,0,0.0,0.0,0.0,1,1.0,0.2702,0.0833,3,1.0,0.3155,0.125,5,1.0,0.3562,0.1667,6,1.0,0.3869,0.2,6,1.0,0.4307,0.25,7,1.0,0.6309,0.5,14
xbrl-panw-2021-finite-lived-intangible-assets-gross-usd-0001327567-21-000029,hybrid,True,tables,0.0,0.0,0.0,3,0.0,0.0,0.0,9,1.0,0.25,0.0667,15,1.0,0.2789,0.0909,16,1.0,0.2789,0.0909,16,1.0,0.2789,0.0909,16,1.0,0.2789,0.0909,16,1.0,0.25,0.0667,16
xbrl-panw-2021-payments-to-acquire-productive-assets-usd-0001327567-21-000029,bm25,True,tables,0.0,0.0,0.0,1,0.0,0.0,0.0,1,0.0,0.0,0.0,1,0.0,0.0,0.0,1,0.0,0.0,0.0,1,0.0,0.0,0.0,1,0.0,0.0,0.0,6,0.0,0.0,0.0,7
xbrl-panw-2021-payments-to-acquire-productive-assets-usd-0001327567-21-000029,hybrid,True,tables,0.0,0.0,0.0,2,0.0,0.0,0.0,7,0.0,0.0,0.0,9,0.0,0.0,0.0,9,0.0,0.0,0.0,9,0.0,0.0,0.0,9,0.0,0.0,0.0,12,0.0,0.0,0.0,14
xbrl-panw-2021-net-cash-provided-by-used-in-operating-activities-usd-0001327567-21-000029,bm25,True,tables,0.6666666666666666,0.5307,0.5,6,0.6666666666666666,0.5307,0.5,7,1.0,0.6455,0.5,9,1.0,0.824,1.0,9,1.0,0.8855,1.0,9,1.0,0.8886,1.0,9,1.0,0.8963,1.0,10,1.0,0.901,1.0,12
xbrl-panw-2021-net-cash-provided-by-used-in-operating-activities-usd-0001327567-21-000029,hybrid,True,tables,0.6666666666666666,0.7039,1.0,10,0.6666666666666666,0.7654,1.0,11,0.6666666666666666,0.7654,1.0,11,0.6666666666666666,0.7654,1.0,12,0.6666666666666666,0.7654,1.0,12,0.6666666666666666,0.7654,1.0,12,0.6666666666666666,0.7654,1.0,14,0.6666666666666666,0.7654,1.0,15
xbrl-panw-2021-capitalized-contract-cost-amortization-usd-0001327567-21-000029,bm25,True,tables,0.5,0.3066,0.3333,2,0.5,0.3066,0.3333,2,0.5,0.3066,0.3333,2,0.5,0.3066,0.3333,2,0.5,0.3066,0.3333,3,0.5,0.3066,0.3333,4,0.5,0.3869,0.5,7,0.5,0.6131,1.0,13
xbrl-panw-2021-capitalized-contract-cost-amortization-usd-0001327567-21-000029,hybrid,True,tables,0.5,0.3869,0.5,6,0.5,0.3869,0.5,8,0.5,0.3869,0.5,9,0.5,0.6131,1.0,11,0.5,0.6131,1.0,12,0.5,0.6131,1.0,13,0.5,0.6131,1.0,13,0.5,0.6131,1.0,16
xbrl-panw-2022-increase-decrease-in-accounts-receivable-usd-0001327567-22-000028,bm25,True,both,0.5,0.2184,0.1667,1,0.5,0.2184,0.1667,1,0.5,0.2184,0.1667,2,1.0,0.3717,0.1667,3,1.0,0.3795,0.1667,4,1.0,0.3894,0.1667,4,1.0,0.378,0.125,4,1.0,0.4838,0.3333,5
xbrl-panw-2022-increase-decrease-in-accounts-receivable-usd-0001327567-22-000028,hybrid,True,both,0.5,0.2184,0.1667,6,1.0,0.3982,0.2,9,1.0,0.4635,0.3333,10,1.0,0.4635,0.3333,10,1.0,0.4635,0.3333,10,1.0,0.421,0.25,10,0.5,0.2641,0.25,11,0.5,0.2641,0.25,12
xbrl-panw-2022-preferred-stock-shares-authorized-shares-0001327567-22-000028,bm25,True,prose,0.3333333333333333,0.1309,0.0909,2,0.3333333333333333,0.1309,0.0909,2,0.3333333333333333,0.1309,0.0909,2,0.3333333333333333,0.1309,0.0909,2,0.3333333333333333,0.1309,0.0909,2,0.3333333333333333,0.1309,0.0909,2,0.3333333333333333,0.1309,0.0909,3,0.3333333333333333,0.1173,0.0667,7
xbrl-panw-2022-preferred-stock-shares-authorized-shares-0001327567-22-000028,hybrid,True,prose,0.3333333333333333,0.1564,0.1429,4,0.3333333333333333,0.1815,0.2,9,0.0,0.0,0.0,10,0.0,0.0,0.0,11,0.0,0.0,0.0,11,0.0,0.0,0.0,11,0.0,0.0,0.0,11,0.0,0.0,0.0,14
xbrl-panw-2022-treasury-stock-value-acquired-cost-method-usd-0001327567-22-000028,bm25,True,both,0.0,0.0,0.0,0,0.0,0.0,0.0,1,0.0,0.0,0.0,1,0.0,0.0,0.0,1,0.0,0.0,0.0,1,0.0,0.0,0.0,2,0.0,0.0,0.0,4,0.0,0.0,0.0,5
xbrl-panw-2022-treasury-stock-value-acquired-cost-method-usd-0001327567-22-000028,hybrid,True,both,0.0,0.0,0.0,7,0.0,0.0,0.0,9,0.0,0.0,0.0,9,0.0,0.0,0.0,9,0.0,0.0,0.0,9,0.0,0.0,0.0,9,0.0,0.0,0.0,11,0.0,0.0,0.0,14
xbrl-panw-2022-oci-debt-securities-available-for-sale-gain-loss-after-adjustment-and-tax-usd-0001327567-22-000028,bm25,True,prose,0.0,0.0,0.0,3,0.0,0.0,0.0,3,0.0,0.0,0.0,4,0.0,0.0,0.0,4,0.0,0.0,0.0,5,0.0,0.0,0.0,5,0.0,0.0,0.0,7,0.0,0.0,0.0,12
xbrl-panw-2022-oci-debt-securities-available-for-sale-gain-loss-after-adjustment-and-tax-usd-0001327567-22-000028,hybrid,True,prose,0.0,0.0,0.0,4,0.0,0.0,0.0,9,0.0,0.0,0.0,10,0.0,0.0,0.0,11,0.0,0.0,0.0,12,0.0,0.0,0.0,12,0.0,0.0,0.0,13,0.0,0.0,0.0,16
xbrl-panw-2022-debt-securities-available-for-sale-maturity-allocated-and-single-maturity-date-rolling-within-one-year-fair-value-usd-0001327567-22-000028,bm25,True,tables,0.0,0.0,0.0,2,0.0,0.0,0.0,3,0.0,0.0,0.0,3,0.0,0.0,0.0,3,0.0,0.0,0.0,3,0.0,0.0,0.0,3,1.0,0.3333,0.1429,5,1.0,0.3562,0.1667,6
xbrl-panw-2022-debt-securities-available-for-sale-maturity-allocated-and-single-maturity-date-rolling-within-one-year-fair-value-usd-0001327567-22-000028,hybrid,True,tables,1.0,0.3333,0.1429,5,1.0,0.4307,0.25,10,1.0,0.4307,0.25,11,1.0,0.5,0.3333,11,1.0,0.5,0.3333,11,1.0,0.5,0.3333,11,1.0,1.0,1.0,12,1.0,1.0,1.0,15
xbrl-panw-2022-general-and-administrative-expense-usd-0001327567-22-000028,bm25,True,tables,0.6666666666666666,0.2434,0.0769,5,0.6666666666666666,0.2666,0.1,5,0.6666666666666666,0.2769,0.1111,5,0.6666666666666666,0.2769,0.1111,5,0.6666666666666666,0.2893,0.125,5,0.6666666666666666,0.2893,0.125,5,0.6666666666666666,0.3236,0.1667,6,0.6666666666666666,0.3487,0.2,11
xbrl-panw-2022-general-and-administrative-expense-usd-0001327567-22-000028,hybrid,True,tables,0.3333333333333333,0.2021,0.25,8,0.3333333333333333,0.2961,0.5,11,0.3333333333333333,0.2961,0.5,11,0.3333333333333333,0.2961,0.5,11,0.6666666666666666,0.4109,0.5,12,0.6666666666666666,0.4109,0.5,12,0.6666666666666666,0.5894,1.0,13,0.6666666666666666,0.5866,1.0,15
xbrl-panw-2022-short-term-investments-usd-0001327567-22-000028,bm25,True,tables,1.0,0.5,0.3333,4,1.0,0.5,0.3333,4,1.0,0.5,0.3333,4,1.0,0.5912,0.5,4,1.0,0.5912,0.5,5,1.0,0.5912,0.5,5,1.0,0.6241,0.5,7,1.0,0.6509,0.5,11
xbrl-panw-2022-short-term-investments-usd-0001327567-22-000028,hybrid,True,tables,1.0,1.0,1.0,9,1.0,1.0,1.0,12,1.0,1.0,1.0,13,1.0,1.0,1.0,13,1.0,1.0,1.0,13,1.0,1.0,1.0,13,1.0,1.0,1.0,15,1.0,1.0,1.0,15
xbrl-panw-2022-common-stock-shares-authorized-shares-0001327567-22-000028,bm25,True,prose,0.3333333333333333,0.1148,0.0625,2,0.3333333333333333,0.1148,0.0625,2,0.3333333333333333,0.1148,0.0625,2,0.0,0.0,0.0,3,0.0,0.0,0.0,3,0.0,0.0,0.0,3,0.0,0.0,0.0,8,0.0,0.0,0.0,11
xbrl-panw-2022-common-stock-shares-authorized-shares-0001327567-22-000028,hybrid,True,prose,0.0,0.0,0.0,7,0.0,0.0,0.0,10,0.0,0.0,0.0,11,0.0,0.0,0.0,12,0.0,0.0,0.0,12,0.0,0.0,0.0,12,0.0,0.0,0.0,13,0.0,0.0,0.0,16
xbrl-panw-2022-accounts-payable-current-usd-0001327567-22-000028,bm25,True,both,0.0,0.0,0.0,3,0.0,0.0,0.0,3,0.0,0.0,0.0,4,0.0,0.0,0.0,4,0.0,0.0,0.0,4,0.0,0.0,0.0,4,0.0,0.0,0.0,4,0.0,0.0,0.0,7
xbrl-panw-2022-accounts-payable-current-usd-0001327567-22-000028,hybrid,True,both,0.0,0.0,0.0,11,0.0,0.0,0.0,11,0.0,0.0,0.0,11,0.0,0.0,0.0,11,0.0,0.0,0.0,11,0.0,0.0,0.0,11,0.0,0.0,0.0,12,0.0,0.0,0.0,12
xbrl-panw-2022-deferred-federal-income-tax-expense-benefit-usd-0001327567-22-000028,bm25,True,prose,0.0,0.0,0.0,2,0.0,0.0,0.0,4,0.0,0.0,0.0,4,0.0,0.0,0.0,4,0.0,0.0,0.0,4,0.0,0.0,0.0,4,0.0,0.0,0.0,7,0.0,0.0,0.0,7
xbrl-panw-2022-deferred-federal-income-tax-expense-benefit-usd-0001327567-22-000028,hybrid,True,prose,0.0,0.0,0.0,6,0.0,0.0,0.0,7,0.0,0.0,0.0,8,0.0,0.0,0.0,8,0.0,0.0,0.0,9,0.0,0.0,0.0,10,0.0,0.0,0.0,11,0.0,0.0,0.0,16
xbrl-panw-2022-stockholders-equity-including-portion-attributable-to-noncontrolling-interest-usd-0001327567-22-000028,bm25,True,both,0.3333333333333333,0.1201,0.0714,1,0.3333333333333333,0.1201,0.0714,1,0.3333333333333333,0.1201,0.0714,1,0.3333333333333333,0.1201,0.0714,1,0.0,0.0,0.0,4,0.0,0.0,0.0,5,0.0,0.0,0.0,7,0.0,0.0,0.0,9
xbrl-panw-2022-stockholders-equity-including-portion-attributable-to-noncontrolling-interest-usd-0001327567-22-000028,hybrid,True,both,0.3333333333333333,0.2021,0.25,6,0.3333333333333333,0.1564,0.1429,7,0.0,0.0,0.0,8,0.0,0.0,0.0,9,0.0,0.0,0.0,9,0.0,0.0,0.0,11,0.3333333333333333,0.1357,0.1,16,0.3333333333333333,0.1413,0.1111,16
xbrl-panw-2022-increase-decrease-in-contract-with-customer-liability-usd-0001327567-22-000028,bm25,True,tables,0.0,0.0,0.0,0,0.0,0.0,0.0,1,0.0,0.0,0.0,1,0.0,0.0,0.0,2,0.0,0.0,0.0,2,0.0,0.0,0.0,2,0.0,0.0,0.0,2,0.0,0.0,0.0,3
xbrl-panw-2022-increase-decrease-in-contract-with-customer-liability-usd-0001327567-22-000028,hybrid,True,tables,0.0,0.0,0.0,1,0.0,0.0,0.0,4,0.0,0.0,0.0,9,0.0,0.0,0.0,9,0.0,0.0,0.0,9,0.0,0.0,0.0,9,0.0,0.0,0.0,10,0.0,0.0,0.0,11
xbrl-panw-2022-net-income-loss-attributable-to-parent-usd-0001327567-22-000028,bm25,True,both,0.3333333333333333,0.1201,0.0714,0,0.3333333333333333,0.1201,0.0714,1,0.3333333333333333,0.1201,0.0714,2,0.3333333333333333,0.1148,0.0625,2,0.3333333333333333,0.1148,0.0625,2,0.3333333333333333,0.1148,0.0625,2,0.0,0.0,0.0,5,0.0,0.0,0.0,10
xbrl-panw-2022-net-income-loss-attributable-to-parent-usd-0001327567-22-000028,hybrid,True,both,0.0,0.0,0.0,10,0.0,0.0,0.0,12,0.0,0.0,0.0,12,0.0,0.0,0.0,12,0.0,0.0,0.0,12,0.0,0.0,0.0,12,0.0,0.0,0.0,14,0.0,0.0,0.0,16
xbrl-panw-2022-stock-repurchased-and-retired-during-period-value-usd-0001327567-22-000028,bm25,True,both,0.0,0.0,0.0,0,0.0,0.0,0.0,0,0.0,0.0,0.0,0,0.0,0.0,0.0,0,0.0,0.0,0.0,0,0.0,0.0,0.0,0,0.0,0.0,0.0,2,0.0,0.0,0.0,7
xbrl-panw-2022-stock-repurchased-and-retired-during-period-value-usd-0001327567-22-000028,hybrid,True,both,0.3333333333333333,0.1148,0.0625,2,0.3333333333333333,0.1268,0.0833,4,0.3333333333333333,0.148,0.125,7,0.3333333333333333,0.148,0.125,8,0.3333333333333333,0.1413,0.1111,9,0.3333333333333333,0.1413,0.1111,9,0.3333333333333333,0.1357,0.1,9,0.3333333333333333,0.2021,0.25,14
xbrl-panw-2022-deferred-state-and-local-income-tax-expense-benefit-usd-0001327567-22-000028,bm25,True,prose,0.0,0.0,0.0,0,0.0,0.0,0.0,1,0.0,0.0,0.0,1,0.0,0.0,0.0,1,0.0,0.0,0.0,1,0.0,0.0,0.0,2,0.0,0.0,0.0,5,0.0,0.0,0.0,8
xbrl-panw-2022-deferred-state-and-local-income-tax-expense-benefit-usd-0001327567-22-000028,hybrid,True,prose,0.0,0.0,0.0,4,0.0,0.0,0.0,6,0.0,0.0,0.0,9,0.0,0.0,0.0,9,0.0,0.0,0.0,9,0.0,0.0,0.0,10,0.0,0.0,0.0,13,0.0,0.0,0.0,16
xbrl-panw-2022-stockholders-equity-attributable-to-parent-usd-0001327567-22-000028,bm25,True,both,0.3333333333333333,0.1357,0.1,1,0.3333333333333333,0.1357,0.1,1,0.3333333333333333,0.1357,0.1,1,0.3333333333333333,0.1357,0.1,4,0.3333333333333333,0.1201,0.0714,5,0.3333333333333333,0.1201,0.0714,5,0.3333333333333333,0.1148,0.0625,7,0.3333333333333333,0.1173,0.0667,13
xbrl-panw-2022-stockholders-equity-attributable-to-parent-usd-0001327567-22-000028,hybrid,True,both,0.3333333333333333,0.2346,0.3333,7,0.3333333333333333,0.1564,0.1429,8,0.0,0.0,0.0,10,0.3333333333333333,0.148,0.125,12,0.3333333333333333,0.1413,0.1111,14,0.3333333333333333,0.1413,0.1111,14,0.3333333333333333,0.1357,0.1,16,0.6666666666666666,0.2482,0.0909,16
xbrl-panw-2022-unrecognized-tax-benefits-usd-0001327567-22-000028,bm25,True,both,0.3333333333333333,0.2346,0.3333,1,0.3333333333333333,0.2346,0.3333,1,0.3333333333333333,0.2346,0.3333,1,0.3333333333333333,0.2346,0.3333,1,0.3333333333333333,0.2346,0.3333,1,0.3333333333333333,0.2346,0.3333,1,0.3333333333333333,0.2346,0.3333,1,0.3333333333333333,0.2346,0.3333,3
xbrl-panw-2022-unrecognized-tax-benefits-usd-0001327567-22-000028,hybrid,True,both,0.3333333333333333,0.2346,0.3333,5,0.3333333333333333,0.2346,0.3333,7,0.3333333333333333,0.2346,0.3333,8,0.3333333333333333,0.1672,0.1667,9,0.3333333333333333,0.1564,0.1429,10,0.3333333333333333,0.1564,0.1429,10,0.3333333333333333,0.148,0.125,10,0.3333333333333333,0.1268,0.0833,12
xbrl-panw-2022-valuation-allowance-deferred-tax-asset-increase-decrease-amount-usd-0001327567-22-000028,bm25,True,both,0.0,0.0,0.0,2,0.0,0.0,0.0,2,0.0,0.0,0.0,3,0.0,0.0,0.0,3,0.0,0.0,0.0,3,0.0,0.0,0.0,3,0.0,0.0,0.0,6,0.0,0.0,0.0,8
xbrl-panw-2022-valuation-allowance-deferred-tax-asset-increase-decrease-amount-usd-0001327567-22-000028,hybrid,True,both,0.0,0.0,0.0,7,0.0,0.0,0.0,10,0.0,0.0,0.0,10,0.0,0.0,0.0,11,0.0,0.0,0.0,11,0.0,0.0,0.0,11,0.0,0.0,0.0,12,0.0,0.0,0.0,14
xbrl-panw-2022-debt-securities-available-for-sale-continuous-unrealized-loss-position-less-than-12-months-usd-0001327567-22-000028,bm25,True,both,0.0,0.0,0.0,4,0.0,0.0,0.0,4,0.0,0.0,0.0,4,0.0,0.0,0.0,4,0.0,0.0,0.0,5,0.0,0.0,0.0,5,0.0,0.0,0.0,6,0.0,0.0,0.0,7
xbrl-panw-2022-debt-securities-available-for-sale-continuous-unrealized-loss-position-less-than-12-months-usd-0001327567-22-000028,hybrid,True,both,0.0,0.0,0.0,5,0.3333333333333333,0.1201,0.0714,8,0.3333333333333333,0.1357,0.1,10,0.3333333333333333,0.1268,0.0833,12,0.3333333333333333,0.1268,0.0833,12,0.3333333333333333,0.1268,0.0833,12,0.3333333333333333,0.1309,0.0909,13,0.3333333333333333,0.1564,0.1429,13
xbrl-panw-2022-increase-decrease-in-prepaid-expense-and-other-assets-usd-0001327567-22-000028,bm25,True,tables,0.0,0.0,0.0,0,0.0,0.0,0.0,0,0.0,0.0,0.0,1,0.0,0.0,0.0,3,0.0,0.0,0.0,4,0.0,0.0,0.0,4,0.0,0.0,0.0,4,0.5,0.2044,0.1429,10
xbrl-panw-2022-increase-decrease-in-prepaid-expense-and-other-assets-usd-0001327567-22-000028,hybrid,True,tables,0.5,0.1569,0.0714,6,0.5,0.2044,0.1429,8,0.5,0.2184,0.1667,8,0.5,0.2184,0.1667,8,0.5,0.2184,0.1667,8,0.5,0.2372,0.2,9,0.5,0.2372,0.2,11,0.5,0.2641,0.25,13
xbrl-panw-2023-deferred-state-and-local-income-tax-expense-benefit-usd-0001327567-23-000024,bm25,True,both,0.0,0.0,0.0,0,0.0,0.0,0.0,0,0.0,0.0,0.0,0,0.0,0.0,0.0,0,0.0,0.0,0.0,0,0.0,0.0,0.0,1,0.0,0.0,0.0,4,0.0,0.0,0.0,9
xbrl-panw-2023-deferred-state-and-local-income-tax-expense-benefit-usd-0001327567-23-000024,hybrid,True,both,0.0,0.0,0.0,2,0.0,0.0,0.0,5,0.0,0.0,0.0,9,0.0,0.0,0.0,9,0.0,0.0,0.0,9,0.0,0.0,0.0,9,0.0,0.0,0.0,10,0.0,0.0,0.0,12
xbrl-panw-2023-share-based-compensation-arrangement-by-share-based-payment-award-number-of-additional-shares-authorized-shares-0001327567-23-000024,bm25,True,prose,1.0,0.4307,0.25,3,1.0,0.4307,0.25,4,1.0,0.4307,0.25,5,1.0,0.4307,0.25,5,1.0,0.3562,0.1667,6,1.0,0.3333,0.1429,7,1.0,0.2789,0.0909,9,0.0,0.0,0.0,14
xbrl-panw-2023-share-based-compensation-arrangement-by-share-based-payment-award-number-of-additional-shares-authorized-shares-0001327567-23-000024,hybrid,True,prose,1.0,0.5,0.3333,3,1.0,0.4307,0.25,9,0.0,0.0,0.0,12,0.0,0.0,0.0,13,0.0,0.0,0.0,13,0.0,0.0,0.0,13,0.0,0.0,0.0,14,0.0,0.0,0.0,16
xbrl-panw-2023-share-based-payment-arrangement-shares-withheld-for-tax-withholding-obligation-shares-0001327567-23-000024,bm25,True,prose,0.0,0.0,0.0,1,0.0,0.0,0.0,1,0.0,0.0,0.0,1,0.0,0.0,0.0,2,0.0,0.0,0.0,2,0.0,0.0,0.0,3,0.0,0.0,0.0,4,0.0,0.0,0.0,8
xbrl-panw-2023-share-based-payment-arrangement-shares-withheld-for-tax-withholding-obligation-shares-0001327567-23-000024,hybrid,True,prose,0.0,0.0,0.0,2,0.0,0.0,0.0,7,0.0,0.0,0.0,9,0.0,0.0,0.0,9,0.0,0.0,0.0,9,0.0,0.0,0.0,9,0.0,0.0,0.0,10,0.0,0.0,0.0,14
xbrl-panw-2023-gross-profit-usd-0001327567-23-000024,bm25,True,tables,1.0,0.8529,1.0,4,1.0,1.0,1.0,4,1.0,1.0,1.0,4,1.0,1.0,1.0,4,1.0,1.0,1.0,4,1.0,1.0,1.0,5,1.0,1.0,1.0,7,1.0,1.0,1.0,10
xbrl-panw-2023-gross-profit-usd-0001327567-23-000024,hybrid,True,tables,1.0,0.8348,1.0,10,1.0,0.9469,1.0,12,1.0,0.8855,1.0,12,1.0,0.8855,1.0,12,1.0,0.8711,1.0,12,1.0,0.8711,1.0,12,1.0,0.8603,1.0,13,1.0,0.8127,1.0,16
xbrl-panw-2023-treasury-stock-value-acquired-cost-method-usd-0001327567-23-000024,bm25,True,tables,0.0,0.0,0.0,0,0.0,0.0,0.0,0,0.0,0.0,0.0,1,0.0,0.0,0.0,1,0.0,0.0,0.0,1,0.0,0.0,0.0,2,0.0,0.0,0.0,4,0.0,0.0,0.0,5
xbrl-panw-2023-treasury-stock-value-acquired-cost-method-usd-0001327567-23-000024,hybrid,True,tables,0.0,0.0,0.0,5,0.0,0.0,0.0,9,0.0,0.0,0.0,9,0.0,0.0,0.0,10,0.0,0.0,0.0,10,0.0,0.0,0.0,10,0.0,0.0,0.0,12,0.0,0.0,0.0,15
xbrl-panw-2023-unrecognized-tax-benefits-usd-0001327567-23-000024,bm25,True,both,1.0,0.9197,1.0,1,1.0,0.9197,1.0,1,1.0,0.9197,1.0,1,1.0,0.9197,1.0,1,1.0,0.9197,1.0,1,1.0,0.9197,1.0,1,1.0,0.9197,1.0,1,1.0,0.9197,1.0,3
xbrl-panw-2023-unrecognized-tax-benefits-usd-0001327567-23-000024,hybrid,True,both,1.0,1.0,1.0,3,1.0,1.0,1.0,7,1.0,1.0,1.0,8,1.0,1.0,1.0,8,1.0,1.0,1.0,8,1.0,1.0,1.0,9,1.0,0.8175,1.0,10,1.0,0.7788,1.0,12
xbrl-panw-2023-research-and-development-expense-usd-0001327567-23-000024,bm25,True,tables,0.3333333333333333,0.1268,0.0833,1,0.3333333333333333,0.1309,0.0909,1,0.3333333333333333,0.148,0.125,3,0.3333333333333333,0.1672,0.1667,3,0.3333333333333333,0.1815,0.2,3,1.0,0.4342,0.25,5,1.0,0.5239,0.3333,6,1.0,0.8529,1.0,7
xbrl-panw-2023-research-and-development-expense-usd-0001327567-23-000024,hybrid,True,tables,0.6666666666666666,0.2893,0.125,7,1.0,0.5508,0.25,10,1.0,0.6183,0.3333,10,1.0,0.6183,0.3333,10,1.0,0.6183,0.3333,10,1.0,0.6183,0.3333,10,1.0,0.6039,0.3333,13,1.0,0.5932,0.3333,16
xbrl-panw-2023-selling-and-marketing-expense-usd-0001327567-23-000024,bm25,True,tables,0.0,0.0,0.0,0,0.0,0.0,0.0,0,0.0,0.0,0.0,0,0.3333333333333333,0.1201,0.0714,1,0.3333333333333333,0.1233,0.0769,1,0.3333333333333333,0.1357,0.1,1,0.3333333333333333,0.2961,0.5,3,1.0,0.6448,0.5,7
xbrl-panw-2023-selling-and-marketing-expense-usd-0001327567-23-000024,hybrid,True,tables,0.0,0.0,0.0,2,0.3333333333333333,0.2346,0.3333,8,0.3333333333333333,0.2346,0.3333,9,0.6666666666666666,0.4367,0.3333,9,1.0,0.6183,0.3333,10,1.0,0.6183,0.3333,10,1.0,0.6183,0.3333,10,1.0,0.6183,0.3333,13
xbrl-panw-2023-other-comprehensive-income-loss-cash-flow-hedge-gain-loss-before-reclassification-and-tax-usd-0001327567-23-000024,bm25,True,prose,0.0,0.0,0.0,4,0.0,0.0,0.0,4,0.0,0.0,0.0,6,0.0,0.0,0.0,7,0.0,0.0,0.0,9,0.0,0.0,0.0,10,0.0,0.0,0.0,13,0.0,0.0,0.0,16
xbrl-panw-2023-other-comprehensive-income-loss-cash-flow-hedge-gain-loss-before-reclassification-and-tax-usd-0001327567-23-000024,hybrid,True,prose,0.0,0.0,0.0,6,0.0,0.0,0.0,13,0.0,0.0,0.0,16,0.0,0.0,0.0,16,0.0,0.0,0.0,16,0.0,0.0,0.0,16,0.0,0.0,0.0,16,0.0,0.0,0.0,16
xbrl-panw-2023-share-based-payment-arrangement-nonvested-award-cost-not-yet-recognized-amount-usd-0001327567-23-000024,bm25,True,prose,0.0,0.0,0.0,0,0.0,0.0,0.0,0,0.0,0.0,0.0,0,0.0,0.0,0.0,0,0.0,0.0,0.0,0,0.0,0.0,0.0,0,0.0,0.0,0.0,2,0.0,0.0,0.0,10
xbrl-panw-2023-share-based-payment-arrangement-nonvested-award-cost-not-yet-recognized-amount-usd-0001327567-23-000024,hybrid,True,prose,0.5,0.2641,0.25,2,0.0,0.0,0.0,6,0.0,0.0,0.0,8,0.0,0.0,0.0,9,0.0,0.0,0.0,9,0.0,0.0,0.0,9,0.0,0.0,0.0,10,0.0,0.0,0.0,13
xbrl-panw-2023-apic-share-based-payment-arrangement-increase-for-cost-recognition-usd-0001327567-23-000024,bm25,True,tables,0.0,0.0,0.0,0,0.0,0.0,0.0,0,0.0,0.0,0.0,0,0.0,0.0,0.0,0,0.0,0.0,0.0,0,1.0,0.2447,0.0625,1,1.0,0.3333,0.1429,5,1.0,0.6309,0.5,12
xbrl-panw-2023-apic-share-based-payment-arrangement-increase-for-cost-recognition-usd-0001327567-23-000024,hybrid,True,tables,0.0,0.0,0.0,2,0.0,0.0,0.0,7,0.0,0.0,0.0,8,0.0,0.0,0.0,8,0.0,0.0,0.0,9,0.0,0.0,0.0,9,0.0,0.0,0.0,10,1.0,0.2891,0.1,15
xbrl-panw-2023-debt-securities-available-for-sale-usd-0001327567-23-000024,bm25,True,tables,0.0,0.0,0.0,4,0.0,0.0,0.0,4,0.0,0.0,0.0,4,0.0,0.0,0.0,4,0.0,0.0,0.0,5,0.0,0.0,0.0,5,0.0,0.0,0.0,5,0.0,0.0,0.0,10
xbrl-panw-2023-debt-securities-available-for-sale-usd-0001327567-23-000024,hybrid,True,tables,0.0,0.0,0.0,5,0.0,0.0,0.0,8,0.0,0.0,0.0,11,0.0,0.0,0.0,11,0.0,0.0,0.0,11,0.0,0.0,0.0,12,0.0,0.0,0.0,13,0.0,0.0,0.0,16
xbrl-panw-2023-assets-current-usd-0001327567-23-000024,bm25,True,tables,0.0,0.0,0.0,1,0.0,0.0,0.0,1,1.0,0.2447,0.0625,2,1.0,0.2789,0.0909,2,1.0,0.3155,0.125,3,1.0,0.3869,0.2,3,1.0,0.5,0.3333,6,1.0,0.6309,0.5,8
xbrl-panw-2023-assets-current-usd-0001327567-23-000024,hybrid,True,tables,1.0,0.6309,0.5,10,1.0,0.6309,0.5,11,1.0,0.6309,0.5,11,1.0,0.6309,0.5,11,1.0,0.6309,0.5,11,1.0,0.6309,0.5,11,1.0,0.6309,0.5,12,1.0,0.6309,0.5,14
xbrl-panw-2023-other-comprehensive-income-loss-cash-flow-hedge-gain-loss-before-reclassification-after-tax-usd-0001327567-23-000024,bm25,True,prose,0.0,0.0,0.0,4,0.0,0.0,0.0,5,0.0,0.0,0.0,7,0.0,0.0,0.0,8,0.0,0.0,0.0,9,0.0,0.0,0.0,9,0.0,0.0,0.0,13,0.0,0.0,0.0,15
xbrl-panw-2023-other-comprehensive-income-loss-cash-flow-hedge-gain-loss-before-reclassification-after-tax-usd-0001327567-23-000024,hybrid,True,prose,0.0,0.0,0.0,6,0.0,0.0,0.0,13,0.0,0.0,0.0,16,0.0,0.0,0.0,16,0.0,0.0,0.0,16,0.0,0.0,0.0,16,0.0,0.0,0.0,16,0.0,0.0,0.0,16
xbrl-panw-2023-deferred-tax-assets-operating-loss-carryforwards-usd-0001327567-23-000024,bm25,True,tables,1.0,1.0,1.0,3,1.0,1.0,1.0,3,1.0,1.0,1.0,3,1.0,1.0,1.0,3,1.0,1.0,1.0,3,1.0,1.0,1.0,3,1.0,1.0,1.0,6,1.0,1.0,1.0,10
xbrl-panw-2023-deferred-tax-assets-operating-loss-carryforwards-usd-0001327567-23-000024,hybrid,True,tables,1.0,0.6309,0.5,5,1.0,0.6309,0.5,9,1.0,1.0,1.0,10,1.0,1.0,1.0,11,1.0,1.0,1.0,11,1.0,1.0,1.0,11,1.0,1.0,1.0,12,1.0,1.0,1.0,13
xbrl-panw-2023-common-stock-shares-authorized-shares-0001327567-23-000024,bm25,True,prose,0.0,0.0,0.0,2,0.0,0.0,0.0,2,0.0,0.0,0.0,3,0.0,0.0,0.0,3,0.0,0.0,0.0,4,0.0,0.0,0.0,5,0.0,0.0,0.0,7,0.0,0.0,0.0,8
xbrl-panw-2023-common-stock-shares-authorized-shares-0001327567-23-000024,hybrid,True,prose,0.0,0.0,0.0,5,0.0,0.0,0.0,8,0.0,0.0,0.0,9,0.0,0.0,0.0,9,0.0,0.0,0.0,10,0.0,0.0,0.0,10,0.0,0.0,0.0,12,0.0,0.0,0.0,15
xbrl-panw-2023-preferred-stock-shares-authorized-shares-0001327567-23-000024,bm25,True,prose,0.0,0.0,0.0,2,0.0,0.0,0.0,2,0.0,0.0,0.0,2,0.0,0.0,0.0,2,0.0,0.0,0.0,3,0.0,0.0,0.0,3,0.0,0.0,0.0,3,0.0,0.0,0.0,6
xbrl-panw-2023-preferred-stock-shares-authorized-shares-0001327567-23-000024,hybrid,True,prose,0.0,0.0,0.0,3,0.0,0.0,0.0,7,0.0,0.0,0.0,9,0.0,0.0,0.0,9,0.0,0.0,0.0,9,0.0,0.0,0.0,9,0.0,0.0,0.0,10,0.0,0.0,0.0,15
xbrl-panw-2023-income-loss-from-continuing-operations-before-income-taxes-foreign-usd-0001327567-23-000024,bm25,True,both,0.6666666666666666,0.3836,0.25,3,0.6666666666666666,0.3693,0.25,3,0.6666666666666666,0.3693,0.25,4,0.6666666666666666,0.3487,0.2,5,0.6666666666666666,0.3487,0.2,5,0.6666666666666666,0.338,0.2,6,0.6666666666666666,0.3236,0.1667,8,0.3333333333333333,0.1201,0.0714,13
xbrl-panw-2023-income-loss-from-continuing-operations-before-income-taxes-foreign-usd-0001327567-23-000024,hybrid,True,both,0.3333333333333333,0.2961,0.5,6,0.3333333333333333,0.2961,0.5,10,0.3333333333333333,0.148,0.125,12,0.0,0.0,0.0,13,0.0,0.0,0.0,14,0.0,0.0,0.0,14,0.0,0.0,0.0,15,0.0,0.0,0.0,16
xbrl-panw-2023-oci-debt-securities-available-for-sale-gain-loss-after-adjustment-and-tax-usd-0001327567-23-000024,bm25,True,prose,0.0,0.0,0.0,3,0.0,0.0,0.0,3,0.0,0.0,0.0,3,0.0,0.0,0.0,3,0.0,0.0,0.0,4,0.0,0.0,0.0,4,0.0,0.0,0.0,4,0.0,0.0,0.0,11
xbrl-panw-2023-oci-debt-securities-available-for-sale-gain-loss-after-adjustment-and-tax-usd-0001327567-23-000024,hybrid,True,prose,0.0,0.0,0.0,3,0.0,0.0,0.0,7,0.0,0.0,0.0,10,0.0,0.0,0.0,10,0.0,0.0,0.0,10,0.0,0.0,0.0,10,0.0,0.0,0.0,12,0.0,0.0,0.0,14
xbrl-panw-2023-deferred-tax-assets-net-of-valuation-allowance-usd-0001327567-23-000024,bm25,True,tables,0.5,0.171,0.0909,4,0.5,0.1772,0.1,4,0.5,0.1846,0.1111,4,0.5,0.1846,0.1111,4,0.5,0.1934,0.125,4,0.5,0.1934,0.125,5,0.5,0.2044,0.1429,8,0.5,0.3066,0.3333,9
xbrl-panw-2023-deferred-tax-assets-net-of-valuation-allowance-usd-0001327567-23-000024,hybrid,True,tables,0.5,0.2044,0.1429,6,0.5,0.2641,0.25,9,0.5,0.3066,0.3333,11,0.5,0.3869,0.5,12,0.5,0.3869,0.5,12,0.5,0.3869,0.5,12,0.5,0.3869,0.5,13,0.5,0.3869,0.5,15
xbrl-panw-2024-debt-securities-available-for-sale-continuous-unrealized-loss-position-12-months-or-longer-accumulated-loss-usd-0001327567-24-000029,bm25,True,prose,0.0,0.0,0.0,6,0.0,0.0,0.0,6,0.0,0.0,0.0,7,0.0,0.0,0.0,7,0.0,0.0,0.0,8,0.0,0.0,0.0,9,0.0,0.0,0.0,10,0.0,0.0,0.0,13
xbrl-panw-2024-debt-securities-available-for-sale-continuous-unrealized-loss-position-12-months-or-longer-accumulated-loss-usd-0001327567-24-000029,hybrid,True,prose,0.0,0.0,0.0,7,0.0,0.0,0.0,9,0.0,0.0,0.0,11,0.0,0.0,0.0,12,0.0,0.0,0.0,12,0.0,0.0,0.0,13,0.0,0.0,0.0,14,0.0,0.0,0.0,16
xbrl-panw-2024-common-stock-shares-authorized-shares-0001327567-24-000029,bm25,True,both,0.6666666666666666,0.4229,0.5,2,0.6666666666666666,0.5961,1.0,2,0.6666666666666666,0.5961,1.0,2,0.6666666666666666,0.5961,1.0,2,0.6666666666666666,0.5961,1.0,2,0.6666666666666666,0.5961,1.0,2,0.6666666666666666,0.5841,1.0,6,0.3333333333333333,0.4693,1.0,8
xbrl-panw-2024-common-stock-shares-authorized-shares-0001327567-24-000029,hybrid,True,both,0.3333333333333333,0.1815,0.2,3,0.3333333333333333,0.2961,0.5,7,0.3333333333333333,0.2961,0.5,9,0.3333333333333333,0.2961,0.5,10,0.3333333333333333,0.2961,0.5,11,0.3333333333333333,0.2961,0.5,11,0.3333333333333333,0.2961,0.5,11,0.3333333333333333,0.2961,0.5,14
xbrl-panw-2024-accounts-receivable-allowance-for-credit-loss-current-usd-0001327567-24-000029,bm25,True,prose,0.0,0.0,0.0,2,0.0,0.0,0.0,2,0.0,0.0,0.0,2,0.0,0.0,0.0,2,0.0,0.0,0.0,2,0.0,0.0,0.0,2,0.0,0.0,0.0,3,0.0,0.0,0.0,8
xbrl-panw-2024-accounts-receivable-allowance-for-credit-loss-current-usd-0001327567-24-000029,hybrid,True,prose,0.0,0.0,0.0,5,0.0,0.0,0.0,8,0.0,0.0,0.0,9,0.0,0.0,0.0,10,0.0,0.0,0.0,10,0.0,0.0,0.0,10,0.0,0.0,0.0,11,0.0,0.0,0.0,13
xbrl-panw-2024-stock-repurchased-during-period-shares-shares-0001327567-24-000029,bm25,True,prose,0.0,0.0,0.0,0,0.0,0.0,0.0,0,0.0,0.0,0.0,0,0.0,0.0,0.0,1,0.0,0.0,0.0,1,0.0,0.0,0.0,1,0.0,0.0,0.0,1,0.0,0.0,0.0,4
xbrl-panw-2024-stock-repurchased-during-period-shares-shares-0001327567-24-000029,hybrid,True,prose,0.0,0.0,0.0,3,0.0,0.0,0.0,3,0.0,0.0,0.0,6,0.0,0.0,0.0,8,0.0,0.0,0.0,9,0.0,0.0,0.0,9,0.0,0.0,0.0,10,0.0,0.0,0.0,12
xbrl-panw-2024-debt-securities-available-for-sale-maturity-allocated-and-single-maturity-date-rolling-within-one-year-fair-value-usd-0001327567-24-000029,bm25,True,tables,0.0,0.0,0.0,4,0.0,0.0,0.0,4,0.0,0.0,0.0,4,0.0,0.0,0.0,4,0.0,0.0,0.0,4,0.0,0.0,0.0,4,1.0,0.3333,0.1429,5,1.0,0.3562,0.1667,5
xbrl-panw-2024-debt-securities-available-for-sale-maturity-allocated-and-single-maturity-date-rolling-within-one-year-fair-value-usd-0001327567-24-000029,hybrid,True,tables,1.0,0.301,0.1111,5,1.0,0.3562,0.1667,10,1.0,0.3869,0.2,11,1.0,0.3869,0.2,11,1.0,0.3869,0.2,11,1.0,0.3869,0.2,11,1.0,1.0,1.0,11,1.0,1.0,1.0,12
xbrl-panw-2024-capitalized-contract-cost-amortization-usd-0001327567-24-000029,bm25,True,both,0.3333333333333333,0.2346,0.3333,1,0.3333333333333333,0.2346,0.3333,1,0.3333333333333333,0.2346,0.3333,1,0.3333333333333333,0.2346,0.3333,2,0.3333333333333333,0.2346,0.3333,4,0.3333333333333333,0.2346,0.3333,4,0.3333333333333333,0.2346,0.3333,7,0.3333333333333333,0.2961,0.5,12
xbrl-panw-2024-capitalized-contract-cost-amortization-usd-0001327567-24-000029,hybrid,True,both,0.3333333333333333,0.2961,0.5,7,0.3333333333333333,0.2961,0.5,11,0.3333333333333333,0.2961,0.5,13,0.3333333333333333,0.4693,1.0,13,0.3333333333333333,0.4693,1.0,13,0.3333333333333333,0.4693,1.0,13,0.3333333333333333,0.4693,1.0,14,0.3333333333333333,0.4693,1.0,16
xbrl-panw-2024-share-based-payment-arrangement-nonvested-award-cost-not-yet-recognized-amount-usd-0001327567-24-000029,bm25,True,prose,0.0,0.0,0.0,0,0.0,0.0,0.0,0,0.0,0.0,0.0,0,0.0,0.0,0.0,0,0.0,0.0,0.0,0,0.0,0.0,0.0,0,0.0,0.0,0.0,5,0.0,0.0,0.0,10
xbrl-panw-2024-share-based-payment-arrangement-nonvested-award-cost-not-yet-recognized-amount-usd-0001327567-24-000029,hybrid,True,prose,0.0,0.0,0.0,2,0.0,0.0,0.0,6,0.0,0.0,0.0,9,0.0,0.0,0.0,10,0.0,0.0,0.0,11,0.0,0.0,0.0,11,0.0,0.0,0.0,11,0.0,0.0,0.0,14
xbrl-panw-2024-deferred-income-tax-assets-net-usd-0001327567-24-000029,bm25,True,tables,1.0,0.2702,0.0833,3,1.0,0.2789,0.0909,3,1.0,0.2789,0.0909,5,1.0,0.2789,0.0909,6,1.0,0.2891,0.1,6,1.0,0.2891,0.1,6,1.0,0.3869,0.2,7,1.0,0.5,0.3333,10
xbrl-panw-2024-deferred-income-tax-assets-net-usd-0001327567-24-000029,hybrid,True,tables,1.0,0.301,0.1111,7,1.0,0.3333,0.1429,10,1.0,0.4307,0.25,11,1.0,0.5,0.3333,12,1.0,0.5,0.3333,12,1.0,0.5,0.3333,13,1.0,0.5,0.3333,13,1.0,0.5,0.3333,16
xbrl-panw-2024-preferred-stock-shares-authorized-shares-0001327567-24-000029,bm25,True,prose,0.0,0.0,0.0,2,0.0,0.0,0.0,2,0.0,0.0,0.0,2,0.0,0.0,0.0,2,0.0,0.0,0.0,2,0.0,0.0,0.0,2,0.0,0.0,0.0,2,0.0,0.0,0.0,5
xbrl-panw-2024-preferred-stock-shares-authorized-shares-0001327567-24-000029,hybrid,True,prose,0.0,0.0,0.0,2,0.0,0.0,0.0,5,0.0,0.0,0.0,9,0.0,0.0,0.0,9,0.0,0.0,0.0,9,0.0,0.0,0.0,9,0.0,0.0,0.0,9,0.0,0.0,0.0,12
xbrl-panw-2024-long-lived-assets-usd-0001327567-24-000029,bm25,True,tables,1.0,0.6309,0.5,3,1.0,1.0,1.0,3,1.0,1.0,1.0,3,1.0,1.0,1.0,3,1.0,1.0,1.0,3,1.0,1.0,1.0,3,1.0,1.0,1.0,4,1.0,1.0,1.0,6
xbrl-panw-2024-long-lived-assets-usd-0001327567-24-000029,hybrid,True,tables,1.0,1.0,1.0,8,1.0,1.0,1.0,9,1.0,1.0,1.0,9,1.0,1.0,1.0,9,1.0,1.0,1.0,9,1.0,1.0,1.0,9,1.0,1.0,1.0,11,1.0,1.0,1.0,14
xbrl-panw-2024-share-based-compensation-arrangement-by-share-based-payment-award-number-of-additional-shares-authorized-shares-0001327567-24-000029,bm25,True,prose,1.0,0.3562,0.1667,3,1.0,0.3155,0.125,3,1.0,0.301,0.1111,4,1.0,0.301,0.1111,5,1.0,0.301,0.1111,5,1.0,0.2891,0.1,6,1.0,0.2447,0.0625,10,0.0,0.0,0.0,14
xbrl-panw-2024-share-based-compensation-arrangement-by-share-based-payment-award-number-of-additional-shares-authorized-shares-0001327567-24-000029,hybrid,True,prose,1.0,0.3155,0.125,4,0.0,0.0,0.0,7,0.0,0.0,0.0,12,0.0,0.0,0.0,13,0.0,0.0,0.0,14,0.0,0.0,0.0,14,0.0,0.0,0.0,15,0.0,0.0,0.0,16
xbrl-panw-2024-capitalized-contract-cost-net-current-usd-0001327567-24-000029,bm25,True,tables,1.0,0.6309,0.5,2,1.0,0.6309,0.5,2,1.0,0.6309,0.5,2,1.0,0.6309,0.5,2,1.0,0.6309,0.5,2,1.0,0.6309,0.5,3,1.0,0.6309,0.5,6,1.0,1.0,1.0,11
xbrl-panw-2024-capitalized-contract-cost-net-current-usd-0001327567-24-000029,hybrid,True,tables,1.0,0.6309,0.5,10,1.0,1.0,1.0,12,1.0,1.0,1.0,12,1.0,1.0,1.0,13,1.0,1.0,1.0,14,1.0,1.0,1.0,14,1.0,1.0,1.0,14,1.0,1.0,1.0,15
xbrl-panw-2024-capitalized-contract-cost-net-noncurrent-usd-0001327567-24-000029,bm25,True,tables,0.0,0.0,0.0,1,0.0,0.0,0.0,1,0.0,0.0,0.0,1,0.0,0.0,0.0,2,0.0,0.0,0.0,2,0.0,0.0,0.0,3,1.0,0.301,0.1111,7,1.0,0.3869,0.2,12
xbrl-panw-2024-capitalized-contract-cost-net-noncurrent-usd-0001327567-24-000029,hybrid,True,tables,1.0,0.3869,0.2,10,1.0,0.4307,0.25,11,1.0,0.5,0.3333,12,1.0,0.5,0.3333,13,1.0,0.5,0.3333,13,1.0,0.5,0.3333,13,1.0,0.5,0.3333,14,1.0,0.6309,0.5,15
xbrl-panw-2024-weighted-average-number-of-shares-outstanding-diluted-shares-0001327567-24-000029,bm25,True,tables,0.3333333333333333,0.1815,0.2,6,0.3333333333333333,0.1815,0.2,6,0.3333333333333333,0.1815,0.2,6,0.3333333333333333,0.2021,0.25,7,0.3333333333333333,0.2346,0.3333,7,0.3333333333333333,0.2346,0.3333,7,0.3333333333333333,0.2346,0.3333,9,0.3333333333333333,0.2346,0.3333,11
xbrl-panw-2024-weighted-average-number-of-shares-outstanding-diluted-shares-0001327567-24-000029,hybrid,True,tables,0.3333333333333333,0.4693,1.0,11,0.3333333333333333,0.4693,1.0,13,0.3333333333333333,0.4693,1.0,14,0.3333333333333333,0.4693,1.0,14,0.3333333333333333,0.4693,1.0,14,0.3333333333333333,0.4693,1.0,14,0.3333333333333333,0.4693,1.0,16,0.3333333333333333,0.4693,1.0,16
xbrl-panw-2024-stock-repurchase-program-remaining-authorized-repurchase-amount-usd-0001327567-24-000029,bm25,True,prose,0.3333333333333333,0.2961,0.5,1,0.3333333333333333,0.2961,0.5,2,0.3333333333333333,0.2961,0.5,2,0.3333333333333333,0.2961,0.5,3,0.3333333333333333,0.2961,0.5,3,0.3333333333333333,0.2961,0.5,3,0.3333333333333333,0.2961,0.5,4,0.3333333333333333,0.2961,0.5,6
xbrl-panw-2024-stock-repurchase-program-remaining-authorized-repurchase-amount-usd-0001327567-24-000029,hybrid,True,prose,0.3333333333333333,0.2961,0.5,3,0.3333333333333333,0.2961,0.5,6,0.3333333333333333,0.2961,0.5,6,0.3333333333333333,0.2961,0.5,7,0.3333333333333333,0.4693,1.0,9,0.3333333333333333,0.1672,0.1667,10,0.3333333333333333,0.148,0.125,10,0.3333333333333333,0.1413,0.1111,11
xbrl-panw-2024-foreign-currency-transaction-gain-loss-before-tax-usd-0001327567-24-000029,bm25,True,prose,0.0,0.0,0.0,1,0.0,0.0,0.0,1,0.0,0.0,0.0,1,0.0,0.0,0.0,1,0.0,0.0,0.0,1,0.0,0.0,0.0,1,0.0,0.0,0.0,2,0.0,0.0,0.0,5
xbrl-panw-2024-foreign-currency-transaction-gain-loss-before-tax-usd-0001327567-24-000029,hybrid,True,prose,0.0,0.0,0.0,0,0.0,0.0,0.0,4,0.0,0.0,0.0,8,0.0,0.0,0.0,11,0.0,0.0,0.0,13,0.0,0.0,0.0,13,0.0,0.0,0.0,14,0.0,0.0,0.0,15
xbrl-panw-2024-share-based-payment-arrangement-shares-withheld-for-tax-withholding-obligation-shares-0001327567-24-000029,bm25,True,prose,0.0,0.0,0.0,1,0.0,0.0,0.0,1,0.0,0.0,0.0,1,0.0,0.0,0.0,1,0.0,0.0,0.0,2,0.0,0.0,0.0,3,0.0,0.0,0.0,6,0.0,0.0,0.0,8
xbrl-panw-2024-share-based-payment-arrangement-shares-withheld-for-tax-withholding-obligation-shares-0001327567-24-000029,hybrid,True,prose,0.0,0.0,0.0,5,0.0,0.0,0.0,7,0.0,0.0,0.0,9,0.0,0.0,0.0,9,0.0,0.0,0.0,9,0.0,0.0,0.0,9,0.0,0.0,0.0,11,0.0,0.0,0.0,15
xbrl-panw-2025-common-stock-shares-authorized-shares-0001327567-25-000027,bm25,True,both,0.5,0.2372,0.2,2,0.5,0.6131,1.0,2,0.5,0.6131,1.0,2,0.5,0.6131,1.0,2,0.5,0.6131,1.0,2,0.5,0.6131,1.0,2,0.5,0.6131,1.0,5,0.5,0.6131,1.0,6
xbrl-panw-2025-common-stock-shares-authorized-shares-0001327567-25-000027,hybrid,True,both,0.5,0.2372,0.2,5,0.5,0.3869,0.5,9,0.5,0.3869,0.5,11,0.5,0.6131,1.0,11,0.5,0.6131,1.0,11,0.5,0.3869,0.5,11,0.5,0.3869,0.5,11,0.5,0.3869,0.5,13
xbrl-panw-2025-stock-repurchase-program-remaining-authorized-repurchase-amount-usd-0001327567-25-000027,bm25,True,prose,0.0,0.0,0.0,2,0.0,0.0,0.0,2,0.0,0.0,0.0,2,0.0,0.0,0.0,2,0.0,0.0,0.0,2,0.0,0.0,0.0,4,0.0,0.0,0.0,4,0.0,0.0,0.0,5
xbrl-panw-2025-stock-repurchase-program-remaining-authorized-repurchase-amount-usd-0001327567-25-000027,hybrid,True,prose,0.0,0.0,0.0,3,0.0,0.0,0.0,6,0.0,0.0,0.0,7,0.0,0.0,0.0,8,0.0,0.0,0.0,9,0.0,0.0,0.0,10,0.0,0.0,0.0,12,0.0,0.0,0.0,12
xbrl-panw-2025-liabilities-current-usd-0001327567-25-000027,bm25,True,tables,1.0,0.301,0.1111,1,1.0,0.3869,0.2,3,1.0,0.4307,0.25,3,1.0,0.5,0.3333,4,1.0,1.0,1.0,5,1.0,1.0,1.0,5,1.0,1.0,1.0,6,1.0,1.0,1.0,8
xbrl-panw-2025-liabilities-current-usd-0001327567-25-000027,hybrid,True,tables,1.0,1.0,1.0,8,1.0,1.0,1.0,9,1.0,1.0,1.0,9,1.0,1.0,1.0,9,1.0,1.0,1.0,9,1.0,1.0,1.0,9,1.0,1.0,1.0,12,1.0,1.0,1.0,16
xbrl-panw-2025-operating-expenses-usd-0001327567-25-000027,bm25,True,tables,0.0,0.0,0.0,0,0.5,0.15,0.0625,1,0.5,0.171,0.0909,2,0.5,0.1846,0.1111,3,0.5,0.1934,0.125,3,0.5,0.1934,0.125,3,0.5,0.6131,1.0,6,1.0,0.8066,1.0,9
xbrl-panw-2025-operating-expenses-usd-0001327567-25-000027,hybrid,True,tables,0.5,0.3066,0.3333,7,0.5,0.6131,1.0,8,0.5,0.6131,1.0,9,0.5,0.6131,1.0,9,0.5,0.6131,1.0,9,0.5,0.6131,1.0,9,0.5,0.6131,1.0,11,1.0,0.7632,1.0,15
xbrl-panw-2025-accounts-receivable-after-allowance-for-credit-loss-current-usd-0001327567-25-000027,bm25,True,tables,1.0,0.6309,0.5,2,1.0,0.6309,0.5,2,1.0,0.6309,0.5,2,1.0,0.6309,0.5,2,1.0,0.6309,0.5,2,1.0,0.6309,0.5,2,1.0,1.0,1.0,4,1.0,1.0,1.0,6
xbrl-panw-2025-accounts-receivable-after-allowance-for-credit-loss-current-usd-0001327567-25-000027,hybrid,True,tables,1.0,0.6309,0.5,6,1.0,0.6309,0.5,8,1.0,0.6309,0.5,9,1.0,1.0,1.0,9,1.0,1.0,1.0,9,1.0,1.0,1.0,9,1.0,1.0,1.0,10,1.0,1.0,1.0,12
xbrl-panw-2025-net-cash-provided-by-used-in-operating-activities-usd-0001327567-25-000027,bm25,True,tables,1.0,0.648,0.5,8,1.0,0.6508,0.5,9,1.0,0.6575,0.5,9,1.0,0.6575,0.5,9,1.0,0.8348,1.0,9,1.0,0.8348,1.0,9,1.0,0.8963,1.0,9,1.0,0.9066,1.0,13
xbrl-panw-2025-net-cash-provided-by-used-in-operating-activities-usd-0001327567-25-000027,hybrid,True,tables,0.6666666666666666,0.4776,0.5,9,0.6666666666666666,0.4632,0.5,12,0.6666666666666666,0.6714,1.0,13,0.6666666666666666,0.6508,1.0,13,0.6666666666666666,0.6508,1.0,13,0.6666666666666666,0.6508,1.0,14,0.6666666666666666,0.6508,1.0,15,0.6666666666666666,0.6508,1.0,16
xbrl-panw-2025-deferred-foreign-income-tax-expense-benefit-usd-0001327567-25-000027,bm25,True,prose,0.0,0.0,0.0,2,0.0,0.0,0.0,2,0.0,0.0,0.0,2,0.0,0.0,0.0,2,0.0,0.0,0.0,3,0.0,0.0,0.0,3,0.0,0.0,0.0,5,0.0,0.0,0.0,9
xbrl-panw-2025-deferred-foreign-income-tax-expense-benefit-usd-0001327567-25-000027,hybrid,True,prose,0.0,0.0,0.0,5,0.0,0.0,0.0,7,0.0,0.0,0.0,9,0.0,0.0,0.0,10,0.0,0.0,0.0,11,0.0,0.0,0.0,11,0.0,0.0,0.0,13,0.0,0.0,0.0,14
xbrl-panw-2025-finite-lived-intangible-asset-expected-amortization-year-two-usd-0001327567-25-000027,bm25,True,tables,0.0,0.0,0.0,1,0.0,0.0,0.0,1,0.0,0.0,0.0,1,0.0,0.0,0.0,2,0.0,0.0,0.0,2,0.0,0.0,0.0,3,0.0,0.0,0.0,5,0.0,0.0,0.0,8
xbrl-panw-2025-finite-lived-intangible-asset-expected-amortization-year-two-usd-0001327567-25-000027,hybrid,True,tables,0.0,0.0,0.0,4,0.0,0.0,0.0,9,0.0,0.0,0.0,10,0.0,0.0,0.0,11,0.0,0.0,0.0,12,0.0,0.0,0.0,12,0.0,0.0,0.0,12,0.0,0.0,0.0,15
xbrl-panw-2025-current-foreign-tax-expense-benefit-usd-0001327567-25-000027,bm25,True,both,0.3333333333333333,0.2961,0.5,2,0.3333333333333333,0.2961,0.5,2,0.3333333333333333,0.2961,0.5,2,0.3333333333333333,0.2961,0.5,2,0.3333333333333333,0.2961,0.5,2,0.3333333333333333,0.2961,0.5,2,0.6666666666666666,0.4193,0.5,5,0.6666666666666666,0.3501,0.25,9
xbrl-panw-2025-current-foreign-tax-expense-benefit-usd-0001327567-25-000027,hybrid,True,both,0.6666666666666666,0.352,0.3333,4,0.6666666666666666,0.3703,0.3333,6,0.6666666666666666,0.3296,0.2,8,0.6666666666666666,0.3378,0.25,9,0.6666666666666666,0.333,0.25,10,0.6666666666666666,0.333,0.25,10,0.6666666666666666,0.3254,0.25,12,0.6666666666666666,0.3222,0.25,13
xbrl-panw-2025-preferred-stock-shares-authorized-shares-0001327567-25-000027,bm25,True,prose,0.0,0.0,0.0,2,0.0,0.0,0.0,2,0.0,0.0,0.0,2,0.0,0.0,0.0,2,0.0,0.0,0.0,2,0.0,0.0,0.0,2,0.0,0.0,0.0,2,0.0,0.0,0.0,5
xbrl-panw-2025-preferred-stock-shares-authorized-shares-0001327567-25-000027,hybrid,True,prose,0.0,0.0,0.0,2,0.0,0.0,0.0,6,0.0,0.0,0.0,9,0.0,0.0,0.0,10,0.0,0.0,0.0,10,0.0,0.0,0.0,10,0.0,0.0,0.0,11,0.0,0.0,0.0,13
xbrl-panw-2025-deferred-tax-assets-operating-loss-carryforwards-usd-0001327567-25-000027,bm25,True,tables,0.5,0.3869,0.5,3,0.5,0.3869,0.5,3,0.5,0.3869,0.5,3,0.5,0.3869,0.5,3,0.5,0.6131,1.0,4,0.5,0.6131,1.0,4,0.5,0.6131,1.0,7,0.5,0.6131,1.0,9
xbrl-panw-2025-deferred-tax-assets-operating-loss-carryforwards-usd-0001327567-25-000027,hybrid,True,tables,0.5,0.3869,0.5,7,0.5,0.3869,0.5,11,0.5,0.6131,1.0,11,0.5,0.6131,1.0,12,0.5,0.6131,1.0,12,0.5,0.6131,1.0,13,0.5,0.6131,1.0,13,0.5,0.6131,1.0,14
xbrl-panw-2025-accrued-liabilities-current-usd-0001327567-25-000027,bm25,True,both,0.5,0.6131,1.0,1,0.5,0.6131,1.0,2,0.5,0.6131,1.0,2,0.5,0.6131,1.0,3,0.5,0.6131,1.0,6,0.5,0.6131,1.0,6,0.5,0.6131,1.0,9,0.5,0.6131,1.0,10
xbrl-panw-2025-accrued-liabilities-current-usd-0001327567-25-000027,hybrid,True,both,0.5,0.6131,1.0,9,0.5,0.6131,1.0,10,0.5,0.6131,1.0,10,0.5,0.6131,1.0,10,0.5,0.6131,1.0,11,0.5,0.6131,1.0,11,0.5,0.6131,1.0,13,0.5,0.6131,1.0,16
xbrl-panw-2025-operating-lease-right-of-use-asset-usd-0001327567-25-000027,bm25,True,tables,1.0,0.2891,0.1,5,1.0,0.2891,0.1,5,1.0,0.301,0.1111,6,1.0,0.3155,0.125,6,1.0,0.3333,0.1429,6,1.0,0.3333,0.1429,6,1.0,0.3562,0.1667,7,1.0,0.4307,0.25,11
xbrl-panw-2025-operating-lease-right-of-use-asset-usd-0001327567-25-000027,hybrid,True,tables,1.0,0.2789,0.0909,7,1.0,0.3155,0.125,8,1.0,0.3333,0.1429,10,1.0,0.3333,0.1429,10,1.0,0.3562,0.1667,11,1.0,0.3562,0.1667,11,1.0,0.3562,0.1667,16,1.0,0.3562,0.1667,16
xbrl-txn-2021-deferred-income-tax-assets-net-usd-0000097476-22-000009,bm25,True,tables,0.5,0.2044,0.1429,6,0.5,0.2372,0.2,7,0.5,0.2372,0.2,8,0.5,0.2641,0.25,8,0.5,0.2641,0.25,8,0.5,0.2641,0.25,8,0.5,0.3869,0.5,11,1.0,0.5401,0.5,14
xbrl-txn-2021-deferred-income-tax-assets-net-usd-0000097476-22-000009,hybrid,True,tables,1.0,0.5401,0.5,7,1.0,0.5479,0.5,10,1.0,0.4838,0.3333,13,1.0,0.8066,1.0,14,1.0,0.8066,1.0,15,1.0,0.8175,1.0,16,1.0,0.5912,0.5,16,1.0,0.5912,0.5,16
xbrl-txn-2021-payments-of-dividends-usd-0000097476-22-000009,bm25,True,tables,0.5,0.1846,0.1111,1,0.5,0.2044,0.1429,1,0.5,0.2184,0.1667,1,0.5,0.2641,0.25,1,0.5,0.3066,0.3333,2,1.0,0.5438,0.5,4,1.0,0.8175,1.0,8,1.0,0.8772,1.0,14
xbrl-txn-2021-payments-of-dividends-usd-0000097476-22-000009,hybrid,True,tables,1.0,0.7904,1.0,6,1.0,0.8503,1.0,10,1.0,0.8503,1.0,11,1.0,0.8503,1.0,11,1.0,0.8503,1.0,11,1.0,0.8316,1.0,13,1.0,0.8066,1.0,16,1.0,0.8066,1.0,16
xbrl-txn-2021-other-nonoperating-income-usd-0000097476-22-000009,bm25,True,tables,0.0,0.0,0.0,4,0.0,0.0,0.0,5,0.0,0.0,0.0,5,0.0,0.0,0.0,6,0.0,0.0,0.0,7,0.0,0.0,0.0,8,1.0,0.2626,0.0769,11,1.0,0.301,0.1111,15
xbrl-txn-2021-other-nonoperating-income-usd-0000097476-22-000009,hybrid,True,tables,1.0,0.301,0.1111,9,1.0,0.3869,0.2,12,1.0,0.3869,0.2,14,1.0,0.3869,0.2,14,1.0,0.3869,0.2,14,1.0,0.3869,0.2,14,1.0,0.3869,0.2,16,1.0,0.4307,0.25,16
xbrl-txn-2021-other-comprehensive-income-loss-defined-benefit-plan-gain-loss-arising-during-period-before-tax-usd-0000097476-22-000009,bm25,True,both,1.0,0.318,0.0769,5,1.0,0.3226,0.0833,6,1.0,0.328,0.0909,7,0.5,0.1772,0.1,8,0.5,0.1934,0.125,9,0.5,0.1934,0.125,9,0.5,0.2372,0.2,11,0.5,0.2372,0.2,15
xbrl-txn-2021-other-comprehensive-income-loss-defined-benefit-plan-gain-loss-arising-during-period-before-tax-usd-0000097476-22-000009,hybrid,True,both,1.0,0.321,0.0909,6,0.5,0.2044,0.1429,11,0.5,0.2184,0.1667,14,0.5,0.2184,0.1667,15,0.5,0.2372,0.2,15,0.5,0.2372,0.2,15,0.5,0.2372,0.2,16,0.5,0.2372,0.2,16
xbrl-txn-2021-property-plant-and-equipment-net-usd-0000097476-22-000009,bm25,True,tables,1.0,0.5706,0.3333,3,1.0,0.5706,0.3333,3,1.0,0.5706,0.3333,3,1.0,0.6509,0.5,3,1.0,0.6509,0.5,3,1.0,0.6934,0.5,4,1.0,0.6934,0.5,7,1.0,0.6934,0.5,9
xbrl-txn-2021-property-plant-and-equipment-net-usd-0000097476-22-000009,hybrid,True,tables,1.0,0.5438,0.3333,3,1.0,0.5706,0.3333,8,1.0,0.5706,0.3333,10,1.0,0.6934,0.5,11,1.0,0.6934,0.5,11,1.0,0.6934,0.5,11,1.0,0.6934,0.5,13,1.0,0.6934,0.5,16
xbrl-txn-2021-gross-profit-usd-0000097476-22-000009,bm25,True,tables,1.0,0.4307,0.25,6,1.0,0.5,0.3333,6,1.0,0.5,0.3333,6,1.0,0.5,0.3333,6,1.0,0.5,0.3333,6,1.0,0.5,0.3333,6,1.0,0.6309,0.5,6,1.0,1.0,1.0,9
xbrl-txn-2021-gross-profit-usd-0000097476-22-000009,hybrid,True,tables,1.0,0.4307,0.25,6,1.0,0.6309,0.5,10,1.0,1.0,1.0,12,1.0,1.0,1.0,12,1.0,1.0,1.0,13,1.0,1.0,1.0,13,1.0,1.0,1.0,14,1.0,1.0,1.0,16
xbrl-txn-2021-share-based-payment-arrangement-expense-tax-benefit-usd-0000097476-22-000009,bm25,True,tables,1.0,0.2891,0.1,3,1.0,0.3333,0.1429,3,1.0,0.4307,0.25,4,1.0,0.6309,0.5,5,1.0,0.6309,0.5,7,1.0,1.0,1.0,7,1.0,1.0,1.0,8,1.0,1.0,1.0,11
xbrl-txn-2021-share-based-payment-arrangement-expense-tax-benefit-usd-0000097476-22-000009,hybrid,True,tables,0.0,0.0,0.0,1,1.0,0.5,0.3333,8,1.0,1.0,1.0,12,1.0,1.0,1.0,14,1.0,1.0,1.0,15,1.0,0.6309,0.5,15,1.0,0.6309,0.5,16,1.0,0.6309,0.5,16
xbrl-txn-2021-cash-cash-equivalents-restricted-cash-and-restricted-cash-equivalents-usd-0000097476-22-000009,bm25,True,tables,1.0,0.7512,1.0,11,1.0,0.7656,1.0,11,1.0,0.7681,1.0,12,1.0,0.7709,1.0,12,1.0,0.7946,1.0,13,1.0,0.7982,1.0,13,1.0,0.8023,1.0,15,1.0,0.8023,1.0,16
xbrl-txn-2021-cash-cash-equivalents-restricted-cash-and-restricted-cash-equivalents-usd-0000097476-22-000009,hybrid,True,tables,1.0,0.5932,0.3333,13,1.0,0.8603,1.0,13,1.0,0.8603,1.0,16,1.0,0.8603,1.0,16,1.0,0.6871,0.5,16,1.0,0.6979,0.5,16,1.0,0.6979,0.5,16,1.0,0.6979,0.5,16
xbrl-txn-2021-amortization-of-intangible-assets-usd-0000097476-22-000009,bm25,True,both,0.6666666666666666,0.6049,1.0,2,0.6666666666666666,0.6049,1.0,3,0.6666666666666666,0.6049,1.0,3,0.6666666666666666,0.6002,1.0,4,0.6666666666666666,0.5961,1.0,5,0.6666666666666666,0.5961,1.0,6,0.3333333333333333,0.4693,1.0,10,0.3333333333333333,0.4693,1.0,16
xbrl-txn-2021-amortization-of-intangible-assets-usd-0000097476-22-000009,hybrid,True,both,0.3333333333333333,0.2961,0.5,4,0.3333333333333333,0.4693,1.0,9,0.3333333333333333,0.4693,1.0,14,0.3333333333333333,0.4693,1.0,14,0.3333333333333333,0.4693,1.0,14,0.3333333333333333,0.4693,1.0,15,0.3333333333333333,0.4693,1.0,16,0.3333333333333333,0.4693,1.0,16
xbrl-txn-2021-common-stock-value-issued-usd-0000097476-22-000009,bm25,True,tables,0.3333333333333333,0.4693,1.0,5,0.3333333333333333,0.4693,1.0,5,0.3333333333333333,0.4693,1.0,5,0.3333333333333333,0.4693,1.0,6,0.3333333333333333,0.4693,1.0,6,0.3333333333333333,0.4693,1.0,7,0.3333333333333333,0.4693,1.0,10,1.0,0.727,1.0,15
xbrl-txn-2021-common-stock-value-issued-usd-0000097476-22-000009,hybrid,True,tables,1.0,0.397,0.1429,10,1.0,0.4249,0.1667,13,1.0,0.444,0.2,15,1.0,0.4858,0.25,15,1.0,0.4858,0.25,16,1.0,0.479,0.25,16,1.0,0.4652,0.2,16,1.0,0.4509,0.1667,16
xbrl-txn-2021-other-nonoperating-income-expense-usd-0000097476-22-000009,bm25,True,both,0.6666666666666666,0.7654,1.0,3,0.6666666666666666,0.7654,1.0,4,0.6666666666666666,0.7654,1.0,5,0.6666666666666666,0.7039,1.0,5,0.6666666666666666,0.7039,1.0,6,0.6666666666666666,0.6714,1.0,6,0.6666666666666666,0.6508,1.0,9,0.6666666666666666,0.5961,1.0,14
xbrl-txn-2021-other-nonoperating-income-expense-usd-0000097476-22-000009,hybrid,True,both,0.6666666666666666,0.5307,0.5,6,0.6666666666666666,0.6173,1.0,10,0.6666666666666666,0.6002,1.0,13,0.6666666666666666,0.6002,1.0,13,0.6666666666666666,0.5961,1.0,14,0.6666666666666666,0.5925,1.0,14,0.6666666666666666,0.5866,1.0,15,0.3333333333333333,0.4693,1.0,16
xbrl-txn-2021-recorded-unconditional-purchase-obligation-to-be-paid-year-two-usd-0000097476-22-000009,bm25,True,tables,0.0,0.0,0.0,1,0.0,0.0,0.0,2,0.0,0.0,0.0,2,0.0,0.0,0.0,2,0.0,0.0,0.0,2,0.0,0.0,0.0,2,0.0,0.0,0.0,5,0.0,0.0,0.0,13
xbrl-txn-2021-recorded-unconditional-purchase-obligation-to-be-paid-year-two-usd-0000097476-22-000009,hybrid,True,tables,1.0,0.2447,0.0625,3,1.0,0.301,0.1111,8,1.0,0.3333,0.1429,10,1.0,0.3333,0.1429,11,1.0,0.3155,0.125,11,1.0,0.3155,0.125,11,1.0,0.2891,0.1,13,1.0,0.256,0.0714,16
xbrl-txn-2021-long-term-debt-excluding-current-maturities-usd-0000097476-22-000009,bm25,True,tables,1.0,0.4825,0.25,4,1.0,0.5438,0.3333,4,1.0,0.5706,0.3333,4,1.0,0.5706,0.3333,4,1.0,0.6509,0.5,4,1.0,0.6934,0.5,5,1.0,1.0,1.0,8,1.0,1.0,1.0,13
xbrl-txn-2021-long-term-debt-excluding-current-maturities-usd-0000097476-22-000009,hybrid,True,tables,1.0,0.5706,0.3333,4,1.0,0.6934,0.5,7,1.0,1.0,1.0,12,1.0,1.0,1.0,14,1.0,1.0,1.0,15,1.0,1.0,1.0,15,1.0,1.0,1.0,16,1.0,1.0,1.0,16
xbrl-txn-2021-accounts-receivable-after-allowance-for-credit-loss-current-usd-0000097476-22-000009,bm25,True,tables,0.0,0.0,0.0,3,1.0,0.256,0.0714,4,1.0,0.2702,0.0833,4,1.0,0.2702,0.0833,5,1.0,0.2891,0.1,6,1.0,0.301,0.1111,6,1.0,0.3869,0.2,8,1.0,0.4307,0.25,11
xbrl-txn-2021-accounts-receivable-after-allowance-for-credit-loss-current-usd-0000097476-22-000009,hybrid,True,tables,1.0,0.3869,0.2,4,1.0,0.3869,0.2,7,1.0,0.5,0.3333,11,1.0,0.5,0.3333,13,1.0,0.5,0.3333,13,1.0,0.5,0.3333,13,1.0,0.6309,0.5,14,1.0,1.0,1.0,16
xbrl-txn-2021-right-of-use-asset-obtained-in-exchange-for-operating-lease-liability-usd-0000097476-22-000009,bm25,True,tables,0.5,0.6131,1.0,2,0.5,0.6131,1.0,2,0.5,0.6131,1.0,2,0.5,0.6131,1.0,2,0.5,0.6131,1.0,2,0.5,0.6131,1.0,3,0.5,0.6131,1.0,7,0.5,0.6131,1.0,15
xbrl-txn-2021-right-of-use-asset-obtained-in-exchange-for-operating-lease-liability-usd-0000097476-22-000009,hybrid,True,tables,0.5,0.6131,1.0,1,0.5,0.6131,1.0,4,0.5,0.6131,1.0,10,0.5,0.6131,1.0,10,0.5,0.6131,1.0,10,0.5,0.6131,1.0,11,0.5,0.6131,1.0,15,0.5,0.6131,1.0,16
xbrl-txn-2021-interest-and-debt-expense-usd-0000097476-22-000009,bm25,True,both,1.0,1.0,1.0,1,1.0,1.0,1.0,1,1.0,1.0,1.0,1,1.0,1.0,1.0,1,1.0,1.0,1.0,2,1.0,1.0,1.0,2,1.0,1.0,1.0,3,1.0,1.0,1.0,11
xbrl-txn-2021-interest-and-debt-expense-usd-0000097476-22-000009,hybrid,True,both,1.0,0.8175,1.0,3,1.0,0.8772,1.0,7,1.0,1.0,1.0,9,1.0,0.8772,1.0,9,1.0,0.8772,1.0,9,1.0,0.8316,1.0,10,1.0,0.4723,0.3333,13,1.0,0.3544,0.1429,15
xbrl-txn-2021-inventory-raw-materials-net-of-reserves-usd-0000097476-22-000009,bm25,True,tables,0.3333333333333333,0.2346,0.3333,2,0.3333333333333333,0.2346,0.3333,4,0.3333333333333333,0.2346,0.3333,4,0.3333333333333333,0.2346,0.3333,4,0.3333333333333333,0.2346,0.3333,5,0.3333333333333333,0.2346,0.3333,5,0.3333333333333333,0.2961,0.5,9,0.3333333333333333,0.4693,1.0,12
xbrl-txn-2021-inventory-raw-materials-net-of-reserves-usd-0000097476-22-000009,hybrid,True,tables,0.3333333333333333,0.2021,0.25,4,0.3333333333333333,0.2961,0.5,7,0.3333333333333333,0.4693,1.0,10,0.3333333333333333,0.4693,1.0,12,0.3333333333333333,0.4693,1.0,12,0.3333333333333333,0.4693,1.0,13,0.3333333333333333,0.4693,1.0,16,0.3333333333333333,0.4693,1.0,16
xbrl-txn-2021-depreciation-usd-0000097476-22-000009,bm25,True,tables,1.0,0.3155,0.125,1,1.0,0.3333,0.1429,1,1.0,0.3333,0.1429,1,1.0,0.3869,0.2,2,1.0,0.5,0.3333,2,1.0,1.0,1.0,2,1.0,1.0,1.0,6,1.0,1.0,1.0,9
xbrl-txn-2021-depreciation-usd-0000097476-22-000009,hybrid,True,tables,1.0,0.3869,0.2,3,1.0,1.0,1.0,9,1.0,1.0,1.0,12,1.0,1.0,1.0,13,1.0,1.0,1.0,14,1.0,1.0,1.0,15,1.0,1.0,1.0,15,1.0,0.6309,0.5,16
xbrl-txn-2021-prepaid-expense-and-other-assets-current-usd-0000097476-22-000009,bm25,True,both,1.0,0.6509,0.5,2,1.0,0.6509,0.5,2,1.0,0.6509,0.5,2,1.0,0.6509,0.5,2,1.0,0.6509,0.5,3,1.0,0.6509,0.5,4,1.0,0.6509,0.5,5,1.0,0.5912,0.5,10
xbrl-txn-2021-prepaid-expense-and-other-assets-current-usd-0000097476-22-000009,hybrid,True,both,1.0,0.9197,1.0,3,1.0,0.9197,1.0,7,1.0,0.9197,1.0,9,1.0,0.8066,1.0,10,1.0,0.7977,1.0,10,1.0,0.7904,1.0,11,0.5,0.6131,1.0,15,0.5,0.6131,1.0,16
xbrl-txn-2021-liabilities-and-equity-usd-0000097476-22-000009,bm25,True,tables,0.0,0.0,0.0,0,0.0,0.0,0.0,0,0.0,0.0,0.0,2,0.0,0.0,0.0,2,0.0,0.0,0.0,4,0.5,0.1569,0.0714,5,1.0,0.3978,0.1429,7,1.0,0.4556,0.2,13
xbrl-txn-2021-liabilities-and-equity-usd-0000097476-22-000009,hybrid,True,tables,0.0,0.0,0.0,3,1.0,0.3503,0.1111,8,1.0,0.4228,0.1667,10,1.0,0.4228,0.1667,10,1.0,0.4228,0.1667,11,1.0,0.4228,0.1667,11,1.0,0.4416,0.2,14,1.0,0.4118,0.1667,16
xbrl-txn-2022-other-sundry-liabilities-noncurrent-usd-0000097476-23-000007,bm25,True,both,0.0,0.0,0.0,2,0.0,0.0,0.0,2,0.0,0.0,0.0,2,0.0,0.0,0.0,2,0.0,0.0,0.0,2,0.0,0.0,0.0,2,0.0,0.0,0.0,3,0.0,0.0,0.0,8
xbrl-txn-2022-other-sundry-liabilities-noncurrent-usd-0000097476-23-000007,hybrid,True,both,0.0,0.0,0.0,4,0.0,0.0,0.0,8,0.0,0.0,0.0,10,0.0,0.0,0.0,11,0.0,0.0,0.0,11,0.0,0.0,0.0,11,0.0,0.0,0.0,14,0.3333333333333333,0.1148,0.0625,16
xbrl-txn-2022-gross-profit-usd-0000097476-23-000007,bm25,True,tables,1.0,0.4307,0.25,6,1.0,0.5,0.3333,6,1.0,0.5,0.3333,6,1.0,0.5,0.3333,6,1.0,0.6309,0.5,6,1.0,0.6309,0.5,6,1.0,1.0,1.0,6,1.0,1.0,1.0,8
xbrl-txn-2022-gross-profit-usd-0000097476-23-000007,hybrid,True,tables,1.0,0.3562,0.1667,7,1.0,0.5,0.3333,11,1.0,0.6309,0.5,11,1.0,0.6309,0.5,13,1.0,0.6309,0.5,13,1.0,0.6309,0.5,13,1.0,0.6309,0.5,15,1.0,0.6309,0.5,16
xbrl-txn-2022-net-income-loss-available-to-common-stockholders-diluted-usd-0000097476-23-000007,bm25,True,tables,1.0,0.5706,0.3333,8,1.0,1.0,1.0,9,1.0,1.0,1.0,10,1.0,1.0,1.0,10,1.0,1.0,1.0,11,1.0,1.0,1.0,11,1.0,1.0,1.0,13,1.0,1.0,1.0,16
xbrl-txn-2022-net-income-loss-available-to-common-stockholders-diluted-usd-0000097476-23-000007,hybrid,True,tables,1.0,0.5438,0.3333,9,1.0,1.0,1.0,13,1.0,1.0,1.0,14,1.0,1.0,1.0,15,1.0,1.0,1.0,16,1.0,1.0,1.0,16,1.0,1.0,1.0,16,1.0,1.0,1.0,16
xbrl-txn-2022-recorded-unconditional-purchase-obligation-to-be-paid-year-four-usd-0000097476-23-000007,bm25,True,tables,0.0,0.0,0.0,1,0.0,0.0,0.0,2,0.0,0.0,0.0,2,0.0,0.0,0.0,2,0.0,0.0,0.0,2,0.0,0.0,0.0,2,0.0,0.0,0.0,5,0.0,0.0,0.0,11
xbrl-txn-2022-recorded-unconditional-purchase-obligation-to-be-paid-year-four-usd-0000097476-23-000007,hybrid,True,tables,0.0,0.0,0.0,3,0.5,0.1772,0.1,7,0.5,0.2184,0.1667,10,0.5,0.2184,0.1667,10,0.5,0.2044,0.1429,11,0.5,0.1934,0.125,12,0.5,0.1772,0.1,13,0.5,0.1569,0.0714,16
xbrl-txn-2022-proceeds-from-sale-maturity-and-collection-of-short-term-investments-usd-0000097476-23-000007,bm25,True,tables,1.0,0.3869,0.2,5,1.0,0.4307,0.25,7,1.0,0.5,0.3333,7,1.0,0.6309,0.5,7,1.0,0.6309,0.5,8,1.0,1.0,1.0,8,1.0,1.0,1.0,10,1.0,1.0,1.0,10
xbrl-txn-2022-proceeds-from-sale-maturity-and-collection-of-short-term-investments-usd-0000097476-23-000007,hybrid,True,tables,1.0,0.4307,0.25,7,1.0,0.6309,0.5,11,1.0,1.0,1.0,12,1.0,1.0,1.0,12,1.0,1.0,1.0,12,1.0,1.0,1.0,12,1.0,1.0,1.0,14,1.0,1.0,1.0,16
xbrl-txn-2022-deferred-tax-assets-net-of-valuation-allowance-usd-0000097476-23-000007,bm25,True,both,1.0,0.8855,1.0,4,1.0,0.8855,1.0,4,1.0,0.8855,1.0,5,1.0,0.8855,1.0,6,1.0,0.8855,1.0,7,1.0,0.8855,1.0,7,1.0,0.8711,1.0,10,1.0,0.7279,1.0,12
xbrl-txn-2022-deferred-tax-assets-net-of-valuation-allowance-usd-0000097476-23-000007,hybrid,True,both,1.0,0.9675,1.0,4,1.0,0.9469,1.0,8,1.0,0.9325,1.0,11,1.0,0.901,1.0,13,0.6666666666666666,0.7654,1.0,15,0.6666666666666666,0.6714,1.0,15,0.3333333333333333,0.4693,1.0,16,0.3333333333333333,0.4693,1.0,16
xbrl-txn-2022-other-nonoperating-income-usd-0000097476-23-000007,bm25,True,tables,0.0,0.0,0.0,3,0.0,0.0,0.0,4,0.0,0.0,0.0,5,0.0,0.0,0.0,6,0.0,0.0,0.0,7,0.0,0.0,0.0,8,0.5,0.1657,0.0833,12,0.5,0.1846,0.1111,16
xbrl-txn-2022-other-nonoperating-income-usd-0000097476-23-000007,hybrid,True,tables,0.5,0.2184,0.1667,7,0.5,0.2184,0.1667,13,0.5,0.2372,0.2,15,0.5,0.2372,0.2,15,0.5,0.2372,0.2,15,0.5,0.2372,0.2,15,0.5,0.2372,0.2,16,0.5,0.2641,0.25,16
xbrl-txn-2022-accumulated-other-comprehensive-income-loss-defined-benefit-plan-gain-loss-after-tax-usd-0000097476-23-000007,bm25,True,prose,0.6666666666666666,0.2374,0.0714,5,0.6666666666666666,0.2374,0.0714,5,0.6666666666666666,0.2374,0.0714,5,0.3333333333333333,0.1173,0.0667,7,0.0,0.0,0.0,9,0.0,0.0,0.0,9,0.0,0.0,0.0,10,0.0,0.0,0.0,15
xbrl-txn-2022-accumulated-other-comprehensive-income-loss-defined-benefit-plan-gain-loss-after-tax-usd-0000097476-23-000007,hybrid,True,prose,0.6666666666666666,0.3048,0.2,5,0.3333333333333333,0.1672,0.1667,10,0.3333333333333333,0.1201,0.0714,13,0.0,0.0,0.0,15,0.0,0.0,0.0,15,0.0,0.0,0.0,15,0.0,0.0,0.0,16,0.0,0.0,0.0,16
xbrl-txn-2022-deferred-tax-assets-tax-deferred-expense-reserves-and-accruals-accrued-liabilities-usd-0000097476-23-000007,bm25,True,both,0.3333333333333333,0.4693,1.0,6,0.3333333333333333,0.4693,1.0,6,0.3333333333333333,0.4693,1.0,6,0.3333333333333333,0.4693,1.0,6,0.3333333333333333,0.4693,1.0,7,0.3333333333333333,0.4693,1.0,7,0.3333333333333333,0.4693,1.0,8,0.3333333333333333,0.4693,1.0,11
xbrl-txn-2022-deferred-tax-assets-tax-deferred-expense-reserves-and-accruals-accrued-liabilities-usd-0000097476-23-000007,hybrid,True,both,0.3333333333333333,0.4693,1.0,6,0.3333333333333333,0.4693,1.0,9,0.3333333333333333,0.4693,1.0,11,0.3333333333333333,0.4693,1.0,12,0.3333333333333333,0.4693,1.0,12,0.3333333333333333,0.4693,1.0,12,0.3333333333333333,0.4693,1.0,13,0.3333333333333333,0.4693,1.0,14
xbrl-txn-2022-other-sundry-liabilities-current-usd-0000097476-23-000007,bm25,True,tables,0.0,0.0,0.0,2,0.0,0.0,0.0,3,0.0,0.0,0.0,4,0.0,0.0,0.0,4,0.0,0.0,0.0,5,0.0,0.0,0.0,5,0.0,0.0,0.0,6,0.0,0.0,0.0,8
xbrl-txn-2022-other-sundry-liabilities-current-usd-0000097476-23-000007,hybrid,True,tables,0.0,0.0,0.0,4,0.0,0.0,0.0,8,0.0,0.0,0.0,10,0.0,0.0,0.0,11,0.0,0.0,0.0,11,0.0,0.0,0.0,11,0.0,0.0,0.0,13,0.0,0.0,0.0,16
xbrl-txn-2022-deferred-tax-liabilities-property-plant-and-equipment-usd-0000097476-23-000007,bm25,True,tables,1.0,1.0,1.0,4,1.0,1.0,1.0,4,1.0,1.0,1.0,4,1.0,1.0,1.0,5,1.0,1.0,1.0,5,1.0,1.0,1.0,6,1.0,1.0,1.0,6,1.0,1.0,1.0,9
xbrl-txn-2022-deferred-tax-liabilities-property-plant-and-equipment-usd-0000097476-23-000007,hybrid,True,tables,1.0,1.0,1.0,4,1.0,1.0,1.0,6,1.0,1.0,1.0,9,1.0,1.0,1.0,11,1.0,1.0,1.0,11,1.0,1.0,1.0,12,1.0,1.0,1.0,16,1.0,1.0,1.0,16
xbrl-txn-2022-common-stock-shares-authorized-shares-0000097476-23-000007,bm25,True,tables,1.0,0.5,0.3333,6,1.0,0.6309,0.5,6,1.0,1.0,1.0,7,1.0,1.0,1.0,7,1.0,1.0,1.0,7,1.0,1.0,1.0,8,1.0,1.0,1.0,10,1.0,1.0,1.0,14
xbrl-txn-2022-common-stock-shares-authorized-shares-0000097476-23-000007,hybrid,True,tables,1.0,0.5,0.3333,11,1.0,0.6309,0.5,12,1.0,0.6309,0.5,14,1.0,1.0,1.0,15,1.0,1.0,1.0,15,1.0,1.0,1.0,16,1.0,1.0,1.0,16,1.0,1.0,1.0,16
xbrl-txn-2022-weighted-average-number-of-shares-outstanding-diluted-shares-0000097476-23-000007,bm25,True,tables,0.5,0.3066,0.3333,11,0.5,0.3869,0.5,11,0.5,0.6131,1.0,11,0.5,0.6131,1.0,11,0.5,0.6131,1.0,11,1.0,0.7632,1.0,12,1.0,0.7664,1.0,12,1.0,0.7788,1.0,14
xbrl-txn-2022-weighted-average-number-of-shares-outstanding-diluted-shares-0000097476-23-000007,hybrid,True,tables,0.5,0.3869,0.5,12,1.0,0.7664,1.0,14,1.0,0.7742,1.0,15,1.0,0.7788,1.0,15,1.0,0.7742,1.0,15,1.0,0.7788,1.0,15,1.0,0.7701,1.0,16,1.0,0.7701,1.0,16
xbrl-txn-2022-assets-for-plan-benefits-defined-benefit-plan-usd-0000097476-23-000007,bm25,True,tables,0.0,0.0,0.0,5,0.0,0.0,0.0,6,0.0,0.0,0.0,6,0.0,0.0,0.0,6,0.0,0.0,0.0,7,0.0,0.0,0.0,8,0.3333333333333333,0.1148,0.0625,9,0.3333333333333333,0.1309,0.0909,12
xbrl-txn-2022-assets-for-plan-benefits-defined-benefit-plan-usd-0000097476-23-000007,hybrid,True,tables,0.0,0.0,0.0,4,0.0,0.0,0.0,7,0.3333333333333333,0.1173,0.0667,10,0.3333333333333333,0.1357,0.1,13,0.6666666666666666,0.2561,0.1111,16,0.6666666666666666,0.2505,0.1,16,0.6666666666666666,0.253,0.1,16,0.6666666666666666,0.2561,0.1111,16
xbrl-txn-2022-liabilities-usd-0000097476-23-000007,bm25,True,tables,0.0,0.0,0.0,2,0.0,0.0,0.0,2,0.0,0.0,0.0,2,0.0,0.0,0.0,2,0.0,0.0,0.0,2,0.0,0.0,0.0,2,0.0,0.0,0.0,3,0.0,0.0,0.0,9
xbrl-txn-2022-liabilities-usd-0000097476-23-000007,hybrid,True,tables,0.0,0.0,0.0,4,0.0,0.0,0.0,8,0.0,0.0,0.0,9,0.0,0.0,0.0,10,1.0,0.3333,0.1429,10,1.0,0.3155,0.125,11,1.0,0.301,0.1111,12,1.0,0.301,0.1111,16
xbrl-txn-2022-selling-general-and-administrative-expense-usd-0000097476-23-000007,bm25,True,tables,1.0,1.0,1.0,1,1.0,1.0,1.0,2,1.0,1.0,1.0,2,1.0,1.0,1.0,2,1.0,1.0,1.0,2,1.0,1.0,1.0,2,1.0,1.0,1.0,3,1.0,1.0,1.0,13
xbrl-txn-2022-selling-general-and-administrative-expense-usd-0000097476-23-000007,hybrid,True,tables,1.0,0.3333,0.1429,1,1.0,0.4307,0.25,5,1.0,1.0,1.0,9,1.0,1.0,1.0,11,1.0,1.0,1.0,11,1.0,1.0,1.0,12,1.0,1.0,1.0,14,1.0,1.0,1.0,15
xbrl-txn-2022-net-income-loss-available-to-common-stockholders-basic-usd-0000097476-23-000007,bm25,True,tables,1.0,1.0,1.0,7,1.0,1.0,1.0,9,1.0,1.0,1.0,9,1.0,1.0,1.0,10,1.0,1.0,1.0,10,1.0,1.0,1.0,10,1.0,1.0,1.0,13,1.0,1.0,1.0,16
xbrl-txn-2022-net-income-loss-available-to-common-stockholders-basic-usd-0000097476-23-000007,hybrid,True,tables,1.0,0.5,0.3333,8,1.0,1.0,1.0,11,1.0,1.0,1.0,15,1.0,0.6309,0.5,16,1.0,0.6309,0.5,16,1.0,0.6309,0.5,16,1.0,0.6309,0.5,16,1.0,0.6309,0.5,16
xbrl-txn-2022-weighted-average-number-of-shares-outstanding-basic-shares-0000097476-23-000007,bm25,True,tables,0.5,0.3066,0.3333,11,0.5,0.3869,0.5,11,0.5,0.3869,0.5,11,0.5,0.6131,1.0,11,1.0,0.7632,1.0,12,1.0,0.7632,1.0,12,1.0,0.7701,1.0,12,1.0,0.7788,1.0,14
xbrl-txn-2022-weighted-average-number-of-shares-outstanding-basic-shares-0000097476-23-000007,hybrid,True,tables,0.5,0.2044,0.1429,11,1.0,0.3717,0.1667,13,1.0,0.3905,0.2,14,1.0,0.4251,0.25,14,1.0,0.3982,0.2,14,1.0,0.3982,0.2,14,1.0,0.3982,0.2,16,1.0,0.3982,0.2,16
xbrl-txn-2022-increase-decrease-in-other-operating-assets-and-liabilities-net-usd-0000097476-23-000007,bm25,True,both,0.5,0.3066,0.3333,2,0.5,0.3066,0.3333,2,0.5,0.3066,0.3333,2,0.5,0.2641,0.25,3,0.5,0.2641,0.25,3,0.5,0.2372,0.2,3,0.5,0.2184,0.1667,6,0.5,0.1569,0.0714,13
xbrl-txn-2022-increase-decrease-in-other-operating-assets-and-liabilities-net-usd-0000097476-23-000007,hybrid,True,both,0.5,0.3869,0.5,3,0.5,0.3066,0.3333,5,0.5,0.15,0.0625,11,0.5,0.1569,0.0714,12,0.5,0.1533,0.0667,13,0.5,0.15,0.0625,13,0.0,0.0,0.0,16,0.0,0.0,0.0,16
xbrl-txn-2022-share-based-payment-arrangement-nonvested-award-cost-not-yet-recognized-amount-usd-0000097476-23-000007,bm25,True,both,0.5,0.6131,1.0,5,0.5,0.6131,1.0,5,0.5,0.6131,1.0,5,0.5,0.6131,1.0,6,0.5,0.6131,1.0,6,0.5,0.6131,1.0,7,0.5,0.6131,1.0,10,0.5,0.2184,0.1667,13
xbrl-txn-2022-share-based-payment-arrangement-nonvested-award-cost-not-yet-recognized-amount-usd-0000097476-23-000007,hybrid,True,both,0.5,0.6131,1.0,5,0.5,0.6131,1.0,8,0.5,0.1657,0.0833,12,0.5,0.171,0.0909,13,0.5,0.171,0.0909,13,0.5,0.171,0.0909,13,0.5,0.171,0.0909,14,0.5,0.15,0.0625,15
xbrl-txn-2023-common-stock-shares-authorized-shares-0000097476-24-000007,bm25,True,tables,1.0,0.5,0.3333,6,1.0,0.6309,0.5,6,1.0,1.0,1.0,7,1.0,1.0,1.0,7,1.0,1.0,1.0,8,1.0,1.0,1.0,8,1.0,1.0,1.0,10,1.0,1.0,1.0,14
xbrl-txn-2023-common-stock-shares-authorized-shares-0000097476-24-000007,hybrid,True,tables,1.0,0.6309,0.5,9,1.0,0.6309,0.5,13,1.0,1.0,1.0,15,1.0,1.0,1.0,15,1.0,1.0,1.0,15,1.0,1.0,1.0,16,1.0,1.0,1.0,16,1.0,1.0,1.0,16
xbrl-txn-2023-other-sundry-liabilities-current-usd-0000097476-24-000007,bm25,True,tables,0.0,0.0,0.0,2,0.0,0.0,0.0,3,0.0,0.0,0.0,4,0.0,0.0,0.0,4,0.0,0.0,0.0,4,0.0,0.0,0.0,4,0.0,0.0,0.0,5,0.0,0.0,0.0,7
xbrl-txn-2023-other-sundry-liabilities-current-usd-0000097476-24-000007,hybrid,True,tables,0.0,0.0,0.0,2,0.0,0.0,0.0,6,0.0,0.0,0.0,11,0.0,0.0,0.0,11,0.0,0.0,0.0,11,0.0,0.0,0.0,12,0.0,0.0,0.0,13,0.0,0.0,0.0,16
xbrl-txn-2023-increase-decrease-in-inventories-usd-0000097476-24-000007,bm25,True,tables,1.0,1.0,1.0,2,1.0,1.0,1.0,2,1.0,1.0,1.0,3,1.0,1.0,1.0,3,1.0,1.0,1.0,4,1.0,1.0,1.0,4,1.0,1.0,1.0,6,1.0,1.0,1.0,11
xbrl-txn-2023-increase-decrease-in-inventories-usd-0000097476-24-000007,hybrid,True,tables,1.0,0.4307,0.25,2,1.0,0.6309,0.5,8,1.0,1.0,1.0,11,1.0,1.0,1.0,12,1.0,1.0,1.0,12,1.0,1.0,1.0,13,1.0,1.0,1.0,15,1.0,1.0,1.0,16
xbrl-txn-2023-goodwill-usd-0000097476-24-000007,bm25,True,tables,0.3333333333333333,0.1357,0.1,1,0.3333333333333333,0.1357,0.1,1,0.3333333333333333,0.148,0.125,1,0.3333333333333333,0.148,0.125,1,0.3333333333333333,0.1564,0.1429,1,0.6666666666666666,0.294,0.1667,2,0.6666666666666666,0.4373,0.5,6,0.6666666666666666,0.7039,1.0,9
xbrl-txn-2023-goodwill-usd-0000097476-24-000007,hybrid,True,tables,0.6666666666666666,0.3501,0.25,3,0.6666666666666666,0.4982,0.5,9,0.6666666666666666,0.7654,1.0,11,0.6666666666666666,0.7654,1.0,12,0.6666666666666666,0.7654,1.0,13,0.6666666666666666,0.7654,1.0,13,0.6666666666666666,0.7654,1.0,13,0.6666666666666666,0.7654,1.0,16
xbrl-txn-2023-prepaid-expense-and-other-assets-current-usd-0000097476-24-000007,bm25,True,both,0.6666666666666666,0.4776,0.5,2,0.6666666666666666,0.4776,0.5,2,0.6666666666666666,0.4367,0.3333,2,0.6666666666666666,0.4367,0.3333,2,0.6666666666666666,0.4367,0.3333,3,0.6666666666666666,0.4982,0.5,3,0.6666666666666666,0.4982,0.5,5,0.6666666666666666,0.4525,0.5,10
xbrl-txn-2023-prepaid-expense-and-other-assets-current-usd-0000097476-24-000007,hybrid,True,both,0.6666666666666666,0.7039,1.0,3,0.6666666666666666,0.7654,1.0,7,0.6666666666666666,0.7039,1.0,8,0.6666666666666666,0.6257,1.0,9,0.6666666666666666,0.6257,1.0,9,0.6666666666666666,0.6173,1.0,10,0.6666666666666666,0.5894,1.0,12,0.3333333333333333,0.4693,1.0,16
xbrl-txn-2023-proceeds-from-issuance-or-sale-of-equity-usd-0000097476-24-000007,bm25,True,both,0.3333333333333333,0.2021,0.25,4,0.6666666666666666,0.3254,0.25,5,0.6666666666666666,0.3378,0.25,5,0.6666666666666666,0.3378,0.25,6,0.6666666666666666,0.3434,0.25,6,1.0,0.4734,0.25,7,1.0,0.4401,0.1429,10,1.0,0.4612,0.2,13
xbrl-txn-2023-proceeds-from-issuance-or-sale-of-equity-usd-0000097476-24-000007,hybrid,True,both,0.3333333333333333,0.1148,0.0625,4,1.0,0.4866,0.25,11,1.0,0.5038,0.25,12,1.0,0.5038,0.25,13,1.0,0.5038,0.25,13,1.0,0.5038,0.25,13,0.6666666666666666,0.4018,0.3333,16,0.6666666666666666,0.4162,0.3333,16
xbrl-txn-2023-operating-lease-liability-usd-0000097476-24-000007,bm25,True,tables,0.0,0.0,0.0,1,1.0,0.25,0.0667,2,1.0,0.2626,0.0769,2,1.0,0.2702,0.0833,2,1.0,0.2789,0.0909,2,1.0,0.3155,0.125,2,1.0,0.3869,0.2,4,1.0,0.5,0.3333,9
xbrl-txn-2023-operating-lease-liability-usd-0000097476-24-000007,hybrid,True,tables,1.0,0.3869,0.2,2,1.0,0.4307,0.25,6,1.0,0.5,0.3333,9,1.0,0.6309,0.5,10,1.0,0.6309,0.5,11,1.0,0.6309,0.5,11,1.0,0.6309,0.5,12,1.0,0.6309,0.5,16
xbrl-txn-2023-inventory-raw-materials-net-of-reserves-usd-0000097476-24-000007,bm25,True,tables,0.3333333333333333,0.2346,0.3333,2,0.3333333333333333,0.2346,0.3333,2,0.3333333333333333,0.2346,0.3333,3,0.3333333333333333,0.2346,0.3333,5,0.3333333333333333,0.2346,0.3333,5,0.3333333333333333,0.2346,0.3333,6,0.3333333333333333,0.2961,0.5,9,0.3333333333333333,0.4693,1.0,13
xbrl-txn-2023-inventory-raw-materials-net-of-reserves-usd-0000097476-24-000007,hybrid,True,tables,0.3333333333333333,0.1815,0.2,4,0.3333333333333333,0.1815,0.2,7,0.3333333333333333,0.2961,0.5,9,0.3333333333333333,0.4693,1.0,11,0.3333333333333333,0.4693,1.0,11,0.3333333333333333,0.4693,1.0,12,0.3333333333333333,0.4693,1.0,13,0.6666666666666666,0.6173,1.0,16
xbrl-txn-2023-proceeds-from-sale-maturity-and-collection-of-short-term-investments-usd-0000097476-24-000007,bm25,True,tables,1.0,0.4307,0.25,8,1.0,0.4307,0.25,8,1.0,0.4307,0.25,8,1.0,0.4307,0.25,9,1.0,0.6309,0.5,9,1.0,1.0,1.0,9,1.0,1.0,1.0,11,1.0,1.0,1.0,11
xbrl-txn-2023-proceeds-from-sale-maturity-and-collection-of-short-term-investments-usd-0000097476-24-000007,hybrid,True,tables,1.0,0.3155,0.125,6,1.0,0.5,0.3333,9,1.0,0.6309,0.5,12,1.0,0.5,0.3333,13,1.0,0.6309,0.5,13,1.0,1.0,1.0,13,1.0,0.5,0.3333,16,1.0,0.5,0.3333,16
xbrl-txn-2023-recorded-unconditional-purchase-obligation-to-be-paid-year-four-usd-0000097476-24-000007,bm25,True,tables,0.0,0.0,0.0,1,0.0,0.0,0.0,1,0.0,0.0,0.0,2,0.0,0.0,0.0,2,0.0,0.0,0.0,2,0.0,0.0,0.0,2,0.0,0.0,0.0,5,0.0,0.0,0.0,11
xbrl-txn-2023-recorded-unconditional-purchase-obligation-to-be-paid-year-four-usd-0000097476-24-000007,hybrid,True,tables,0.0,0.0,0.0,1,1.0,0.2447,0.0625,5,1.0,0.3155,0.125,10,1.0,0.3562,0.1667,11,1.0,0.3333,0.1429,11,1.0,0.3333,0.1429,11,1.0,0.2891,0.1,13,1.0,0.25,0.0667,16
xbrl-txn-2023-deferred-tax-assets-net-usd-0000097476-24-000007,bm25,True,tables,1.0,0.4351,0.25,5,1.0,0.4911,0.3333,5,1.0,0.5,0.3333,5,1.0,0.511,0.3333,6,1.0,0.5912,0.5,7,1.0,0.5912,0.5,8,1.0,0.6509,0.5,10,1.0,0.6934,0.5,12
xbrl-txn-2023-deferred-tax-assets-net-usd-0000097476-24-000007,hybrid,True,tables,1.0,0.6053,0.5,5,1.0,0.6053,0.5,8,1.0,0.6509,0.5,11,1.0,0.8772,1.0,15,1.0,0.9197,1.0,15,1.0,0.9197,1.0,15,1.0,0.9197,1.0,16,1.0,0.9197,1.0,16
xbrl-txn-2023-cash-and-cash-equivalents-fair-value-disclosure-usd-0000097476-24-000007,bm25,True,tables,0.6666666666666666,0.3169,0.25,3,0.6666666666666666,0.3615,0.3333,7,0.6666666666666666,0.3615,0.3333,7,1.0,0.4851,0.3333,8,1.0,0.5394,0.3333,10,1.0,0.5518,0.3333,10,1.0,0.6395,0.5,11,1.0,0.6788,0.5,15
xbrl-txn-2023-cash-and-cash-equivalents-fair-value-disclosure-usd-0000097476-24-000007,hybrid,True,tables,0.3333333333333333,0.2021,0.25,5,1.0,0.5173,0.25,12,1.0,0.5239,0.3333,13,1.0,0.6257,0.5,13,1.0,0.6788,0.5,14,1.0,0.6448,0.5,14,1.0,0.6197,0.5,16,1.0,0.6113,0.5,16
xbrl-txn-2023-employee-related-liabilities-current-usd-0000097476-24-000007,bm25,True,tables,0.0,0.0,0.0,1,1.0,0.2447,0.0625,2,1.0,0.25,0.0667,3,1.0,0.256,0.0714,3,1.0,0.256,0.0714,3,1.0,0.301,0.1111,3,1.0,0.6309,0.5,4,1.0,0.6309,0.5,8
xbrl-txn-2023-employee-related-liabilities-current-usd-0000097476-24-000007,hybrid,True,tables,1.0,0.4307,0.25,3,1.0,0.6309,0.5,7,1.0,0.6309,0.5,10,1.0,0.6309,0.5,10,1.0,0.6309,0.5,10,1.0,0.6309,0.5,10,1.0,0.6309,0.5,11,1.0,0.6309,0.5,16
xbrl-txn-2023-foreign-income-tax-expense-benefit-continuing-operations-usd-0000097476-24-000007,bm25,True,both,0.0,0.0,0.0,2,0.0,0.0,0.0,3,0.0,0.0,0.0,4,0.0,0.0,0.0,4,0.0,0.0,0.0,5,0.0,0.0,0.0,6,0.0,0.0,0.0,11,0.0,0.0,0.0,13
xbrl-txn-2023-foreign-income-tax-expense-benefit-continuing-operations-usd-0000097476-24-000007,hybrid,True,both,0.3333333333333333,0.1357,0.1,1,0.3333333333333333,0.1268,0.0833,5,0.0,0.0,0.0,12,0.0,0.0,0.0,15,0.0,0.0,0.0,15,0.0,0.0,0.0,16,0.0,0.0,0.0,16,0.0,0.0,0.0,16
xbrl-txn-2023-income-taxes-paid-net-usd-0000097476-24-000007,bm25,True,tables,0.0,0.0,0.0,9,0.0,0.0,0.0,9,0.0,0.0,0.0,9,0.0,0.0,0.0,9,0.0,0.0,0.0,9,0.0,0.0,0.0,9,0.0,0.0,0.0,13,0.0,0.0,0.0,16
xbrl-txn-2023-income-taxes-paid-net-usd-0000097476-24-000007,hybrid,True,tables,0.0,0.0,0.0,6,0.0,0.0,0.0,10,0.0,0.0,0.0,13,0.0,0.0,0.0,15,0.0,0.0,0.0,16,0.0,0.0,0.0,16,0.0,0.0,0.0,16,0.0,0.0,0.0,16
xbrl-txn-2023-long-term-debt-current-maturities-usd-0000097476-24-000007,bm25,True,tables,1.0,0.4825,0.25,3,1.0,0.5013,0.25,4,1.0,0.5013,0.25,4,1.0,0.6241,0.5,4,1.0,0.6934,0.5,4,1.0,0.6934,0.5,4,1.0,1.0,1.0,8,1.0,1.0,1.0,12
xbrl-txn-2023-long-term-debt-current-maturities-usd-0000097476-24-000007,hybrid,True,tables,1.0,0.5714,0.5,5,1.0,0.6934,0.5,8,1.0,0.9197,1.0,13,1.0,1.0,1.0,14,1.0,1.0,1.0,15,1.0,1.0,1.0,15,1.0,1.0,1.0,16,1.0,1.0,1.0,16
xbrl-txn-2023-treasury-stock-value-usd-0000097476-24-000007,bm25,True,tables,0.5,0.2044,0.1429,8,0.5,0.2044,0.1429,8,0.5,0.2184,0.1667,9,0.5,0.2184,0.1667,9,0.5,0.2184,0.1667,9,0.5,0.2184,0.1667,10,0.5,0.2184,0.1667,12,0.5,0.2372,0.2,14
xbrl-txn-2023-treasury-stock-value-usd-0000097476-24-000007,hybrid,True,tables,0.5,0.2372,0.2,10,0.5,0.2641,0.25,14,0.5,0.3869,0.5,14,0.5,0.3869,0.5,15,0.5,0.3869,0.5,15,0.5,0.3869,0.5,15,0.5,0.3869,0.5,16,0.5,0.3869,0.5,16
xbrl-txn-2023-net-income-loss-attributable-to-parent-usd-0000097476-24-000007,bm25,True,tables,0.3333333333333333,0.1268,0.0833,6,0.3333333333333333,0.148,0.125,6,0.6666666666666666,0.2737,0.1429,7,0.6666666666666666,0.294,0.1667,8,0.6666666666666666,0.2981,0.1667,8,0.6666666666666666,0.3172,0.2,8,1.0,0.4786,0.25,11,1.0,0.4942,0.25,14
xbrl-txn-2023-net-income-loss-attributable-to-parent-usd-0000097476-24-000007,hybrid,True,tables,0.6666666666666666,0.3296,0.2,7,1.0,0.4866,0.25,12,1.0,0.4961,0.25,14,1.0,0.5105,0.25,15,1.0,0.5471,0.3333,15,1.0,0.5471,0.3333,15,1.0,0.5471,0.3333,16,1.0,0.5471,0.3333,16
xbrl-txn-2023-assets-for-plan-benefits-defined-benefit-plan-usd-0000097476-24-000007,bm25,True,tables,0.0,0.0,0.0,5,0.0,0.0,0.0,6,0.0,0.0,0.0,6,0.0,0.0,0.0,6,0.0,0.0,0.0,7,0.0,0.0,0.0,8,0.0,0.0,0.0,8,0.0,0.0,0.0,11
xbrl-txn-2023-assets-for-plan-benefits-defined-benefit-plan-usd-0000097476-24-000007,hybrid,True,tables,0.0,0.0,0.0,4,0.0,0.0,0.0,6,0.0,0.0,0.0,9,0.0,0.0,0.0,12,0.3333333333333333,0.1148,0.0625,14,0.3333333333333333,0.1201,0.0714,16,0.3333333333333333,0.1268,0.0833,16,0.3333333333333333,0.1201,0.0714,16
xbrl-txn-2023-other-liabilities-current-usd-0000097476-24-000007,bm25,True,tables,0.5,0.171,0.0909,2,0.5,0.1934,0.125,3,0.5,0.2044,0.1429,4,0.5,0.2372,0.2,4,0.5,0.2641,0.25,4,0.5,0.2641,0.25,4,0.5,0.3869,0.5,5,0.5,0.3869,0.5,7
xbrl-txn-2023-other-liabilities-current-usd-0000097476-24-000007,hybrid,True,tables,0.5,0.2641,0.25,3,0.5,0.6131,1.0,8,0.5,0.6131,1.0,11,0.5,0.6131,1.0,11,0.5,0.6131,1.0,11,0.5,0.3869,0.5,11,0.5,0.3869,0.5,13,0.5,0.3869,0.5,16
xbrl-txn-2024-cash-and-cash-equivalents-fair-value-disclosure-usd-0000097476-25-000007,bm25,True,tables,0.6666666666666666,0.3017,0.2,5,0.6666666666666666,0.3289,0.25,7,1.0,0.4804,0.3333,8,1.0,0.5059,0.3333,9,1.0,0.5327,0.3333,10,1.0,0.5327,0.3333,10,1.0,0.6395,0.5,13,1.0,0.6788,0.5,15
xbrl-txn-2024-cash-and-cash-equivalents-fair-value-disclosure-usd-0000097476-25-000007,hybrid,True,tables,1.0,0.4858,0.25,9,1.0,0.5508,0.25,11,1.0,0.634,0.5,14,1.0,0.7328,0.5,14,1.0,0.7328,0.5,15,1.0,0.7123,0.5,15,1.0,0.6871,0.5,16,1.0,0.6871,0.5,16
xbrl-txn-2024-accumulated-other-comprehensive-income-loss-net-of-tax-usd-0000097476-25-000007,bm25,True,both,0.6666666666666666,0.6173,1.0,8,0.6666666666666666,0.6173,1.0,8,0.6666666666666666,0.4525,0.5,9,0.6666666666666666,0.4018,0.3333,9,0.6666666666666666,0.4162,0.3333,10,0.6666666666666666,0.4162,0.3333,10,0.6666666666666666,0.3836,0.25,12,0.6666666666666666,0.333,0.25,15
xbrl-txn-2024-accumulated-other-comprehensive-income-loss-net-of-tax-usd-0000097476-25-000007,hybrid,True,both,0.6666666666666666,0.5894,1.0,7,0.6666666666666666,0.6173,1.0,11,0.6666666666666666,0.3911,0.3333,14,0.6666666666666666,0.338,0.2,15,0.6666666666666666,0.2904,0.1667,15,0.3333333333333333,0.1672,0.1667,16,0.3333333333333333,0.1672,0.1667,16,0.3333333333333333,0.1672,0.1667,16
xbrl-txn-2024-liabilities-current-usd-0000097476-25-000007,bm25,True,tables,1.0,0.2626,0.0769,2,1.0,0.2702,0.0833,2,1.0,0.3155,0.125,3,1.0,0.3562,0.1667,3,1.0,0.3869,0.2,3,1.0,0.4307,0.25,4,1.0,0.6309,0.5,4,1.0,0.6309,0.5,6
xbrl-txn-2024-liabilities-current-usd-0000097476-25-000007,hybrid,True,tables,1.0,0.6309,0.5,4,1.0,0.6309,0.5,9,1.0,1.0,1.0,10,1.0,0.6309,0.5,12,1.0,0.6309,0.5,12,1.0,0.6309,0.5,12,1.0,1.0,1.0,14,1.0,1.0,1.0,16
xbrl-txn-2024-goodwill-usd-0000097476-25-000007,bm25,True,tables,0.3333333333333333,0.1309,0.0909,1,0.3333333333333333,0.1357,0.1,1,0.3333333333333333,0.1413,0.1111,1,0.3333333333333333,0.1564,0.1429,1,0.3333333333333333,0.1815,0.2,1,0.3333333333333333,0.1815,0.2,1,0.6666666666666666,0.3703,0.3333,5,0.6666666666666666,0.6714,1.0,8
xbrl-txn-2024-goodwill-usd-0000097476-25-000007,hybrid,True,tables,0.6666666666666666,0.3836,0.25,4,0.6666666666666666,0.4162,0.3333,7,0.6666666666666666,0.4367,0.3333,8,0.6666666666666666,0.4367,0.3333,10,0.6666666666666666,0.7654,1.0,12,0.6666666666666666,0.7654,1.0,12,0.6666666666666666,0.7654,1.0,12,0.6666666666666666,0.7654,1.0,16
xbrl-txn-2024-lessee-operating-lease-liability-to-be-paid-year-three-usd-0000097476-25-000007,bm25,True,both,0.0,0.0,0.0,1,0.0,0.0,0.0,1,0.0,0.0,0.0,1,0.0,0.0,0.0,1,0.0,0.0,0.0,1,0.0,0.0,0.0,1,0.0,0.0,0.0,3,0.0,0.0,0.0,9
xbrl-txn-2024-lessee-operating-lease-liability-to-be-paid-year-three-usd-0000097476-25-000007,hybrid,True,both,0.0,0.0,0.0,2,0.5,0.1934,0.125,7,0.5,0.2184,0.1667,7,0.5,0.2372,0.2,8,0.5,0.2372,0.2,9,0.5,0.2641,0.25,9,0.5,0.1934,0.125,10,0.5,0.3066,0.3333,14
xbrl-txn-2024-net-income-loss-available-to-common-stockholders-diluted-usd-0000097476-25-000007,bm25,True,tables,0.6666666666666666,0.4162,0.3333,8,1.0,0.7862,1.0,9,1.0,0.7915,1.0,10,1.0,0.824,1.0,10,1.0,0.8855,1.0,11,1.0,0.8886,1.0,11,1.0,0.9066,1.0,13,1.0,0.9066,1.0,16
xbrl-txn-2024-net-income-loss-available-to-common-stockholders-diluted-usd-0000097476-25-000007,hybrid,True,tables,1.0,0.5569,0.3333,9,1.0,0.8348,1.0,12,1.0,0.8396,1.0,14,1.0,0.9066,1.0,15,1.0,0.9066,1.0,16,1.0,0.672,0.5,16,1.0,0.672,0.5,16,1.0,0.672,0.5,16
xbrl-txn-2024-accounts-payable-current-usd-0000097476-25-000007,bm25,True,tables,0.3333333333333333,0.2346,0.3333,5,0.3333333333333333,0.2346,0.3333,6,0.3333333333333333,0.2346,0.3333,6,0.3333333333333333,0.2961,0.5,6,0.3333333333333333,0.2961,0.5,6,0.3333333333333333,0.2961,0.5,6,0.3333333333333333,0.2961,0.5,6,0.3333333333333333,0.2961,0.5,8
xbrl-txn-2024-accounts-payable-current-usd-0000097476-25-000007,hybrid,True,tables,0.3333333333333333,0.4693,1.0,6,0.3333333333333333,0.4693,1.0,11,0.3333333333333333,0.4693,1.0,12,0.3333333333333333,0.4693,1.0,12,0.3333333333333333,0.4693,1.0,12,0.3333333333333333,0.4693,1.0,12,0.3333333333333333,0.4693,1.0,13,0.3333333333333333,0.4693,1.0,16
xbrl-txn-2024-net-income-loss-available-to-common-stockholders-basic-usd-0000097476-25-000007,bm25,True,tables,0.6666666666666666,0.5841,1.0,8,0.6666666666666666,0.5866,1.0,8,0.6666666666666666,0.5894,1.0,9,0.6666666666666666,0.5894,1.0,9,0.6666666666666666,0.5925,1.0,10,0.6666666666666666,0.6049,1.0,10,1.0,0.7406,1.0,14,1.0,0.7482,1.0,16
xbrl-txn-2024-net-income-loss-available-to-common-stockholders-basic-usd-0000097476-25-000007,hybrid,True,tables,1.0,0.4478,0.25,9,1.0,0.753,1.0,11,1.0,0.7929,1.0,15,1.0,0.6197,0.5,16,1.0,0.5582,0.3333,16,1.0,0.5582,0.3333,16,1.0,0.5582,0.3333,16,1.0,0.5582,0.3333,16
xbrl-txn-2024-increase-decrease-in-accounts-payable-and-accrued-liabilities-usd-0000097476-25-000007,bm25,True,both,0.3333333333333333,0.4693,1.0,2,0.3333333333333333,0.4693,1.0,3,0.3333333333333333,0.4693,1.0,3,0.3333333333333333,0.4693,1.0,3,0.3333333333333333,0.4693,1.0,5,0.3333333333333333,0.4693,1.0,6,0.3333333333333333,0.4693,1.0,9,0.3333333333333333,0.4693,1.0,13
xbrl-txn-2024-increase-decrease-in-accounts-payable-and-accrued-liabilities-usd-0000097476-25-000007,hybrid,True,both,0.3333333333333333,0.1268,0.0833,2,0.3333333333333333,0.2961,0.5,7,0.3333333333333333,0.2961,0.5,13,0.3333333333333333,0.2961,0.5,14,0.3333333333333333,0.2961,0.5,14,0.3333333333333333,0.2961,0.5,14,0.3333333333333333,0.2961,0.5,16,0.3333333333333333,0.2961,0.5,16
xbrl-txn-2024-depreciation-usd-0000097476-25-000007,bm25,True,tables,1.0,0.3562,0.1667,1,1.0,0.3869,0.2,1,1.0,0.4307,0.25,1,1.0,0.5,0.3333,1,1.0,0.6309,0.5,2,1.0,0.6309,0.5,2,1.0,1.0,1.0,5,1.0,1.0,1.0,9
xbrl-txn-2024-depreciation-usd-0000097476-25-000007,hybrid,True,tables,0.0,0.0,0.0,3,1.0,0.5,0.3333,9,1.0,0.6309,0.5,11,1.0,0.6309,0.5,13,1.0,0.6309,0.5,14,1.0,0.6309,0.5,15,1.0,0.5,0.3333,15,1.0,0.5,0.3333,16
xbrl-txn-2024-other-sundry-liabilities-current-usd-0000097476-25-000007,bm25,True,tables,0.0,0.0,0.0,2,0.0,0.0,0.0,2,0.0,0.0,0.0,2,0.0,0.0,0.0,3,0.0,0.0,0.0,3,0.0,0.0,0.0,4,0.0,0.0,0.0,4,0.0,0.0,0.0,6
xbrl-txn-2024-other-sundry-liabilities-current-usd-0000097476-25-000007,hybrid,True,tables,0.0,0.0,0.0,3,0.0,0.0,0.0,9,0.0,0.0,0.0,12,0.0,0.0,0.0,12,0.0,0.0,0.0,13,0.0,0.0,0.0,13,0.0,0.0,0.0,14,0.0,0.0,0.0,16
xbrl-txn-2024-liabilities-and-equity-usd-0000097476-25-000007,bm25,True,tables,0.0,0.0,0.0,0,0.0,0.0,0.0,0,0.0,0.0,0.0,1,0.0,0.0,0.0,1,0.5,0.15,0.0625,3,0.5,0.1569,0.0714,3,1.0,0.4685,0.25,6,1.0,0.5706,0.3333,13
xbrl-txn-2024-liabilities-and-equity-usd-0000097476-25-000007,hybrid,True,tables,0.0,0.0,0.0,3,1.0,0.3591,0.125,7,1.0,0.4825,0.25,10,1.0,0.4685,0.25,11,1.0,0.4685,0.25,11,1.0,0.4575,0.25,11,1.0,0.4575,0.25,15,1.0,0.4082,0.2,16
xbrl-txn-2024-debt-instrument-unamortized-discount-premium-and-debt-issuance-costs-net-usd-0000097476-25-000007,bm25,True,tables,0.3333333333333333,0.4693,1.0,3,0.3333333333333333,0.4693,1.0,3,0.3333333333333333,0.4693,1.0,3,0.3333333333333333,0.4693,1.0,3,0.3333333333333333,0.4693,1.0,3,0.3333333333333333,0.4693,1.0,3,0.3333333333333333,0.4693,1.0,6,0.3333333333333333,0.4693,1.0,10
xbrl-txn-2024-debt-instrument-unamortized-discount-premium-and-debt-issuance-costs-net-usd-0000097476-25-000007,hybrid,True,tables,0.3333333333333333,0.2961,0.5,3,0.3333333333333333,0.4693,1.0,6,0.3333333333333333,0.4693,1.0,9,0.6666666666666666,0.6105,1.0,10,0.6666666666666666,0.6173,1.0,11,0.6666666666666666,0.6173,1.0,11,0.6666666666666666,0.6173,1.0,12,0.6666666666666666,0.6173,1.0,15
xbrl-txn-2024-proceeds-from-sale-maturity-and-collection-of-short-term-investments-usd-0000097476-25-000007,bm25,True,tables,1.0,0.5,0.3333,7,1.0,0.5,0.3333,7,1.0,1.0,1.0,7,1.0,1.0,1.0,7,1.0,1.0,1.0,8,1.0,1.0,1.0,9,1.0,1.0,1.0,10,1.0,1.0,1.0,10
xbrl-txn-2024-proceeds-from-sale-maturity-and-collection-of-short-term-investments-usd-0000097476-25-000007,hybrid,True,tables,1.0,0.2789,0.0909,6,1.0,0.3562,0.1667,9,1.0,0.5,0.3333,11,1.0,0.4307,0.25,11,1.0,0.3869,0.2,12,1.0,0.3869,0.2,13,1.0,0.3869,0.2,15,1.0,0.3869,0.2,16
xbrl-txn-2024-long-term-debt-excluding-current-maturities-usd-0000097476-25-000007,bm25,True,tables,1.0,0.4825,0.25,4,1.0,0.6241,0.5,4,1.0,0.6509,0.5,4,1.0,0.6934,0.5,4,1.0,0.6934,0.5,4,1.0,0.6934,0.5,4,1.0,1.0,1.0,7,1.0,1.0,1.0,13
xbrl-txn-2024-long-term-debt-excluding-current-maturities-usd-0000097476-25-000007,hybrid,True,tables,1.0,0.8772,1.0,5,1.0,1.0,1.0,8,1.0,1.0,1.0,11,1.0,1.0,1.0,14,1.0,1.0,1.0,15,1.0,1.0,1.0,15,1.0,1.0,1.0,16,1.0,1.0,1.0,16
xbrl-txn-2024-income-loss-from-continuing-operations-before-income-taxes-foreign-usd-0000097476-25-000007,bm25,True,tables,0.0,0.0,0.0,5,0.0,0.0,0.0,5,0.0,0.0,0.0,6,0.0,0.0,0.0,6,0.0,0.0,0.0,7,0.0,0.0,0.0,8,0.0,0.0,0.0,10,0.0,0.0,0.0,15
xbrl-txn-2024-income-loss-from-continuing-operations-before-income-taxes-foreign-usd-0000097476-25-000007,hybrid,True,tables,0.0,0.0,0.0,2,0.0,0.0,0.0,8,0.0,0.0,0.0,13,0.0,0.0,0.0,16,0.0,0.0,0.0,16,0.0,0.0,0.0,16,0.0,0.0,0.0,16,0.0,0.0,0.0,16
xbrl-txn-2024-income-tax-expense-benefit-usd-0000097476-25-000007,bm25,True,both,0.3333333333333333,0.2021,0.25,3,0.3333333333333333,0.2021,0.25,3,0.3333333333333333,0.1672,0.1667,4,0.3333333333333333,0.1672,0.1667,5,0.6666666666666666,0.2873,0.1667,6,0.6666666666666666,0.2904,0.1667,8,0.6666666666666666,0.2769,0.1111,11,0.3333333333333333,0.1672,0.1667,13
xbrl-txn-2024-income-tax-expense-benefit-usd-0000097476-25-000007,hybrid,True,both,0.3333333333333333,0.2346,0.3333,4,0.3333333333333333,0.2346,0.3333,9,0.3333333333333333,0.1268,0.0833,12,0.3333333333333333,0.1148,0.0625,16,0.3333333333333333,0.1173,0.0667,16,0.3333333333333333,0.1148,0.0625,16,0.3333333333333333,0.1173,0.0667,16,0.0,0.0,0.0,16
xbrl-txn-2024-recorded-unconditional-purchase-obligation-usd-0000097476-25-000007,bm25,True,tables,0.0,0.0,0.0,1,0.0,0.0,0.0,1,0.0,0.0,0.0,1,0.0,0.0,0.0,1,0.0,0.0,0.0,1,0.0,0.0,0.0,2,1.0,0.301,0.1111,4,1.0,0.4307,0.25,9
xbrl-txn-2024-recorded-unconditional-purchase-obligation-usd-0000097476-25-000007,hybrid,True,tables,1.0,0.3333,0.1429,1,1.0,0.3869,0.2,6,1.0,1.0,1.0,10,1.0,1.0,1.0,11,1.0,1.0,1.0,11,1.0,1.0,1.0,11,1.0,1.0,1.0,13,1.0,1.0,1.0,16
xbrl-txn-2024-long-term-debt-usd-0000097476-25-000007,bm25,True,tables,0.0,0.0,0.0,4,0.0,0.0,0.0,4,0.0,0.0,0.0,4,0.0,0.0,0.0,4,0.0,0.0,0.0,5,0.0,0.0,0.0,6,0.0,0.0,0.0,9,0.0,0.0,0.0,13
xbrl-txn-2024-long-term-debt-usd-0000097476-25-000007,hybrid,True,tables,0.0,0.0,0.0,5,0.0,0.0,0.0,9,0.0,0.0,0.0,12,0.0,0.0,0.0,14,0.0,0.0,0.0,14,0.0,0.0,0.0,16,0.0,0.0,0.0,16,0.0,0.0,0.0,16
xbrl-txn-2024-recorded-unconditional-purchase-obligation-to-be-paid-year-one-usd-0000097476-25-000007,bm25,True,tables,0.0,0.0,0.0,1,0.0,0.0,0.0,2,0.0,0.0,0.0,2,0.0,0.0,0.0,2,0.0,0.0,0.0,2,0.0,0.0,0.0,2,0.0,0.0,0.0,5,0.0,0.0,0.0,11
xbrl-txn-2024-recorded-unconditional-purchase-obligation-to-be-paid-year-one-usd-0000097476-25-000007,hybrid,True,tables,0.0,0.0,0.0,2,1.0,0.2626,0.0769,7,1.0,0.3155,0.125,11,1.0,0.3333,0.1429,11,1.0,0.3333,0.1429,11,1.0,0.3333,0.1429,11,1.0,0.3155,0.125,13,1.0,0.2789,0.0909,15
xbrl-txn-2025-us-gaap-governmentassistanceamountcumulativecurrent-usd-0000097476-26-000059,bm25,False,tables,0.0,0.0,0.0,1,0.0,0.0,0.0,1,0.0,0.0,0.0,1,0.0,0.0,0.0,1,0.0,0.0,0.0,1,0.0,0.0,0.0,1,0.0,0.0,0.0,1,0.0,0.0,0.0,1
xbrl-txn-2025-us-gaap-governmentassistanceamountcumulativecurrent-usd-0000097476-26-000059,hybrid,False,tables,0.0,0.0,0.0,1,0.0,0.0,0.0,1,0.0,0.0,0.0,1,0.0,0.0,0.0,1,0.0,0.0,0.0,1,0.0,0.0,0.0,1,0.0,0.0,0.0,1,0.0,0.0,0.0,1
xbrl-txn-2025-net-income-loss-attributable-to-parent-usd-0000097476-26-000059,bm25,True,tables,0.0,0.0,0.0,4,0.0,0.0,0.0,4,0.6666666666666666,0.2406,0.0769,6,0.6666666666666666,0.2434,0.0769,6,0.6666666666666666,0.2577,0.0909,6,0.6666666666666666,0.2873,0.1429,7,0.6666666666666666,0.3487,0.2,10,1.0,0.472,0.2,16
xbrl-txn-2025-net-income-loss-attributable-to-parent-usd-0000097476-26-000059,hybrid,True,tables,0.3333333333333333,0.1413,0.1111,4,0.6666666666666666,0.3236,0.1667,11,1.0,0.4841,0.25,14,1.0,0.4985,0.25,15,1.0,0.501,0.25,16,1.0,0.501,0.25,16,1.0,0.5806,0.5,16,1.0,0.5834,0.5,16
xbrl-txn-2025-capitalized-computer-software-net-usd-0000097476-26-000059,bm25,True,both,0.5,0.2372,0.2,4,0.5,0.2641,0.25,4,0.5,0.2641,0.25,4,0.5,0.2641,0.25,5,0.5,0.2641,0.25,5,0.5,0.2641,0.25,6,0.5,0.3869,0.5,10,0.5,0.3869,0.5,13
xbrl-txn-2025-capitalized-computer-software-net-usd-0000097476-26-000059,hybrid,True,both,0.5,0.3066,0.3333,8,0.5,0.3869,0.5,11,0.5,0.3869,0.5,15,0.5,0.3869,0.5,16,0.5,0.3869,0.5,16,0.5,0.3869,0.5,16,0.5,0.3869,0.5,16,0.5,0.3869,0.5,16
xbrl-txn-2025-deferred-tax-assets-tax-deferred-expense-compensation-and-benefits-share-based-compensation-cost-usd-0000097476-26-000059,bm25,True,tables,0.3333333333333333,0.4693,1.0,2,0.3333333333333333,0.4693,1.0,3,0.3333333333333333,0.4693,1.0,3,0.3333333333333333,0.4693,1.0,3,0.3333333333333333,0.4693,1.0,3,0.3333333333333333,0.4693,1.0,4,0.3333333333333333,0.4693,1.0,9,0.3333333333333333,0.4693,1.0,14
xbrl-txn-2025-deferred-tax-assets-tax-deferred-expense-compensation-and-benefits-share-based-compensation-cost-usd-0000097476-26-000059,hybrid,True,tables,0.3333333333333333,0.2961,0.5,2,0.3333333333333333,0.4693,1.0,4,0.3333333333333333,0.4693,1.0,11,0.3333333333333333,0.4693,1.0,14,0.3333333333333333,0.4693,1.0,16,0.3333333333333333,0.4693,1.0,16,0.3333333333333333,0.4693,1.0,16,0.3333333333333333,0.4693,1.0,16
xbrl-txn-2025-liabilities-usd-0000097476-26-000059,bm25,True,tables,0.0,0.0,0.0,1,0.0,0.0,0.0,1,0.0,0.0,0.0,1,0.0,0.0,0.0,1,0.0,0.0,0.0,1,0.0,0.0,0.0,1,0.0,0.0,0.0,3,1.0,0.25,0.0667,8
xbrl-txn-2025-liabilities-usd-0000097476-26-000059,hybrid,True,tables,0.0,0.0,0.0,2,1.0,0.2702,0.0833,7,1.0,0.3869,0.2,10,1.0,0.3869,0.2,11,1.0,0.4307,0.25,11,1.0,0.3869,0.2,11,1.0,0.3155,0.125,13,1.0,0.3155,0.125,16
xbrl-txn-2025-prepaid-expense-and-other-assets-current-usd-0000097476-26-000059,bm25,True,tables,0.5,0.3066,0.3333,2,0.5,0.3066,0.3333,2,0.5,0.3066,0.3333,2,0.5,0.3066,0.3333,2,0.5,0.3869,0.5,2,0.5,0.3869,0.5,3,0.5,0.3869,0.5,5,0.5,0.3869,0.5,9
xbrl-txn-2025-prepaid-expense-and-other-assets-current-usd-0000097476-26-000059,hybrid,True,tables,0.5,0.6131,1.0,3,0.5,0.6131,1.0,5,0.5,0.6131,1.0,9,0.5,0.6131,1.0,9,0.5,0.6131,1.0,9,0.5,0.6131,1.0,9,0.5,0.6131,1.0,14,0.5,0.6131,1.0,16
xbrl-txn-2025-treasury-stock-common-shares-shares-0000097476-26-000059,bm25,True,tables,0.0,0.0,0.0,10,0.0,0.0,0.0,10,0.0,0.0,0.0,10,0.0,0.0,0.0,10,0.0,0.0,0.0,10,0.0,0.0,0.0,10,0.0,0.0,0.0,12,0.0,0.0,0.0,14
xbrl-txn-2025-treasury-stock-common-shares-shares-0000097476-26-000059,hybrid,True,tables,0.0,0.0,0.0,9,0.0,0.0,0.0,13,0.5,0.1533,0.0667,15,0.5,0.1533,0.0667,15,0.5,0.1533,0.0667,16,0.5,0.1569,0.0714,16,0.5,0.1569,0.0714,16,0.5,0.1569,0.0714,16
xbrl-txn-2025-property-plant-and-equipment-net-usd-0000097476-26-000059,bm25,True,tables,1.0,0.6509,0.5,3,1.0,0.6934,0.5,3,1.0,0.6934,0.5,3,1.0,0.9197,1.0,3,1.0,0.9197,1.0,3,1.0,1.0,1.0,4,1.0,1.0,1.0,7,1.0,1.0,1.0,8
xbrl-txn-2025-property-plant-and-equipment-net-usd-0000097476-26-000059,hybrid,True,tables,1.0,0.6934,0.5,3,1.0,1.0,1.0,6,1.0,1.0,1.0,9,1.0,1.0,1.0,10,1.0,1.0,1.0,10,1.0,1.0,1.0,10,1.0,1.0,1.0,12,1.0,1.0,1.0,16
xbrl-txn-2025-inventory-finished-goods-net-of-reserves-usd-0000097476-26-000059,bm25,True,tables,1.0,0.6309,0.5,2,1.0,0.6309,0.5,3,1.0,0.6309,0.5,3,1.0,0.6309,0.5,4,1.0,0.6309,0.5,5,1.0,0.6309,0.5,6,1.0,1.0,1.0,11,1.0,1.0,1.0,14
xbrl-txn-2025-inventory-finished-goods-net-of-reserves-usd-0000097476-26-000059,hybrid,True,tables,1.0,0.6309,0.5,4,1.0,1.0,1.0,7,1.0,1.0,1.0,12,1.0,1.0,1.0,13,1.0,1.0,1.0,13,1.0,1.0,1.0,14,1.0,1.0,1.0,16,1.0,1.0,1.0,16
xbrl-txn-2025-debt-securities-available-for-sale-maturity-allocated-and-single-maturity-date-rolling-within-one-year-fair-value-usd-0000097476-26-000059,bm25,True,prose,1.0,0.5,0.3333,1,1.0,0.5,0.3333,2,1.0,0.5,0.3333,2,1.0,0.5,0.3333,3,1.0,0.5,0.3333,3,1.0,0.5,0.3333,4,1.0,0.4307,0.25,6,1.0,0.3155,0.125,9
xbrl-txn-2025-debt-securities-available-for-sale-maturity-allocated-and-single-maturity-date-rolling-within-one-year-fair-value-usd-0000097476-26-000059,hybrid,True,prose,1.0,1.0,1.0,3,1.0,1.0,1.0,6,1.0,1.0,1.0,9,1.0,0.5,0.3333,10,1.0,0.2626,0.0769,11,1.0,0.2626,0.0769,11,1.0,0.256,0.0714,12,0.0,0.0,0.0,16
xbrl-txn-2025-accounts-receivable-after-allowance-for-credit-loss-current-usd-0000097476-26-000059,bm25,True,tables,0.0,0.0,0.0,4,1.0,0.2626,0.0769,5,1.0,0.2891,0.1,5,1.0,0.2891,0.1,6,1.0,0.301,0.1111,6,1.0,0.3155,0.125,6,1.0,0.3562,0.1667,11,1.0,0.3562,0.1667,13
xbrl-txn-2025-accounts-receivable-after-allowance-for-credit-loss-current-usd-0000097476-26-000059,hybrid,True,tables,1.0,0.3869,0.2,4,1.0,0.4307,0.25,6,1.0,0.5,0.3333,11,1.0,0.5,0.3333,12,1.0,0.6309,0.5,12,1.0,0.6309,0.5,13,1.0,0.6309,0.5,15,1.0,0.6309,0.5,16
xbrl-txn-2025-assets-usd-0000097476-26-000059,bm25,True,tables,0.0,0.0,0.0,1,0.0,0.0,0.0,1,0.0,0.0,0.0,2,0.0,0.0,0.0,2,0.0,0.0,0.0,2,0.0,0.0,0.0,2,0.0,0.0,0.0,5,0.0,0.0,0.0,10
xbrl-txn-2025-assets-usd-0000097476-26-000059,hybrid,True,tables,0.0,0.0,0.0,3,0.5,0.1657,0.0833,7,0.5,0.2044,0.1429,9,0.5,0.1934,0.125,10,0.5,0.1934,0.125,11,0.5,0.1772,0.1,12,0.5,0.2641,0.25,12,0.5,0.3066,0.3333,16
xbrl-txn-2025-payments-for-repurchase-of-common-stock-usd-0000097476-26-000059,bm25,True,tables,0.0,0.0,0.0,4,0.0,0.0,0.0,4,0.0,0.0,0.0,4,1.0,0.2626,0.0769,6,1.0,0.2789,0.0909,6,1.0,0.301,0.1111,7,1.0,0.3333,0.1429,12,1.0,0.3869,0.2,16
xbrl-txn-2025-payments-for-repurchase-of-common-stock-usd-0000097476-26-000059,hybrid,True,tables,1.0,0.256,0.0714,5,1.0,0.301,0.1111,6,1.0,0.3333,0.1429,12,1.0,0.3869,0.2,13,1.0,0.3869,0.2,15,1.0,0.3869,0.2,15,1.0,0.3869,0.2,16,1.0,0.4307,0.25,16
xbrl-txn-2025-long-term-debt-usd-0000097476-26-000059,bm25,True,tables,0.0,0.0,0.0,3,0.0,0.0,0.0,3,0.0,0.0,0.0,4,0.0,0.0,0.0,4,0.0,0.0,0.0,5,0.0,0.0,0.0,5,0.0,0.0,0.0,9,0.0,0.0,0.0,12
xbrl-txn-2025-long-term-debt-usd-0000097476-26-000059,hybrid,True,tables,0.0,0.0,0.0,4,0.0,0.0,0.0,7,0.0,0.0,0.0,11,0.0,0.0,0.0,12,0.0,0.0,0.0,13,0.0,0.0,0.0,13,0.0,0.0,0.0,16,0.0,0.0,0.0,16
xbrl-txn-2025-increase-decrease-in-inventories-usd-0000097476-26-000059,bm25,True,both,0.6666666666666666,0.2789,0.125,4,0.6666666666666666,0.2873,0.1429,4,0.6666666666666666,0.2873,0.1429,4,0.6666666666666666,0.2981,0.1667,4,0.6666666666666666,0.3124,0.2,5,0.6666666666666666,0.3084,0.2,5,0.6666666666666666,0.3289,0.25,6,0.3333333333333333,0.2021,0.25,12
xbrl-txn-2025-increase-decrease-in-inventories-usd-0000097476-26-000059,hybrid,True,both,0.6666666666666666,0.5961,1.0,3,0.6666666666666666,0.4776,0.5,7,0.6666666666666666,0.4982,0.5,11,0.6666666666666666,0.4367,0.3333,11,0.3333333333333333,0.2346,0.3333,13,0.3333333333333333,0.2346,0.3333,13,0.3333333333333333,0.2346,0.3333,15,0.3333333333333333,0.2021,0.25,16
xbrl-txn-2025-increase-decrease-in-income-taxes-payable-usd-0000097476-26-000059,bm25,True,tables,1.0,0.301,0.1111,5,1.0,0.3333,0.1429,6,1.0,0.3562,0.1667,7,1.0,0.3869,0.2,7,1.0,0.3869,0.2,8,1.0,0.3869,0.2,8,1.0,0.4307,0.25,9,1.0,0.4307,0.25,14
xbrl-txn-2025-increase-decrease-in-income-taxes-payable-usd-0000097476-26-000059,hybrid,True,tables,0.0,0.0,0.0,4,0.0,0.0,0.0,7,1.0,0.301,0.1111,12,1.0,0.3155,0.125,15,1.0,0.3155,0.125,16,1.0,0.3155,0.125,16,1.0,0.3155,0.125,16,1.0,0.2891,0.1,16
xbrl-txn-2025-selling-general-and-administrative-expense-usd-0000097476-26-000059,bm25,True,tables,1.0,0.8772,1.0,4,1.0,0.8772,1.0,4,1.0,0.8772,1.0,4,1.0,0.8772,1.0,4,1.0,0.8772,1.0,5,1.0,0.8772,1.0,5,1.0,0.8772,1.0,5,1.0,0.8772,1.0,13
xbrl-txn-2025-selling-general-and-administrative-expense-usd-0000097476-26-000059,hybrid,True,tables,1.0,0.5479,0.5,4,1.0,0.7904,1.0,6,1.0,0.8772,1.0,9,1.0,0.8772,1.0,11,1.0,0.8772,1.0,11,1.0,0.8772,1.0,12,1.0,0.8772,1.0,15,1.0,0.8316,1.0,16
xbrl-txn-2025-current-state-and-local-tax-expense-benefit-usd-0000097476-26-000059,bm25,True,both,0.0,0.0,0.0,1,0.0,0.0,0.0,2,0.0,0.0,0.0,2,0.0,0.0,0.0,2,0.0,0.0,0.0,2,0.0,0.0,0.0,4,0.0,0.0,0.0,5,0.0,0.0,0.0,11
xbrl-txn-2025-current-state-and-local-tax-expense-benefit-usd-0000097476-26-000059,hybrid,True,both,0.0,0.0,0.0,0,0.0,0.0,0.0,4,0.0,0.0,0.0,7,0.0,0.0,0.0,10,0.0,0.0,0.0,12,0.0,0.0,0.0,13,0.0,0.0,0.0,15,0.0,0.0,0.0,16
xbrl-txn-2025-other-deferred-compensation-arrangements-liability-classified-noncurrent-usd-0000097476-26-000059,bm25,True,both,0.3333333333333333,0.4693,1.0,1,0.3333333333333333,0.4693,1.0,2,0.3333333333333333,0.4693,1.0,2,0.3333333333333333,0.4693,1.0,3,0.3333333333333333,0.4693,1.0,3,0.3333333333333333,0.4693,1.0,3,0.3333333333333333,0.4693,1.0,6,0.6666666666666666,0.3434,0.25,14
xbrl-txn-2025-other-deferred-compensation-arrangements-liability-classified-noncurrent-usd-0000097476-26-000059,hybrid,True,both,0.3333333333333333,0.4693,1.0,2,0.6666666666666666,0.5866,1.0,7,0.6666666666666666,0.6105,1.0,12,0.6666666666666666,0.3911,0.3333,12,0.6666666666666666,0.2614,0.1111,14,0.6666666666666666,0.2586,0.1111,14,0.6666666666666666,0.2737,0.1429,15,0.3333333333333333,0.1564,0.1429,16
xbrl-txn-2025-deferred-tax-assets-valuation-allowance-usd-0000097476-26-000059,bm25,True,both,0.3333333333333333,0.2346,0.3333,2,0.3333333333333333,0.2346,0.3333,3,0.3333333333333333,0.2346,0.3333,3,0.3333333333333333,0.2346,0.3333,4,0.3333333333333333,0.2346,0.3333,4,0.3333333333333333,0.2346,0.3333,6,0.3333333333333333,0.2021,0.25,8,0.3333333333333333,0.1672,0.1667,12
xbrl-txn-2025-deferred-tax-assets-valuation-allowance-usd-0000097476-26-000059,hybrid,True,both,0.3333333333333333,0.2961,0.5,4,0.3333333333333333,0.2346,0.3333,7,0.3333333333333333,0.2346,0.3333,12,0.3333333333333333,0.2346,0.3333,15,0.3333333333333333,0.1564,0.1429,15,0.0,0.0,0.0,16,0.0,0.0,0.0,16,0.0,0.0,0.0,16
