id,ticker,fiscal_year,metric,question,expected,outcome,answer
AAPL-2021-revenue,AAPL,2021,revenue,What was Apple's total revenue in fiscal year 2021?,365817000000,model: wrong figure or none,"Apple's total net sales for fiscal year 2021 were $365,812 million (or $365.81 billion). [12]"
AAPL-2021-net_income,AAPL,2021,net_income,What was Apple's net income in fiscal year 2021?,94680000000,from the facts store,"Apple Inc. reported net income of $94,680,000,000 for fiscal year 2021, ended 2021-09-25. [1]"
AAPL-2021-operating_income,AAPL,2021,operating_income,What was Apple's operating income in fiscal year 2021?,108949000000,from the facts store,"Apple Inc. reported operating income of $108,949,000,000 for fiscal year 2021, ended 2021-09-25. [1]"
AAPL-2021-assets,AAPL,2021,assets,What was Apple's total assets in fiscal year 2021?,351002000000,from the facts store,"Apple Inc. reported total assets of $351,002,000,000 for fiscal year 2021, ended 2021-09-25. [1]"
AAPL-2021-liabilities,AAPL,2021,liabilities,What was Apple's total liabilities in fiscal year 2021?,287912000000,from the facts store,"Apple Inc. reported total liabilities of $287,912,000,000 for fiscal year 2021, ended 2021-09-25. [1]"
AAPL-2021-accounts_payable,AAPL,2021,accounts_payable,What was Apple's accounts payable in fiscal year 2021?,54763000000,from the facts store,"Apple Inc. reported accounts payable of $54,763,000,000 for fiscal year 2021, ended 2021-09-25. [1]"
AAPL-2021-inventory,AAPL,2021,inventory,What was Apple's inventories in fiscal year 2021?,6580000000,from the facts store,"Apple Inc. reported inventories of $6,580,000,000 for fiscal year 2021, ended 2021-09-25. [1]"
AAPL-2021-cash,AAPL,2021,cash,What was Apple's cash and cash equivalents in fiscal year 2021?,34940000000,model: wrong figure or none,"Apple's cash and cash equivalents as of September 25, 2021, were $17,305 million. [2] The ending balance of cash, cash equivalents, and restricted cash for the year ended September 25, 2021, was $35,929 million, though this includes restricted cash. [4]"
AAPL-2021-diluted_eps,AAPL,2021,diluted_eps,What was Apple's diluted earnings per share in fiscal year 2021?,5.61,from the facts store,"Apple Inc. reported diluted earnings per share of $5.61 per share for fiscal year 2021, ended 2021-09-25. [1]"
AAPL-2021-basic_eps,AAPL,2021,basic_eps,What was Apple's basic earnings per share in fiscal year 2021?,5.67,from the facts store,"Apple Inc. reported basic earnings per share of $5.67 per share for fiscal year 2021, ended 2021-09-25. [1]"
AAPL-2021-operating_cash,AAPL,2021,operating_cash,What was Apple's cash from operations in fiscal year 2021?,104038000000,model: abstained,The filings do not answer this question.
AAPL-2022-revenue,AAPL,2022,revenue,What was Apple's total revenue in fiscal year 2022?,394328000000,model: abstained,The filings do not answer this question.
AAPL-2022-net_income,AAPL,2022,net_income,What was Apple's net income in fiscal year 2022?,99803000000,from the facts store,"Apple Inc. reported net income of $99,803,000,000 for fiscal year 2022, ended 2022-09-24. [1]"
AAPL-2022-operating_income,AAPL,2022,operating_income,What was Apple's operating income in fiscal year 2022?,119437000000,from the facts store,"Apple Inc. reported operating income of $119,437,000,000 for fiscal year 2022, ended 2022-09-24. [1]"
AAPL-2022-assets,AAPL,2022,assets,What was Apple's total assets in fiscal year 2022?,352755000000,from the facts store,"Apple Inc. reported total assets of $352,755,000,000 for fiscal year 2022, ended 2022-09-24. [1]"
AAPL-2022-liabilities,AAPL,2022,liabilities,What was Apple's total liabilities in fiscal year 2022?,302083000000,from the facts store,"Apple Inc. reported total liabilities of $302,083,000,000 for fiscal year 2022, ended 2022-09-24. [1]"
AAPL-2022-accounts_payable,AAPL,2022,accounts_payable,What was Apple's accounts payable in fiscal year 2022?,64115000000,from the facts store,"Apple Inc. reported accounts payable of $64,115,000,000 for fiscal year 2022, ended 2022-09-24. [1]"
AAPL-2022-inventory,AAPL,2022,inventory,What was Apple's inventories in fiscal year 2022?,4946000000,from the facts store,"Apple Inc. reported inventories of $4,946,000,000 for fiscal year 2022, ended 2022-09-24. [1]"
AAPL-2022-cash,AAPL,2022,cash,What was Apple's cash and cash equivalents in fiscal year 2022?,23646000000,model: wrong figure or none,"Apple's cash and cash equivalents at the end of fiscal year 2022 were $24,977 million as of September 24, 2022. [4] The beginning balance of cash, cash equivalents, and restricted cash for fiscal year 2022 was $35,929 million as of September 25, 2021, before the decrease of $10,952 million during the year. [4] Cash and cash equivalents alone (excluding restricted cash) were $18,546 million as of September 24, 2022, per the table of financial instruments. [2]"
AAPL-2022-diluted_eps,AAPL,2022,diluted_eps,What was Apple's diluted earnings per share in fiscal year 2022?,6.11,from the facts store,"Apple Inc. reported diluted earnings per share of $6.11 per share for fiscal year 2022, ended 2022-09-24. [1]"
AAPL-2022-basic_eps,AAPL,2022,basic_eps,What was Apple's basic earnings per share in fiscal year 2022?,6.15,from the facts store,"Apple Inc. reported basic earnings per share of $6.15 per share for fiscal year 2022, ended 2022-09-24. [1]"
AAPL-2022-operating_cash,AAPL,2022,operating_cash,What was Apple's cash from operations in fiscal year 2022?,122151000000,model: right,Apple's cash generated by operating activities in fiscal year 2022 was $122.151 billion. [16]
AAPL-2023-revenue,AAPL,2023,revenue,What was Apple's total revenue in fiscal year 2023?,383285000000,from the facts store,"Apple Inc. reported total revenue of $383,285,000,000 for fiscal year 2023, ended 2023-09-30. [1]"
AAPL-2023-net_income,AAPL,2023,net_income,What was Apple's net income in fiscal year 2023?,96995000000,from the facts store,"Apple Inc. reported net income of $96,995,000,000 for fiscal year 2023, ended 2023-09-30. [1]"
AAPL-2023-operating_income,AAPL,2023,operating_income,What was Apple's operating income in fiscal year 2023?,114301000000,from the facts store,"Apple Inc. reported operating income of $114,301,000,000 for fiscal year 2023, ended 2023-09-30. [1]"
AAPL-2023-assets,AAPL,2023,assets,What was Apple's total assets in fiscal year 2023?,352583000000,from the facts store,"Apple Inc. reported total assets of $352,583,000,000 for fiscal year 2023, ended 2023-09-30. [1]"
AAPL-2023-liabilities,AAPL,2023,liabilities,What was Apple's total liabilities in fiscal year 2023?,290437000000,from the facts store,"Apple Inc. reported total liabilities of $290,437,000,000 for fiscal year 2023, ended 2023-09-30. [1]"
AAPL-2023-accounts_payable,AAPL,2023,accounts_payable,What was Apple's accounts payable in fiscal year 2023?,62611000000,from the facts store,"Apple Inc. reported accounts payable of $62,611,000,000 for fiscal year 2023, ended 2023-09-30. [1]"
AAPL-2023-inventory,AAPL,2023,inventory,What was Apple's inventories in fiscal year 2023?,6331000000,from the facts store,"Apple Inc. reported inventories of $6,331,000,000 for fiscal year 2023, ended 2023-09-30. [1]"
AAPL-2023-cash,AAPL,2023,cash,What was Apple's cash and cash equivalents in fiscal year 2023?,29965000000,model: wrong figure or none,"Apple's cash and cash equivalents totaled $28,359 million as of September 30, 2023, according to the Level 1 category in the financial statements. [1] The total cash, cash equivalents, and unrestricted marketable securities were $148.3 billion as of September 30, 2023, though this includes marketable securities beyond cash and cash equivalents. [3]"
AAPL-2023-diluted_eps,AAPL,2023,diluted_eps,What was Apple's diluted earnings per share in fiscal year 2023?,6.13,from the facts store,"Apple Inc. reported diluted earnings per share of $6.13 per share for fiscal year 2023, ended 2023-09-30. [1]"
AAPL-2023-basic_eps,AAPL,2023,basic_eps,What was Apple's basic earnings per share in fiscal year 2023?,6.16,from the facts store,"Apple Inc. reported basic earnings per share of $6.16 per share for fiscal year 2023, ended 2023-09-30. [1]"
AAPL-2023-operating_cash,AAPL,2023,operating_cash,What was Apple's cash from operations in fiscal year 2023?,110543000000,model: wrong figure or none,"Apple's cash from operations in fiscal year 2023 was $5.760 billion, as shown in the increase/(decrease) in cash, cash equivalents and restricted cash for the year ended September 30, 2023. [9]"
AAPL-2024-revenue,AAPL,2024,revenue,What was Apple's total revenue in fiscal year 2024?,391035000000,from the facts store,"Apple Inc. reported total revenue of $391,035,000,000 for fiscal year 2024, ended 2024-09-28. [1]"
AAPL-2024-net_income,AAPL,2024,net_income,What was Apple's net income in fiscal year 2024?,93736000000,from the facts store,"Apple Inc. reported net income of $93,736,000,000 for fiscal year 2024, ended 2024-09-28. [1]"
AAPL-2024-operating_income,AAPL,2024,operating_income,What was Apple's operating income in fiscal year 2024?,123216000000,from the facts store,"Apple Inc. reported operating income of $123,216,000,000 for fiscal year 2024, ended 2024-09-28. [1]"
AAPL-2024-assets,AAPL,2024,assets,What was Apple's total assets in fiscal year 2024?,364980000000,from the facts store,"Apple Inc. reported total assets of $364,980,000,000 for fiscal year 2024, ended 2024-09-28. [1]"
AAPL-2024-liabilities,AAPL,2024,liabilities,What was Apple's total liabilities in fiscal year 2024?,308030000000,from the facts store,"Apple Inc. reported total liabilities of $308,030,000,000 for fiscal year 2024, ended 2024-09-28. [1]"
AAPL-2024-accounts_payable,AAPL,2024,accounts_payable,What was Apple's accounts payable in fiscal year 2024?,68960000000,from the facts store,"Apple Inc. reported accounts payable of $68,960,000,000 for fiscal year 2024, ended 2024-09-28. [1]"
AAPL-2024-inventory,AAPL,2024,inventory,What was Apple's inventories in fiscal year 2024?,7286000000,from the facts store,"Apple Inc. reported inventories of $7,286,000,000 for fiscal year 2024, ended 2024-09-28. [1]"
AAPL-2024-cash,AAPL,2024,cash,What was Apple's cash and cash equivalents in fiscal year 2024?,29943000000,from the facts store,"Apple Inc. reported cash and cash equivalents of $29,943,000,000 for fiscal year 2024, ended 2024-09-28. [1]"
AAPL-2024-diluted_eps,AAPL,2024,diluted_eps,What was Apple's diluted earnings per share in fiscal year 2024?,6.08,from the facts store,"Apple Inc. reported diluted earnings per share of $6.08 per share for fiscal year 2024, ended 2024-09-28. [1]"
AAPL-2024-basic_eps,AAPL,2024,basic_eps,What was Apple's basic earnings per share in fiscal year 2024?,6.11,from the facts store,"Apple Inc. reported basic earnings per share of $6.11 per share for fiscal year 2024, ended 2024-09-28. [1]"
AAPL-2024-operating_cash,AAPL,2024,operating_cash,What was Apple's cash from operations in fiscal year 2024?,118254000000,model: wrong figure or none,"Apple's cash generated by operating activities in fiscal year 2024 was $121,983 million (or $121.98 billion), as shown in the consolidated statements of cash flows. [11]"
AAPL-2025-revenue,AAPL,2025,revenue,What was Apple's total revenue in fiscal year 2025?,416161000000,from the facts store,"Apple Inc. reported total revenue of $416,161,000,000 for fiscal year 2025, ended 2025-09-27. [1]"
AAPL-2025-net_income,AAPL,2025,net_income,What was Apple's net income in fiscal year 2025?,112010000000,from the facts store,"Apple Inc. reported net income of $112,010,000,000 for fiscal year 2025, ended 2025-09-27. [1]"
AAPL-2025-operating_income,AAPL,2025,operating_income,What was Apple's operating income in fiscal year 2025?,133050000000,from the facts store,"Apple Inc. reported operating income of $133,050,000,000 for fiscal year 2025, ended 2025-09-27. [1]"
AAPL-2025-assets,AAPL,2025,assets,What was Apple's total assets in fiscal year 2025?,359241000000,from the facts store,"Apple Inc. reported total assets of $359,241,000,000 for fiscal year 2025, ended 2025-09-27. [1]"
AAPL-2025-liabilities,AAPL,2025,liabilities,What was Apple's total liabilities in fiscal year 2025?,285508000000,from the facts store,"Apple Inc. reported total liabilities of $285,508,000,000 for fiscal year 2025, ended 2025-09-27. [1]"
AAPL-2025-accounts_payable,AAPL,2025,accounts_payable,What was Apple's accounts payable in fiscal year 2025?,69860000000,from the facts store,"Apple Inc. reported accounts payable of $69,860,000,000 for fiscal year 2025, ended 2025-09-27. [1]"
AAPL-2025-inventory,AAPL,2025,inventory,What was Apple's inventories in fiscal year 2025?,5718000000,from the facts store,"Apple Inc. reported inventories of $5,718,000,000 for fiscal year 2025, ended 2025-09-27. [1]"
AAPL-2025-cash,AAPL,2025,cash,What was Apple's cash and cash equivalents in fiscal year 2025?,35934000000,from the facts store,"Apple Inc. reported cash and cash equivalents of $35,934,000,000 for fiscal year 2025, ended 2025-09-27. [1]"
AAPL-2025-diluted_eps,AAPL,2025,diluted_eps,What was Apple's diluted earnings per share in fiscal year 2025?,7.46,from the facts store,"Apple Inc. reported diluted earnings per share of $7.46 per share for fiscal year 2025, ended 2025-09-27. [1]"
AAPL-2025-basic_eps,AAPL,2025,basic_eps,What was Apple's basic earnings per share in fiscal year 2025?,7.49,from the facts store,"Apple Inc. reported basic earnings per share of $7.49 per share for fiscal year 2025, ended 2025-09-27. [1]"
AAPL-2025-operating_cash,AAPL,2025,operating_cash,What was Apple's cash from operations in fiscal year 2025?,111482000000,model: abstained,The filings do not answer this question.
ADBE-2021-revenue,ADBE,2021,revenue,What was Adobe's total revenue in fiscal year 2021?,15785000000,from the facts store,"ADOBE INC. reported total revenue of $15,785,000,000 for fiscal year 2021, ended 2021-12-03. [1]"
ADBE-2021-net_income,ADBE,2021,net_income,What was Adobe's net income in fiscal year 2021?,4822000000,from the facts store,"ADOBE INC. reported net income of $4,822,000,000 for fiscal year 2021, ended 2021-12-03. [1]"
ADBE-2021-operating_income,ADBE,2021,operating_income,What was Adobe's operating income in fiscal year 2021?,5802000000,from the facts store,"ADOBE INC. reported operating income of $5,802,000,000 for fiscal year 2021, ended 2021-12-03. [1]"
ADBE-2021-assets,ADBE,2021,assets,What was Adobe's total assets in fiscal year 2021?,27241000000,from the facts store,"ADOBE INC. reported total assets of $27,241,000,000 for fiscal year 2021, ended 2021-12-03. [1]"
ADBE-2021-liabilities,ADBE,2021,liabilities,What was Adobe's total liabilities in fiscal year 2021?,12444000000,from the facts store,"ADOBE INC. reported total liabilities of $12,444,000,000 for fiscal year 2021, ended 2021-12-03. [1]"
ADBE-2021-accounts_payable,ADBE,2021,accounts_payable,What was Adobe's accounts payable in fiscal year 2021?,312000000,model: right,"Adobe's trade payables (accounts payable) were $312 million as of December 3, 2021. [5]"
ADBE-2021-inventory,ADBE,2021,inventory,What was Adobe's inventories in fiscal year 2021?,,model: abstained,The filings do not answer this question.
ADBE-2021-cash,ADBE,2021,cash,What was Adobe's cash and cash equivalents in fiscal year 2021?,3844000000,from the facts store,"ADOBE INC. reported cash and cash equivalents of $3,844,000,000 for fiscal year 2021, ended 2021-12-03. [1]"
ADBE-2021-diluted_eps,ADBE,2021,diluted_eps,What was Adobe's diluted earnings per share in fiscal year 2021?,10.02,from the facts store,"ADOBE INC. reported diluted earnings per share of $10.02 per share for fiscal year 2021, ended 2021-12-03. [1]"
ADBE-2021-basic_eps,ADBE,2021,basic_eps,What was Adobe's basic earnings per share in fiscal year 2021?,10.1,from the facts store,"ADOBE INC. reported basic earnings per share of $10.1 per share for fiscal year 2021, ended 2021-12-03. [1]"
ADBE-2021-operating_cash,ADBE,2021,operating_cash,What was Adobe's cash from operations in fiscal year 2021?,7230000000,from the facts store,"ADOBE INC. reported cash from operations of $7,230,000,000 for fiscal year 2021, ended 2021-12-03. [1]"
ADBE-2022-revenue,ADBE,2022,revenue,What was Adobe's total revenue in fiscal year 2022?,17606000000,from the facts store,"ADOBE INC. reported total revenue of $17,606,000,000 for fiscal year 2022, ended 2022-12-02. [1]"
ADBE-2022-net_income,ADBE,2022,net_income,What was Adobe's net income in fiscal year 2022?,4756000000,from the facts store,"ADOBE INC. reported net income of $4,756,000,000 for fiscal year 2022, ended 2022-12-02. [1]"
ADBE-2022-operating_income,ADBE,2022,operating_income,What was Adobe's operating income in fiscal year 2022?,6098000000,from the facts store,"ADOBE INC. reported operating income of $6,098,000,000 for fiscal year 2022, ended 2022-12-02. [1]"
ADBE-2022-assets,ADBE,2022,assets,What was Adobe's total assets in fiscal year 2022?,27165000000,from the facts store,"ADOBE INC. reported total assets of $27,165,000,000 for fiscal year 2022, ended 2022-12-02. [1]"
ADBE-2022-liabilities,ADBE,2022,liabilities,What was Adobe's total liabilities in fiscal year 2022?,13114000000,from the facts store,"ADOBE INC. reported total liabilities of $13,114,000,000 for fiscal year 2022, ended 2022-12-02. [1]"
ADBE-2022-accounts_payable,ADBE,2022,accounts_payable,What was Adobe's accounts payable in fiscal year 2022?,379000000,model: right,"Adobe's accounts payable, referred to as 'trade payables,' was $379 million in fiscal year 2022. [5]"
ADBE-2022-inventory,ADBE,2022,inventory,What was Adobe's inventories in fiscal year 2022?,,model: abstained,The filings do not answer this question.
ADBE-2022-cash,ADBE,2022,cash,What was Adobe's cash and cash equivalents in fiscal year 2022?,4236000000,from the facts store,"ADOBE INC. reported cash and cash equivalents of $4,236,000,000 for fiscal year 2022, ended 2022-12-02. [1]"
ADBE-2022-diluted_eps,ADBE,2022,diluted_eps,What was Adobe's diluted earnings per share in fiscal year 2022?,10.1,from the facts store,"ADOBE INC. reported diluted earnings per share of $10.1 per share for fiscal year 2022, ended 2022-12-02. [1]"
ADBE-2022-basic_eps,ADBE,2022,basic_eps,What was Adobe's basic earnings per share in fiscal year 2022?,10.13,from the facts store,"ADOBE INC. reported basic earnings per share of $10.13 per share for fiscal year 2022, ended 2022-12-02. [1]"
ADBE-2022-operating_cash,ADBE,2022,operating_cash,What was Adobe's cash from operations in fiscal year 2022?,7838000000,from the facts store,"ADOBE INC. reported cash from operations of $7,838,000,000 for fiscal year 2022, ended 2022-12-02. [1]"
ADBE-2023-revenue,ADBE,2023,revenue,What was Adobe's total revenue in fiscal year 2023?,19409000000,from the facts store,"ADOBE INC. reported total revenue of $19,409,000,000 for fiscal year 2023, ended 2023-12-01. [1]"
ADBE-2023-net_income,ADBE,2023,net_income,What was Adobe's net income in fiscal year 2023?,5428000000,from the facts store,"ADOBE INC. reported net income of $5,428,000,000 for fiscal year 2023, ended 2023-12-01. [1]"
ADBE-2023-operating_income,ADBE,2023,operating_income,What was Adobe's operating income in fiscal year 2023?,6650000000,from the facts store,"ADOBE INC. reported operating income of $6,650,000,000 for fiscal year 2023, ended 2023-12-01. [1]"
ADBE-2023-assets,ADBE,2023,assets,What was Adobe's total assets in fiscal year 2023?,29779000000,from the facts store,"ADOBE INC. reported total assets of $29,779,000,000 for fiscal year 2023, ended 2023-12-01. [1]"
ADBE-2023-liabilities,ADBE,2023,liabilities,What was Adobe's total liabilities in fiscal year 2023?,13261000000,from the facts store,"ADOBE INC. reported total liabilities of $13,261,000,000 for fiscal year 2023, ended 2023-12-01. [1]"
ADBE-2023-accounts_payable,ADBE,2023,accounts_payable,What was Adobe's accounts payable in fiscal year 2023?,314000000,model: right,"Adobe's trade payables, which are a component of accounts payable, were $314 million as of December 1, 2023. [5]"
ADBE-2023-inventory,ADBE,2023,inventory,What was Adobe's inventories in fiscal year 2023?,,model: abstained,The filings do not answer this question.
ADBE-2023-cash,ADBE,2023,cash,What was Adobe's cash and cash equivalents in fiscal year 2023?,7141000000,from the facts store,"ADOBE INC. reported cash and cash equivalents of $7,141,000,000 for fiscal year 2023, ended 2023-12-01. [1]"
ADBE-2023-diluted_eps,ADBE,2023,diluted_eps,What was Adobe's diluted earnings per share in fiscal year 2023?,11.82,from the facts store,"ADOBE INC. reported diluted earnings per share of $11.82 per share for fiscal year 2023, ended 2023-12-01. [1]"
ADBE-2023-basic_eps,ADBE,2023,basic_eps,What was Adobe's basic earnings per share in fiscal year 2023?,11.87,from the facts store,"ADOBE INC. reported basic earnings per share of $11.87 per share for fiscal year 2023, ended 2023-12-01. [1]"
ADBE-2023-operating_cash,ADBE,2023,operating_cash,What was Adobe's cash from operations in fiscal year 2023?,7302000000,from the facts store,"ADOBE INC. reported cash from operations of $7,302,000,000 for fiscal year 2023, ended 2023-12-01. [1]"
ADBE-2024-revenue,ADBE,2024,revenue,What was Adobe's total revenue in fiscal year 2024?,21505000000,from the facts store,"ADOBE INC. reported total revenue of $21,505,000,000 for fiscal year 2024, ended 2024-11-29. [1]"
ADBE-2024-net_income,ADBE,2024,net_income,What was Adobe's net income in fiscal year 2024?,5560000000,from the facts store,"ADOBE INC. reported net income of $5,560,000,000 for fiscal year 2024, ended 2024-11-29. [1]"
ADBE-2024-operating_income,ADBE,2024,operating_income,What was Adobe's operating income in fiscal year 2024?,6741000000,from the facts store,"ADOBE INC. reported operating income of $6,741,000,000 for fiscal year 2024, ended 2024-11-29. [1]"
ADBE-2024-assets,ADBE,2024,assets,What was Adobe's total assets in fiscal year 2024?,30230000000,from the facts store,"ADOBE INC. reported total assets of $30,230,000,000 for fiscal year 2024, ended 2024-11-29. [1]"
ADBE-2024-liabilities,ADBE,2024,liabilities,What was Adobe's total liabilities in fiscal year 2024?,16125000000,from the facts store,"ADOBE INC. reported total liabilities of $16,125,000,000 for fiscal year 2024, ended 2024-11-29. [1]"
ADBE-2024-accounts_payable,ADBE,2024,accounts_payable,What was Adobe's accounts payable in fiscal year 2024?,361000000,model: right,"Adobe's trade payables, which are a component of accounts payable, were $361 million as of November 29, 2024. [6]"
ADBE-2024-inventory,ADBE,2024,inventory,What was Adobe's inventories in fiscal year 2024?,,model: abstained,The filings do not answer this question.
ADBE-2024-cash,ADBE,2024,cash,What was Adobe's cash and cash equivalents in fiscal year 2024?,7613000000,from the facts store,"ADOBE INC. reported cash and cash equivalents of $7,613,000,000 for fiscal year 2024, ended 2024-11-29. [1]"
ADBE-2024-diluted_eps,ADBE,2024,diluted_eps,What was Adobe's diluted earnings per share in fiscal year 2024?,12.36,from the facts store,"ADOBE INC. reported diluted earnings per share of $12.36 per share for fiscal year 2024, ended 2024-11-29. [1]"
ADBE-2024-basic_eps,ADBE,2024,basic_eps,What was Adobe's basic earnings per share in fiscal year 2024?,12.43,from the facts store,"ADOBE INC. reported basic earnings per share of $12.43 per share for fiscal year 2024, ended 2024-11-29. [1]"
ADBE-2024-operating_cash,ADBE,2024,operating_cash,What was Adobe's cash from operations in fiscal year 2024?,8056000000,from the facts store,"ADOBE INC. reported cash from operations of $8,056,000,000 for fiscal year 2024, ended 2024-11-29. [1]"
ADBE-2025-revenue,ADBE,2025,revenue,What was Adobe's total revenue in fiscal year 2025?,23769000000,from the facts store,"ADOBE INC. reported total revenue of $23,769,000,000 for fiscal year 2025, ended 2025-11-28. [1]"
ADBE-2025-net_income,ADBE,2025,net_income,What was Adobe's net income in fiscal year 2025?,7130000000,from the facts store,"ADOBE INC. reported net income of $7,130,000,000 for fiscal year 2025, ended 2025-11-28. [1]"
ADBE-2025-operating_income,ADBE,2025,operating_income,What was Adobe's operating income in fiscal year 2025?,8706000000,from the facts store,"ADOBE INC. reported operating income of $8,706,000,000 for fiscal year 2025, ended 2025-11-28. [1]"
ADBE-2025-assets,ADBE,2025,assets,What was Adobe's total assets in fiscal year 2025?,29496000000,from the facts store,"ADOBE INC. reported total assets of $29,496,000,000 for fiscal year 2025, ended 2025-11-28. [1]"
ADBE-2025-liabilities,ADBE,2025,liabilities,What was Adobe's total liabilities in fiscal year 2025?,17873000000,from the facts store,"ADOBE INC. reported total liabilities of $17,873,000,000 for fiscal year 2025, ended 2025-11-28. [1]"
ADBE-2025-accounts_payable,ADBE,2025,accounts_payable,What was Adobe's accounts payable in fiscal year 2025?,417000000,model: right,"Adobe's accounts payable for fiscal 2025, referred to as 'trade payables,' was $417 million as of November 28, 2025. [7]"
ADBE-2025-inventory,ADBE,2025,inventory,What was Adobe's inventories in fiscal year 2025?,,model: abstained,The filings do not answer this question.
ADBE-2025-cash,ADBE,2025,cash,What was Adobe's cash and cash equivalents in fiscal year 2025?,5431000000,from the facts store,"ADOBE INC. reported cash and cash equivalents of $5,431,000,000 for fiscal year 2025, ended 2025-11-28. [1]"
ADBE-2025-diluted_eps,ADBE,2025,diluted_eps,What was Adobe's diluted earnings per share in fiscal year 2025?,16.7,from the facts store,"ADOBE INC. reported diluted earnings per share of $16.7 per share for fiscal year 2025, ended 2025-11-28. [1]"
ADBE-2025-basic_eps,ADBE,2025,basic_eps,What was Adobe's basic earnings per share in fiscal year 2025?,16.73,from the facts store,"ADOBE INC. reported basic earnings per share of $16.73 per share for fiscal year 2025, ended 2025-11-28. [1]"
ADBE-2025-operating_cash,ADBE,2025,operating_cash,What was Adobe's cash from operations in fiscal year 2025?,10031000000,from the facts store,"ADOBE INC. reported cash from operations of $10,031,000,000 for fiscal year 2025, ended 2025-11-28. [1]"
AMZN-2021-revenue,AMZN,2021,revenue,What was Amazon's total revenue in fiscal year 2021?,469822000000,model: abstained,The filings do not answer this question.
AMZN-2021-net_income,AMZN,2021,net_income,What was Amazon's net income in fiscal year 2021?,33364000000,from the facts store,"AMAZON COM INC reported net income of $33,364,000,000 for fiscal year 2021, ended 2021-12-31. [1]"
AMZN-2021-operating_income,AMZN,2021,operating_income,What was Amazon's operating income in fiscal year 2021?,24879000000,from the facts store,"AMAZON COM INC reported operating income of $24,879,000,000 for fiscal year 2021, ended 2021-12-31. [1]"
AMZN-2021-assets,AMZN,2021,assets,What was Amazon's total assets in fiscal year 2021?,420549000000,from the facts store,"AMAZON COM INC reported total assets of $420,549,000,000 for fiscal year 2021, ended 2021-12-31. [1]"
AMZN-2021-liabilities,AMZN,2021,liabilities,What was Amazon's total liabilities in fiscal year 2021?,,model: wrong figure or none,"Amazon's total liabilities were $192,294 million as of December 31, 2021, as stated in the consolidated balance sheets. [9] This total includes current liabilities of $142,266 million and long-term liabilities of $50,028 million (sum of long-term lease liabilities $67,651 million, long-term debt $48,744 million, and other long-term liabilities $23,643 million). [9]"
AMZN-2021-accounts_payable,AMZN,2021,accounts_payable,What was Amazon's accounts payable in fiscal year 2021?,78664000000,from the facts store,"AMAZON COM INC reported accounts payable of $78,664,000,000 for fiscal year 2021, ended 2021-12-31. [1]"
AMZN-2021-inventory,AMZN,2021,inventory,What was Amazon's inventories in fiscal year 2021?,32640000000,from the facts store,"AMAZON COM INC reported inventories of $32,640,000,000 for fiscal year 2021, ended 2021-12-31. [1]"
AMZN-2021-cash,AMZN,2021,cash,What was Amazon's cash and cash equivalents in fiscal year 2021?,36220000000,from the facts store,"AMAZON COM INC reported cash and cash equivalents of $36,220,000,000 for fiscal year 2021, ended 2021-12-31. [1]"
AMZN-2021-diluted_eps,AMZN,2021,diluted_eps,What was Amazon's diluted earnings per share in fiscal year 2021?,64.81,from the facts store,"AMAZON COM INC reported diluted earnings per share of $64.81 per share for fiscal year 2021, ended 2021-12-31. [1]"
AMZN-2021-basic_eps,AMZN,2021,basic_eps,What was Amazon's basic earnings per share in fiscal year 2021?,65.96,from the facts store,"AMAZON COM INC reported basic earnings per share of $65.96 per share for fiscal year 2021, ended 2021-12-31. [1]"
AMZN-2021-operating_cash,AMZN,2021,operating_cash,What was Amazon's cash from operations in fiscal year 2021?,46327000000,"model: right, rounded",Amazon's cash provided by operating activities was $46.3 billion in fiscal year 2021. [2]
AMZN-2022-revenue,AMZN,2022,revenue,What was Amazon's total revenue in fiscal year 2022?,513983000000,model: abstained,The filings do not answer this question.
AMZN-2022-net_income,AMZN,2022,net_income,What was Amazon's net income in fiscal year 2022?,-2722000000,from the facts store,"AMAZON COM INC reported net income of -$2,722,000,000 for fiscal year 2022, ended 2022-12-31. [1]"
AMZN-2022-operating_income,AMZN,2022,operating_income,What was Amazon's operating income in fiscal year 2022?,12248000000,from the facts store,"AMAZON COM INC reported operating income of $12,248,000,000 for fiscal year 2022, ended 2022-12-31. [1]"
AMZN-2022-assets,AMZN,2022,assets,What was Amazon's total assets in fiscal year 2022?,462675000000,from the facts store,"AMAZON COM INC reported total assets of $462,675,000,000 for fiscal year 2022, ended 2022-12-31. [1]"
AMZN-2022-liabilities,AMZN,2022,liabilities,What was Amazon's total liabilities in fiscal year 2022?,,model: wrong figure or none,"Amazon's total liabilities as of December 31, 2022, were $3,686 billion (current liabilities) plus $67,651 million (long-term lease liabilities), $67,150 million (long-term debt), and $21,121 million (other long-term liabilities), totaling $462,675 million. [3][7][8][10]"
AMZN-2022-accounts_payable,AMZN,2022,accounts_payable,What was Amazon's accounts payable in fiscal year 2022?,79600000000,from the facts store,"AMAZON COM INC reported accounts payable of $79,600,000,000 for fiscal year 2022, ended 2022-12-31. [1]"
AMZN-2022-inventory,AMZN,2022,inventory,What was Amazon's inventories in fiscal year 2022?,34405000000,from the facts store,"AMAZON COM INC reported inventories of $34,405,000,000 for fiscal year 2022, ended 2022-12-31. [1]"
AMZN-2022-cash,AMZN,2022,cash,What was Amazon's cash and cash equivalents in fiscal year 2022?,53888000000,from the facts store,"AMAZON COM INC reported cash and cash equivalents of $53,888,000,000 for fiscal year 2022, ended 2022-12-31. [1]"
AMZN-2022-diluted_eps,AMZN,2022,diluted_eps,What was Amazon's diluted earnings per share in fiscal year 2022?,-0.27,from the facts store,"AMAZON COM INC reported diluted earnings per share of -$0.27 per share for fiscal year 2022, ended 2022-12-31. [1]"
AMZN-2022-basic_eps,AMZN,2022,basic_eps,What was Amazon's basic earnings per share in fiscal year 2022?,-0.27,from the facts store,"AMAZON COM INC reported basic earnings per share of -$0.27 per share for fiscal year 2022, ended 2022-12-31. [1]"
AMZN-2022-operating_cash,AMZN,2022,operating_cash,What was Amazon's cash from operations in fiscal year 2022?,46752000000,"model: right, rounded",Amazon's cash provided by operating activities in fiscal year 2022 was $46.8 billion. [2]
AMZN-2023-revenue,AMZN,2023,revenue,What was Amazon's total revenue in fiscal year 2023?,574785000000,model: abstained,The filings do not answer this question.
AMZN-2023-net_income,AMZN,2023,net_income,What was Amazon's net income in fiscal year 2023?,30425000000,from the facts store,"AMAZON COM INC reported net income of $30,425,000,000 for fiscal year 2023, ended 2023-12-31. [1]"
AMZN-2023-operating_income,AMZN,2023,operating_income,What was Amazon's operating income in fiscal year 2023?,36852000000,from the facts store,"AMAZON COM INC reported operating income of $36,852,000,000 for fiscal year 2023, ended 2023-12-31. [1]"
AMZN-2023-assets,AMZN,2023,assets,What was Amazon's total assets in fiscal year 2023?,527854000000,from the facts store,"AMAZON COM INC reported total assets of $527,854,000,000 for fiscal year 2023, ended 2023-12-31. [1]"
AMZN-2023-liabilities,AMZN,2023,liabilities,What was Amazon's total liabilities in fiscal year 2023?,,model: wrong figure or none,"Amazon's total liabilities were $5,904 billion as of September 30, 2023, according to the table in source [2]. [2] Amazon's total liabilities were $4,077 billion as of December 31, 2022, and $5,904 billion as of September 30, 2023, but the consolidated balance sheet for December 31, 2023, shows total liabilities of $146,043 million (or $146.043 billion) when combined with stockholders’ equity, which seems inconsistent with the table in source [2]. [2][9] The consolidated balance sheet in source [9] shows total liabilities of $146,043 million (or $146.043 billion) as of December 31, 2023, which includes long-term debt, lease liabilities, and other long-term liabilities. [9]"
AMZN-2023-accounts_payable,AMZN,2023,accounts_payable,What was Amazon's accounts payable in fiscal year 2023?,84981000000,from the facts store,"AMAZON COM INC reported accounts payable of $84,981,000,000 for fiscal year 2023, ended 2023-12-31. [1]"
AMZN-2023-inventory,AMZN,2023,inventory,What was Amazon's inventories in fiscal year 2023?,33318000000,from the facts store,"AMAZON COM INC reported inventories of $33,318,000,000 for fiscal year 2023, ended 2023-12-31. [1]"
AMZN-2023-cash,AMZN,2023,cash,What was Amazon's cash and cash equivalents in fiscal year 2023?,73387000000,from the facts store,"AMAZON COM INC reported cash and cash equivalents of $73,387,000,000 for fiscal year 2023, ended 2023-12-31. [1]"
AMZN-2023-diluted_eps,AMZN,2023,diluted_eps,What was Amazon's diluted earnings per share in fiscal year 2023?,2.9,from the facts store,"AMAZON COM INC reported diluted earnings per share of $2.9 per share for fiscal year 2023, ended 2023-12-31. [1]"
AMZN-2023-basic_eps,AMZN,2023,basic_eps,What was Amazon's basic earnings per share in fiscal year 2023?,2.95,from the facts store,"AMAZON COM INC reported basic earnings per share of $2.95 per share for fiscal year 2023, ended 2023-12-31. [1]"
AMZN-2023-operating_cash,AMZN,2023,operating_cash,What was Amazon's cash from operations in fiscal year 2023?,84946000000,"model: right, rounded",Amazon's cash provided by operating activities in fiscal year 2023 was $84.9 billion. [1]
AMZN-2024-revenue,AMZN,2024,revenue,What was Amazon's total revenue in fiscal year 2024?,637959000000,model: abstained,The filings do not answer this question.
AMZN-2024-net_income,AMZN,2024,net_income,What was Amazon's net income in fiscal year 2024?,59248000000,from the facts store,"AMAZON COM INC reported net income of $59,248,000,000 for fiscal year 2024, ended 2024-12-31. [1]"
AMZN-2024-operating_income,AMZN,2024,operating_income,What was Amazon's operating income in fiscal year 2024?,68593000000,from the facts store,"AMAZON COM INC reported operating income of $68,593,000,000 for fiscal year 2024, ended 2024-12-31. [1]"
AMZN-2024-assets,AMZN,2024,assets,What was Amazon's total assets in fiscal year 2024?,624894000000,from the facts store,"AMAZON COM INC reported total assets of $624,894,000,000 for fiscal year 2024, ended 2024-12-31. [1]"
AMZN-2024-liabilities,AMZN,2024,liabilities,What was Amazon's total liabilities in fiscal year 2024?,,model: wrong figure or none,"Amazon's total liabilities for fiscal year 2024 were $624,894 million, as reported in the consolidated balance sheets. [5][12]"
AMZN-2024-accounts_payable,AMZN,2024,accounts_payable,What was Amazon's accounts payable in fiscal year 2024?,94363000000,from the facts store,"AMAZON COM INC reported accounts payable of $94,363,000,000 for fiscal year 2024, ended 2024-12-31. [1]"
AMZN-2024-inventory,AMZN,2024,inventory,What was Amazon's inventories in fiscal year 2024?,34214000000,from the facts store,"AMAZON COM INC reported inventories of $34,214,000,000 for fiscal year 2024, ended 2024-12-31. [1]"
AMZN-2024-cash,AMZN,2024,cash,What was Amazon's cash and cash equivalents in fiscal year 2024?,78779000000,from the facts store,"AMAZON COM INC reported cash and cash equivalents of $78,779,000,000 for fiscal year 2024, ended 2024-12-31. [1]"
AMZN-2024-diluted_eps,AMZN,2024,diluted_eps,What was Amazon's diluted earnings per share in fiscal year 2024?,5.53,from the facts store,"AMAZON COM INC reported diluted earnings per share of $5.53 per share for fiscal year 2024, ended 2024-12-31. [1]"
AMZN-2024-basic_eps,AMZN,2024,basic_eps,What was Amazon's basic earnings per share in fiscal year 2024?,5.66,from the facts store,"AMAZON COM INC reported basic earnings per share of $5.66 per share for fiscal year 2024, ended 2024-12-31. [1]"
AMZN-2024-operating_cash,AMZN,2024,operating_cash,What was Amazon's cash from operations in fiscal year 2024?,115877000000,"model: right, rounded",Amazon's cash provided by operating activities in fiscal year 2024 was $115.9 billion. [1]
AMZN-2025-revenue,AMZN,2025,revenue,What was Amazon's total revenue in fiscal year 2025?,716924000000,model: abstained,The filings do not answer this question.
AMZN-2025-net_income,AMZN,2025,net_income,What was Amazon's net income in fiscal year 2025?,77670000000,from the facts store,"AMAZON COM INC reported net income of $77,670,000,000 for fiscal year 2025, ended 2025-12-31. [1]"
AMZN-2025-operating_income,AMZN,2025,operating_income,What was Amazon's operating income in fiscal year 2025?,79975000000,from the facts store,"AMAZON COM INC reported operating income of $79,975,000,000 for fiscal year 2025, ended 2025-12-31. [1]"
AMZN-2025-assets,AMZN,2025,assets,What was Amazon's total assets in fiscal year 2025?,818042000000,from the facts store,"AMAZON COM INC reported total assets of $818,042,000,000 for fiscal year 2025, ended 2025-12-31. [1]"
AMZN-2025-liabilities,AMZN,2025,liabilities,What was Amazon's total liabilities in fiscal year 2025?,,model: wrong figure or none,"Amazon's total liabilities as of December 31, 2025, were $818.0 billion, as stated in the consolidated balance sheets. [5][6][11]"
AMZN-2025-accounts_payable,AMZN,2025,accounts_payable,What was Amazon's accounts payable in fiscal year 2025?,121909000000,from the facts store,"AMAZON COM INC reported accounts payable of $121,909,000,000 for fiscal year 2025, ended 2025-12-31. [1]"
AMZN-2025-inventory,AMZN,2025,inventory,What was Amazon's inventories in fiscal year 2025?,38325000000,from the facts store,"AMAZON COM INC reported inventories of $38,325,000,000 for fiscal year 2025, ended 2025-12-31. [1]"
AMZN-2025-cash,AMZN,2025,cash,What was Amazon's cash and cash equivalents in fiscal year 2025?,86810000000,from the facts store,"AMAZON COM INC reported cash and cash equivalents of $86,810,000,000 for fiscal year 2025, ended 2025-12-31. [1]"
AMZN-2025-diluted_eps,AMZN,2025,diluted_eps,What was Amazon's diluted earnings per share in fiscal year 2025?,7.17,from the facts store,"AMAZON COM INC reported diluted earnings per share of $7.17 per share for fiscal year 2025, ended 2025-12-31. [1]"
AMZN-2025-basic_eps,AMZN,2025,basic_eps,What was Amazon's basic earnings per share in fiscal year 2025?,7.29,from the facts store,"AMAZON COM INC reported basic earnings per share of $7.29 per share for fiscal year 2025, ended 2025-12-31. [1]"
AMZN-2025-operating_cash,AMZN,2025,operating_cash,What was Amazon's cash from operations in fiscal year 2025?,139514000000,"model: right, rounded",Amazon's cash provided by operating activities was $139.5 billion in fiscal year 2025. [2]
AVGO-2021-revenue,AVGO,2021,revenue,What was Broadcom's total revenue in fiscal year 2021?,27450000000,from the facts store,"Broadcom Inc. reported total revenue of $27,450,000,000 for fiscal year 2021, ended 2021-10-31. [1]"
AVGO-2021-net_income,AVGO,2021,net_income,What was Broadcom's net income in fiscal year 2021?,6736000000,from the facts store,"Broadcom Inc. reported net income of $6,736,000,000 for fiscal year 2021, ended 2021-10-31. [1]"
AVGO-2021-operating_income,AVGO,2021,operating_income,What was Broadcom's operating income in fiscal year 2021?,8519000000,from the facts store,"Broadcom Inc. reported operating income of $8,519,000,000 for fiscal year 2021, ended 2021-10-31. [1]"
AVGO-2021-assets,AVGO,2021,assets,What was Broadcom's total assets in fiscal year 2021?,75570000000,from the facts store,"Broadcom Inc. reported total assets of $75,570,000,000 for fiscal year 2021, ended 2021-10-31. [1]"
AVGO-2021-liabilities,AVGO,2021,liabilities,What was Broadcom's total liabilities in fiscal year 2021?,50581000000,from the facts store,"Broadcom Inc. reported total liabilities of $50,581,000,000 for fiscal year 2021, ended 2021-10-31. [1]"
AVGO-2021-accounts_payable,AVGO,2021,accounts_payable,What was Broadcom's accounts payable in fiscal year 2021?,1086000000,from the facts store,"Broadcom Inc. reported accounts payable of $1,086,000,000 for fiscal year 2021, ended 2021-10-31. [1]"
AVGO-2021-inventory,AVGO,2021,inventory,What was Broadcom's inventories in fiscal year 2021?,1297000000,model: abstained,The filings do not answer this question.
AVGO-2021-cash,AVGO,2021,cash,What was Broadcom's cash and cash equivalents in fiscal year 2021?,12163000000,from the facts store,"Broadcom Inc. reported cash and cash equivalents of $12,163,000,000 for fiscal year 2021, ended 2021-10-31. [1]"
AVGO-2021-diluted_eps,AVGO,2021,diluted_eps,What was Broadcom's diluted earnings per share in fiscal year 2021?,15,from the facts store,"Broadcom Inc. reported diluted earnings per share of $15 per share for fiscal year 2021, ended 2021-10-31. [1]"
AVGO-2021-basic_eps,AVGO,2021,basic_eps,What was Broadcom's basic earnings per share in fiscal year 2021?,15.7,from the facts store,"Broadcom Inc. reported basic earnings per share of $15.7 per share for fiscal year 2021, ended 2021-10-31. [1]"
AVGO-2021-operating_cash,AVGO,2021,operating_cash,What was Broadcom's cash from operations in fiscal year 2021?,13764000000,from the facts store,"Broadcom Inc. reported cash from operations of $13,764,000,000 for fiscal year 2021, ended 2021-10-31. [1]"
AVGO-2022-revenue,AVGO,2022,revenue,What was Broadcom's total revenue in fiscal year 2022?,33203000000,from the facts store,"Broadcom Inc. reported total revenue of $33,203,000,000 for fiscal year 2022, ended 2022-10-30. [1]"
AVGO-2022-net_income,AVGO,2022,net_income,What was Broadcom's net income in fiscal year 2022?,11495000000,from the facts store,"Broadcom Inc. reported net income of $11,495,000,000 for fiscal year 2022, ended 2022-10-30. [1]"
AVGO-2022-operating_income,AVGO,2022,operating_income,What was Broadcom's operating income in fiscal year 2022?,14225000000,from the facts store,"Broadcom Inc. reported operating income of $14,225,000,000 for fiscal year 2022, ended 2022-10-30. [1]"
AVGO-2022-assets,AVGO,2022,assets,What was Broadcom's total assets in fiscal year 2022?,73249000000,from the facts store,"Broadcom Inc. reported total assets of $73,249,000,000 for fiscal year 2022, ended 2022-10-30. [1]"
AVGO-2022-liabilities,AVGO,2022,liabilities,What was Broadcom's total liabilities in fiscal year 2022?,50540000000,from the facts store,"Broadcom Inc. reported total liabilities of $50,540,000,000 for fiscal year 2022, ended 2022-10-30. [1]"
AVGO-2022-accounts_payable,AVGO,2022,accounts_payable,What was Broadcom's accounts payable in fiscal year 2022?,998000000,from the facts store,"Broadcom Inc. reported accounts payable of $998,000,000 for fiscal year 2022, ended 2022-10-30. [1]"
AVGO-2022-inventory,AVGO,2022,inventory,What was Broadcom's inventories in fiscal year 2022?,1925000000,model: wrong figure or none,"The inventories for fiscal year 2022 were not explicitly stated in the provided sources. However, the net property, plant, and equipment (which includes related accumulated depreciation and amortization) for fiscal year 2022 is partially referenced, but not broken down by inventory alone. [4] The sources do not provide a specific figure for inventories in fiscal year 2022."
AVGO-2022-cash,AVGO,2022,cash,What was Broadcom's cash and cash equivalents in fiscal year 2022?,12416000000,from the facts store,"Broadcom Inc. reported cash and cash equivalents of $12,416,000,000 for fiscal year 2022, ended 2022-10-30. [1]"
AVGO-2022-diluted_eps,AVGO,2022,diluted_eps,What was Broadcom's diluted earnings per share in fiscal year 2022?,26.53,from the facts store,"Broadcom Inc. reported diluted earnings per share of $26.53 per share for fiscal year 2022, ended 2022-10-30. [1]"
AVGO-2022-basic_eps,AVGO,2022,basic_eps,What was Broadcom's basic earnings per share in fiscal year 2022?,27.44,from the facts store,"Broadcom Inc. reported basic earnings per share of $27.44 per share for fiscal year 2022, ended 2022-10-30. [1]"
AVGO-2022-operating_cash,AVGO,2022,operating_cash,What was Broadcom's cash from operations in fiscal year 2022?,16736000000,from the facts store,"Broadcom Inc. reported cash from operations of $16,736,000,000 for fiscal year 2022, ended 2022-10-30. [1]"
AVGO-2023-revenue,AVGO,2023,revenue,What was Broadcom's total revenue in fiscal year 2023?,35819000000,from the facts store,"Broadcom Inc. reported total revenue of $35,819,000,000 for fiscal year 2023, ended 2023-10-29. [1]"
AVGO-2023-net_income,AVGO,2023,net_income,What was Broadcom's net income in fiscal year 2023?,14082000000,from the facts store,"Broadcom Inc. reported net income of $14,082,000,000 for fiscal year 2023, ended 2023-10-29. [1]"
AVGO-2023-operating_income,AVGO,2023,operating_income,What was Broadcom's operating income in fiscal year 2023?,16207000000,from the facts store,"Broadcom Inc. reported operating income of $16,207,000,000 for fiscal year 2023, ended 2023-10-29. [1]"
AVGO-2023-assets,AVGO,2023,assets,What was Broadcom's total assets in fiscal year 2023?,72861000000,from the facts store,"Broadcom Inc. reported total assets of $72,861,000,000 for fiscal year 2023, ended 2023-10-29. [1]"
AVGO-2023-liabilities,AVGO,2023,liabilities,What was Broadcom's total liabilities in fiscal year 2023?,48873000000,from the facts store,"Broadcom Inc. reported total liabilities of $48,873,000,000 for fiscal year 2023, ended 2023-10-29. [1]"
AVGO-2023-accounts_payable,AVGO,2023,accounts_payable,What was Broadcom's accounts payable in fiscal year 2023?,1210000000,from the facts store,"Broadcom Inc. reported accounts payable of $1,210,000,000 for fiscal year 2023, ended 2023-10-29. [1]"
AVGO-2023-inventory,AVGO,2023,inventory,What was Broadcom's inventories in fiscal year 2023?,1898000000,model: abstained,The filings do not answer this question.
AVGO-2023-cash,AVGO,2023,cash,What was Broadcom's cash and cash equivalents in fiscal year 2023?,14189000000,from the facts store,"Broadcom Inc. reported cash and cash equivalents of $14,189,000,000 for fiscal year 2023, ended 2023-10-29. [1]"
AVGO-2023-diluted_eps,AVGO,2023,diluted_eps,What was Broadcom's diluted earnings per share in fiscal year 2023?,32.98,from the facts store,"Broadcom Inc. reported diluted earnings per share of $32.98 per share for fiscal year 2023, ended 2023-10-29. [1]"
AVGO-2023-basic_eps,AVGO,2023,basic_eps,What was Broadcom's basic earnings per share in fiscal year 2023?,33.93,from the facts store,"Broadcom Inc. reported basic earnings per share of $33.93 per share for fiscal year 2023, ended 2023-10-29. [1]"
AVGO-2023-operating_cash,AVGO,2023,operating_cash,What was Broadcom's cash from operations in fiscal year 2023?,18085000000,from the facts store,"Broadcom Inc. reported cash from operations of $18,085,000,000 for fiscal year 2023, ended 2023-10-29. [1]"
AVGO-2024-revenue,AVGO,2024,revenue,What was Broadcom's total revenue in fiscal year 2024?,51574000000,from the facts store,"Broadcom Inc. reported total revenue of $51,574,000,000 for fiscal year 2024, ended 2024-11-03. [1]"
AVGO-2024-net_income,AVGO,2024,net_income,What was Broadcom's net income in fiscal year 2024?,5895000000,from the facts store,"Broadcom Inc. reported net income of $5,895,000,000 for fiscal year 2024, ended 2024-11-03. [1]"
AVGO-2024-operating_income,AVGO,2024,operating_income,What was Broadcom's operating income in fiscal year 2024?,13463000000,from the facts store,"Broadcom Inc. reported operating income of $13,463,000,000 for fiscal year 2024, ended 2024-11-03. [1]"
AVGO-2024-assets,AVGO,2024,assets,What was Broadcom's total assets in fiscal year 2024?,165645000000,from the facts store,"Broadcom Inc. reported total assets of $165,645,000,000 for fiscal year 2024, ended 2024-11-03. [1]"
AVGO-2024-liabilities,AVGO,2024,liabilities,What was Broadcom's total liabilities in fiscal year 2024?,97967000000,from the facts store,"Broadcom Inc. reported total liabilities of $97,967,000,000 for fiscal year 2024, ended 2024-11-03. [1]"
AVGO-2024-accounts_payable,AVGO,2024,accounts_payable,What was Broadcom's accounts payable in fiscal year 2024?,1662000000,from the facts store,"Broadcom Inc. reported accounts payable of $1,662,000,000 for fiscal year 2024, ended 2024-11-03. [1]"
AVGO-2024-inventory,AVGO,2024,inventory,What was Broadcom's inventories in fiscal year 2024?,1760000000,model: abstained,The filings do not answer this question.
AVGO-2024-cash,AVGO,2024,cash,What was Broadcom's cash and cash equivalents in fiscal year 2024?,9348000000,from the facts store,"Broadcom Inc. reported cash and cash equivalents of $9,348,000,000 for fiscal year 2024, ended 2024-11-03. [1]"
AVGO-2024-diluted_eps,AVGO,2024,diluted_eps,What was Broadcom's diluted earnings per share in fiscal year 2024?,1.23,from the facts store,"Broadcom Inc. reported diluted earnings per share of $1.23 per share for fiscal year 2024, ended 2024-11-03. [1]"
AVGO-2024-basic_eps,AVGO,2024,basic_eps,What was Broadcom's basic earnings per share in fiscal year 2024?,1.27,from the facts store,"Broadcom Inc. reported basic earnings per share of $1.27 per share for fiscal year 2024, ended 2024-11-03. [1]"
AVGO-2024-operating_cash,AVGO,2024,operating_cash,What was Broadcom's cash from operations in fiscal year 2024?,19962000000,from the facts store,"Broadcom Inc. reported cash from operations of $19,962,000,000 for fiscal year 2024, ended 2024-11-03. [1]"
AVGO-2025-revenue,AVGO,2025,revenue,What was Broadcom's total revenue in fiscal year 2025?,63887000000,from the facts store,"Broadcom Inc. reported total revenue of $63,887,000,000 for fiscal year 2025, ended 2025-11-02. [1]"
AVGO-2025-net_income,AVGO,2025,net_income,What was Broadcom's net income in fiscal year 2025?,23126000000,from the facts store,"Broadcom Inc. reported net income of $23,126,000,000 for fiscal year 2025, ended 2025-11-02. [1]"
AVGO-2025-operating_income,AVGO,2025,operating_income,What was Broadcom's operating income in fiscal year 2025?,25484000000,from the facts store,"Broadcom Inc. reported operating income of $25,484,000,000 for fiscal year 2025, ended 2025-11-02. [1]"
AVGO-2025-assets,AVGO,2025,assets,What was Broadcom's total assets in fiscal year 2025?,171092000000,from the facts store,"Broadcom Inc. reported total assets of $171,092,000,000 for fiscal year 2025, ended 2025-11-02. [1]"
AVGO-2025-liabilities,AVGO,2025,liabilities,What was Broadcom's total liabilities in fiscal year 2025?,89800000000,from the facts store,"Broadcom Inc. reported total liabilities of $89,800,000,000 for fiscal year 2025, ended 2025-11-02. [1]"
AVGO-2025-accounts_payable,AVGO,2025,accounts_payable,What was Broadcom's accounts payable in fiscal year 2025?,1560000000,from the facts store,"Broadcom Inc. reported accounts payable of $1,560,000,000 for fiscal year 2025, ended 2025-11-02. [1]"
AVGO-2025-inventory,AVGO,2025,inventory,What was Broadcom's inventories in fiscal year 2025?,2270000000,model: abstained,The filings do not answer this question.
AVGO-2025-cash,AVGO,2025,cash,What was Broadcom's cash and cash equivalents in fiscal year 2025?,16178000000,from the facts store,"Broadcom Inc. reported cash and cash equivalents of $16,178,000,000 for fiscal year 2025, ended 2025-11-02. [1]"
AVGO-2025-diluted_eps,AVGO,2025,diluted_eps,What was Broadcom's diluted earnings per share in fiscal year 2025?,4.77,from the facts store,"Broadcom Inc. reported diluted earnings per share of $4.77 per share for fiscal year 2025, ended 2025-11-02. [1]"
AVGO-2025-basic_eps,AVGO,2025,basic_eps,What was Broadcom's basic earnings per share in fiscal year 2025?,4.91,from the facts store,"Broadcom Inc. reported basic earnings per share of $4.91 per share for fiscal year 2025, ended 2025-11-02. [1]"
AVGO-2025-operating_cash,AVGO,2025,operating_cash,What was Broadcom's cash from operations in fiscal year 2025?,27537000000,from the facts store,"Broadcom Inc. reported cash from operations of $27,537,000,000 for fiscal year 2025, ended 2025-11-02. [1]"
CRM-2021-revenue,CRM,2021,revenue,What was Salesforce's total revenue in fiscal year 2021?,21252000000,"model: right, rounded","Total fiscal 2021 revenue was $21.3 billion, an increase of 24 percent year-over-year. [3][14]"
CRM-2021-net_income,CRM,2021,net_income,What was Salesforce's net income in fiscal year 2021?,4072000000,from the facts store,"Salesforce, Inc. reported net income of $4,072,000,000 for fiscal year 2021, ended 2021-01-31. [1]"
CRM-2021-operating_income,CRM,2021,operating_income,What was Salesforce's operating income in fiscal year 2021?,455000000,model: wrong figure or none,"The net income for fiscal 2021 was $4.072 billion, but this does not directly represent operating income. [14] Operating income is not explicitly stated in the provided sources, but net income of $4.072 billion for fiscal 2021 is reported, which includes non-operating items. [14] The operating income for fiscal 2021 cannot be directly determined from the provided sources alone, as the sources do not explicitly break down the components of operating income separately from net income."
CRM-2021-assets,CRM,2021,assets,What was Salesforce's total assets in fiscal year 2021?,66301000000,from the facts store,"Salesforce, Inc. reported total assets of $66,301,000,000 for fiscal year 2021, ended 2021-01-31. [1]"
CRM-2021-liabilities,CRM,2021,liabilities,What was Salesforce's total liabilities in fiscal year 2021?,24808000000,from the facts store,"Salesforce, Inc. reported total liabilities of $24,808,000,000 for fiscal year 2021, ended 2021-01-31. [1]"
CRM-2021-accounts_payable,CRM,2021,accounts_payable,What was Salesforce's accounts payable in fiscal year 2021?,,model: wrong figure or none,"Accounts payable, accrued expenses, and other liabilities totaled **$4,355 million** as of January 31, 2021, per the consolidated balance sheet. [11] The **$1.7 billion** of accrued compensation was included in accounts payable, accrued expenses, and other liabilities as of January 31, 2021, per Item 8. [7] Accounts payable, accrued expenses, and other liabilities (current and noncurrent) were **$3,433 million** as of January 31, 2020, but the 2021 figure is not explicitly broken down by current/noncurrent in the provided sources. [11]"
CRM-2021-inventory,CRM,2021,inventory,What was Salesforce's inventories in fiscal year 2021?,,model: abstained,The filings do not answer this question.
CRM-2021-cash,CRM,2021,cash,What was Salesforce's cash and cash equivalents in fiscal year 2021?,6195000000,from the facts store,"Salesforce, Inc. reported cash and cash equivalents of $6,195,000,000 for fiscal year 2021, ended 2021-01-31. [1]"
CRM-2021-diluted_eps,CRM,2021,diluted_eps,What was Salesforce's diluted earnings per share in fiscal year 2021?,4.38,from the facts store,"Salesforce, Inc. reported diluted earnings per share of $4.38 per share for fiscal year 2021, ended 2021-01-31. [1]"
CRM-2021-basic_eps,CRM,2021,basic_eps,What was Salesforce's basic earnings per share in fiscal year 2021?,4.48,from the facts store,"Salesforce, Inc. reported basic earnings per share of $4.48 per share for fiscal year 2021, ended 2021-01-31. [1]"
CRM-2021-operating_cash,CRM,2021,operating_cash,What was Salesforce's cash from operations in fiscal year 2021?,4801000000,model: wrong figure or none,"Cash provided by operating activities for fiscal 2021 was $4.8 billion, an increase of 11 percent year-over-year. [2][4]"
CRM-2022-revenue,CRM,2022,revenue,What was Salesforce's total revenue in fiscal year 2022?,26492000000,"model: right, rounded","Salesforce's total revenue for fiscal 2022 was $26.5 billion, an increase of 25 percent year-over-year compared to fiscal 2021. [7]"
CRM-2022-net_income,CRM,2022,net_income,What was Salesforce's net income in fiscal year 2022?,1444000000,from the facts store,"Salesforce, Inc. reported net income of $1,444,000,000 for fiscal year 2022, ended 2022-01-31. [1]"
CRM-2022-operating_income,CRM,2022,operating_income,What was Salesforce's operating income in fiscal year 2022?,548000000,model: abstained,The filings do not answer this question.
CRM-2022-assets,CRM,2022,assets,What was Salesforce's total assets in fiscal year 2022?,95209000000,from the facts store,"Salesforce, Inc. reported total assets of $95,209,000,000 for fiscal year 2022, ended 2022-01-31. [1]"
CRM-2022-liabilities,CRM,2022,liabilities,What was Salesforce's total liabilities in fiscal year 2022?,37078000000,from the facts store,"Salesforce, Inc. reported total liabilities of $37,078,000,000 for fiscal year 2022, ended 2022-01-31. [1]"
CRM-2022-accounts_payable,CRM,2022,accounts_payable,What was Salesforce's accounts payable in fiscal year 2022?,,model: wrong figure or none,"Accounts payable, accrued expenses and other liabilities were $5,474 million as of January 31, 2022, per the consolidated balance sheet. [5] The total liabilities including accounts payable, accrued expenses, and other liabilities were part of the $95,209 million total assets reported for fiscal 2022. [5] Accounts payable, accrued expenses, and other liabilities were also listed as $5,474 million in the consolidated balance sheet table for fiscal 2022. [13]"
CRM-2022-inventory,CRM,2022,inventory,What was Salesforce's inventories in fiscal year 2022?,,model: abstained,The filings do not answer this question.
CRM-2022-cash,CRM,2022,cash,What was Salesforce's cash and cash equivalents in fiscal year 2022?,5464000000,from the facts store,"Salesforce, Inc. reported cash and cash equivalents of $5,464,000,000 for fiscal year 2022, ended 2022-01-31. [1]"
CRM-2022-diluted_eps,CRM,2022,diluted_eps,What was Salesforce's diluted earnings per share in fiscal year 2022?,1.48,from the facts store,"Salesforce, Inc. reported diluted earnings per share of $1.48 per share for fiscal year 2022, ended 2022-01-31. [1]"
CRM-2022-basic_eps,CRM,2022,basic_eps,What was Salesforce's basic earnings per share in fiscal year 2022?,1.51,from the facts store,"Salesforce, Inc. reported basic earnings per share of $1.51 per share for fiscal year 2022, ended 2022-01-31. [1]"
CRM-2022-operating_cash,CRM,2022,operating_cash,What was Salesforce's cash from operations in fiscal year 2022?,6000000000,model: right,"Cash provided by operating activities for fiscal 2022 was $6.0 billion, an increase of 25 percent year-over-year. [3][5][7]"
CRM-2023-revenue,CRM,2023,revenue,What was Salesforce's total revenue in fiscal year 2023?,31352000000,"model: right, rounded","Total revenue for fiscal 2023 was $31.4 billion, an 18 percent increase from fiscal 2022. [4]"
CRM-2023-net_income,CRM,2023,net_income,What was Salesforce's net income in fiscal year 2023?,208000000,from the facts store,"Salesforce, Inc. reported net income of $208,000,000 for fiscal year 2023, ended 2023-01-31. [1]"
CRM-2023-operating_income,CRM,2023,operating_income,What was Salesforce's operating income in fiscal year 2023?,1030000000,model: abstained,The filings do not answer this question.
CRM-2023-assets,CRM,2023,assets,What was Salesforce's total assets in fiscal year 2023?,98849000000,from the facts store,"Salesforce, Inc. reported total assets of $98,849,000,000 for fiscal year 2023, ended 2023-01-31. [1]"
CRM-2023-liabilities,CRM,2023,liabilities,What was Salesforce's total liabilities in fiscal year 2023?,40490000000,from the facts store,"Salesforce, Inc. reported total liabilities of $40,490,000,000 for fiscal year 2023, ended 2023-01-31. [1]"
CRM-2023-accounts_payable,CRM,2023,accounts_payable,What was Salesforce's accounts payable in fiscal year 2023?,,model: wrong figure or none,"Accounts payable, accrued expenses and other liabilities totaled **$6.743 billion** as of January 31, 2023, with accrued compensation alone amounting to approximately **$2.6 billion** (source [1]). [1][5] The **$6.743 billion** figure includes liabilities related to restructuring charges, such as workforce reductions and real estate exits, which are part of accounts payable, accrued expenses, and other liabilities (source [6]). [5][6]"
CRM-2023-inventory,CRM,2023,inventory,What was Salesforce's inventories in fiscal year 2023?,,model: abstained,The filings do not answer this question.
CRM-2023-cash,CRM,2023,cash,What was Salesforce's cash and cash equivalents in fiscal year 2023?,7016000000,from the facts store,"Salesforce, Inc. reported cash and cash equivalents of $7,016,000,000 for fiscal year 2023, ended 2023-01-31. [1]"
CRM-2023-diluted_eps,CRM,2023,diluted_eps,What was Salesforce's diluted earnings per share in fiscal year 2023?,0.21,from the facts store,"Salesforce, Inc. reported diluted earnings per share of $0.21 per share for fiscal year 2023, ended 2023-01-31. [1]"
CRM-2023-basic_eps,CRM,2023,basic_eps,What was Salesforce's basic earnings per share in fiscal year 2023?,0.21,from the facts store,"Salesforce, Inc. reported basic earnings per share of $0.21 per share for fiscal year 2023, ended 2023-01-31. [1]"
CRM-2023-operating_cash,CRM,2023,operating_cash,What was Salesforce's cash from operations in fiscal year 2023?,7111000000,model: wrong figure or none,"Cash provided by operating activities for fiscal 2023 was $7.1 billion, an increase of 19 percent year-over-year. [3] The net cash provided by operating activities was related to net income of $208 million, adjusted for non-cash items including $3.8 billion of depreciation and amortization and $3.3 billion related to stock-based compensation expense, and was further impacted by a $1.7 billion change in unearned revenue, partially offset by a $2.3 billion change in costs capitalized to obtain revenue contracts and $1.0 billion in accounts receivable net of cash collections. [5]"
CRM-2024-revenue,CRM,2024,revenue,What was Salesforce's total revenue in fiscal year 2024?,34857000000,"model: right, rounded",Total revenue for fiscal year 2024 was $34.9 billion. [7]
CRM-2024-net_income,CRM,2024,net_income,What was Salesforce's net income in fiscal year 2024?,4136000000,from the facts store,"Salesforce, Inc. reported net income of $4,136,000,000 for fiscal year 2024, ended 2024-01-31. [1]"
CRM-2024-operating_income,CRM,2024,operating_income,What was Salesforce's operating income in fiscal year 2024?,5011000000,model: wrong figure or none,Salesforce's operating income for fiscal year 2024 was $5.0 billion. [2][12]
CRM-2024-assets,CRM,2024,assets,What was Salesforce's total assets in fiscal year 2024?,99823000000,from the facts store,"Salesforce, Inc. reported total assets of $99,823,000,000 for fiscal year 2024, ended 2024-01-31. [1]"
CRM-2024-liabilities,CRM,2024,liabilities,What was Salesforce's total liabilities in fiscal year 2024?,40177000000,from the facts store,"Salesforce, Inc. reported total liabilities of $40,177,000,000 for fiscal year 2024, ended 2024-01-31. [1]"
CRM-2024-accounts_payable,CRM,2024,accounts_payable,What was Salesforce's accounts payable in fiscal year 2024?,,model: wrong figure or none,"Accounts payable, accrued expenses and other liabilities totaled $6,111 million as of January 31, 2024, with approximately $2.5 billion of accrued compensation included in this amount. [3][4] The liability for restructuring charges related to workforce and office space reductions, included in accounts payable, accrued expenses and other liabilities, amounted to $445 million in fiscal 2024. [5]"
CRM-2024-inventory,CRM,2024,inventory,What was Salesforce's inventories in fiscal year 2024?,,model: abstained,The filings do not answer this question.
CRM-2024-cash,CRM,2024,cash,What was Salesforce's cash and cash equivalents in fiscal year 2024?,8472000000,from the facts store,"Salesforce, Inc. reported cash and cash equivalents of $8,472,000,000 for fiscal year 2024, ended 2024-01-31. [1]"
CRM-2024-diluted_eps,CRM,2024,diluted_eps,What was Salesforce's diluted earnings per share in fiscal year 2024?,4.2,from the facts store,"Salesforce, Inc. reported diluted earnings per share of $4.2 per share for fiscal year 2024, ended 2024-01-31. [1]"
CRM-2024-basic_eps,CRM,2024,basic_eps,What was Salesforce's basic earnings per share in fiscal year 2024?,4.25,from the facts store,"Salesforce, Inc. reported basic earnings per share of $4.25 per share for fiscal year 2024, ended 2024-01-31. [1]"
CRM-2024-operating_cash,CRM,2024,operating_cash,What was Salesforce's cash from operations in fiscal year 2024?,10234000000,"model: right, rounded","Cash provided by operating activities for fiscal 2024 was $10.2 billion, an increase of 44 percent year-over-year. [3] The net cash provided by operating activities during fiscal 2024 was primarily comprised of net income of $4.1 billion, adjusted for non-cash items including $4.0 billion of depreciation and amortization and $2.8 billion of stock-based compensation expense. [7]"
CRM-2025-revenue,CRM,2025,revenue,What was Salesforce's total revenue in fiscal year 2025?,37895000000,"model: right, rounded","Salesforce's total revenue for fiscal 2025 was $37.9 billion, an increase of nine percent year-over-year. [2]"
CRM-2025-net_income,CRM,2025,net_income,What was Salesforce's net income in fiscal year 2025?,6197000000,from the facts store,"Salesforce, Inc. reported net income of $6,197,000,000 for fiscal year 2025, ended 2025-01-31. [1]"
CRM-2025-operating_income,CRM,2025,operating_income,What was Salesforce's operating income in fiscal year 2025?,7205000000,model: wrong figure or none,Operating income for fiscal 2025 was $7.2 billion. [2][14]
CRM-2025-assets,CRM,2025,assets,What was Salesforce's total assets in fiscal year 2025?,102928000000,from the facts store,"Salesforce, Inc. reported total assets of $102,928,000,000 for fiscal year 2025, ended 2025-01-31. [1]"
CRM-2025-liabilities,CRM,2025,liabilities,What was Salesforce's total liabilities in fiscal year 2025?,41755000000,from the facts store,"Salesforce, Inc. reported total liabilities of $41,755,000,000 for fiscal year 2025, ended 2025-01-31. [1]"
CRM-2025-accounts_payable,CRM,2025,accounts_payable,What was Salesforce's accounts payable in fiscal year 2025?,,model: wrong figure or none,"Accounts payable, accrued expenses and other liabilities (which include accounts payable) totaled $6.658 billion as of January 31, 2025, per the consolidated balance sheet. [7] The consolidated balance sheet also states that accounts payable, accrued expenses and other liabilities included approximately $2.8 billion of accrued compensation as of January 31, 2025, but does not provide a standalone figure for accounts payable alone. [6]"
CRM-2025-inventory,CRM,2025,inventory,What was Salesforce's inventories in fiscal year 2025?,,model: abstained,The filings do not answer this question.
CRM-2025-cash,CRM,2025,cash,What was Salesforce's cash and cash equivalents in fiscal year 2025?,8848000000,from the facts store,"Salesforce, Inc. reported cash and cash equivalents of $8,848,000,000 for fiscal year 2025, ended 2025-01-31. [1]"
CRM-2025-diluted_eps,CRM,2025,diluted_eps,What was Salesforce's diluted earnings per share in fiscal year 2025?,6.36,from the facts store,"Salesforce, Inc. reported diluted earnings per share of $6.36 per share for fiscal year 2025, ended 2025-01-31. [1]"
CRM-2025-basic_eps,CRM,2025,basic_eps,What was Salesforce's basic earnings per share in fiscal year 2025?,6.44,from the facts store,"Salesforce, Inc. reported basic earnings per share of $6.44 per share for fiscal year 2025, ended 2025-01-31. [1]"
CRM-2025-operating_cash,CRM,2025,operating_cash,What was Salesforce's cash from operations in fiscal year 2025?,13092000000,"model: right, rounded","Cash provided by operating activities for fiscal 2025 was $13.1 billion, an increase of 28 percent year-over-year. [1] The net cash provided by operating activities during fiscal 2025 was primarily comprised of net income of $6.2 billion, adjusted for non-cash items including $3.5 billion of depreciation and amortization and $3.2 billion of stock-based compensation expense, further benefited by changes in unearned revenue and accounts payable. [5]"
CSCO-2021-revenue,CSCO,2021,revenue,What was Cisco's total revenue in fiscal year 2021?,49818000000,from the facts store,"CISCO SYSTEMS, INC. reported total revenue of $49,818,000,000 for fiscal year 2021, ended 2021-07-31. [1]"
CSCO-2021-net_income,CSCO,2021,net_income,What was Cisco's net income in fiscal year 2021?,10591000000,from the facts store,"CISCO SYSTEMS, INC. reported net income of $10,591,000,000 for fiscal year 2021, ended 2021-07-31. [1]"
CSCO-2021-operating_income,CSCO,2021,operating_income,What was Cisco's operating income in fiscal year 2021?,12833000000,from the facts store,"CISCO SYSTEMS, INC. reported operating income of $12,833,000,000 for fiscal year 2021, ended 2021-07-31. [1]"
CSCO-2021-assets,CSCO,2021,assets,What was Cisco's total assets in fiscal year 2021?,97497000000,from the facts store,"CISCO SYSTEMS, INC. reported total assets of $97,497,000,000 for fiscal year 2021, ended 2021-07-31. [1]"
CSCO-2021-liabilities,CSCO,2021,liabilities,What was Cisco's total liabilities in fiscal year 2021?,56222000000,from the facts store,"CISCO SYSTEMS, INC. reported total liabilities of $56,222,000,000 for fiscal year 2021, ended 2021-07-31. [1]"
CSCO-2021-accounts_payable,CSCO,2021,accounts_payable,What was Cisco's accounts payable in fiscal year 2021?,2362000000,from the facts store,"CISCO SYSTEMS, INC. reported accounts payable of $2,362,000,000 for fiscal year 2021, ended 2021-07-31. [1]"
CSCO-2021-inventory,CSCO,2021,inventory,What was Cisco's inventories in fiscal year 2021?,1559000000,from the facts store,"CISCO SYSTEMS, INC. reported inventories of $1,559,000,000 for fiscal year 2021, ended 2021-07-31. [1]"
CSCO-2021-cash,CSCO,2021,cash,What was Cisco's cash and cash equivalents in fiscal year 2021?,9175000000,from the facts store,"CISCO SYSTEMS, INC. reported cash and cash equivalents of $9,175,000,000 for fiscal year 2021, ended 2021-07-31. [1]"
CSCO-2021-diluted_eps,CSCO,2021,diluted_eps,What was Cisco's diluted earnings per share in fiscal year 2021?,2.5,from the facts store,"CISCO SYSTEMS, INC. reported diluted earnings per share of $2.5 per share for fiscal year 2021, ended 2021-07-31. [1]"
CSCO-2021-basic_eps,CSCO,2021,basic_eps,What was Cisco's basic earnings per share in fiscal year 2021?,2.51,from the facts store,"CISCO SYSTEMS, INC. reported basic earnings per share of $2.51 per share for fiscal year 2021, ended 2021-07-31. [1]"
CSCO-2021-operating_cash,CSCO,2021,operating_cash,What was Cisco's cash from operations in fiscal year 2021?,15454000000,"model: right, rounded",Cisco reported cash provided by operating activities of $15.5 billion in fiscal 2021. [3]
CSCO-2022-revenue,CSCO,2022,revenue,What was Cisco's total revenue in fiscal year 2022?,51557000000,from the facts store,"CISCO SYSTEMS, INC. reported total revenue of $51,557,000,000 for fiscal year 2022, ended 2022-07-30. [1]"
CSCO-2022-net_income,CSCO,2022,net_income,What was Cisco's net income in fiscal year 2022?,11812000000,from the facts store,"CISCO SYSTEMS, INC. reported net income of $11,812,000,000 for fiscal year 2022, ended 2022-07-30. [1]"
CSCO-2022-operating_income,CSCO,2022,operating_income,What was Cisco's operating income in fiscal year 2022?,13969000000,from the facts store,"CISCO SYSTEMS, INC. reported operating income of $13,969,000,000 for fiscal year 2022, ended 2022-07-30. [1]"
CSCO-2022-assets,CSCO,2022,assets,What was Cisco's total assets in fiscal year 2022?,94002000000,from the facts store,"CISCO SYSTEMS, INC. reported total assets of $94,002,000,000 for fiscal year 2022, ended 2022-07-30. [1]"
CSCO-2022-liabilities,CSCO,2022,liabilities,What was Cisco's total liabilities in fiscal year 2022?,54229000000,from the facts store,"CISCO SYSTEMS, INC. reported total liabilities of $54,229,000,000 for fiscal year 2022, ended 2022-07-30. [1]"
CSCO-2022-accounts_payable,CSCO,2022,accounts_payable,What was Cisco's accounts payable in fiscal year 2022?,2281000000,from the facts store,"CISCO SYSTEMS, INC. reported accounts payable of $2,281,000,000 for fiscal year 2022, ended 2022-07-30. [1]"
CSCO-2022-inventory,CSCO,2022,inventory,What was Cisco's inventories in fiscal year 2022?,2568000000,from the facts store,"CISCO SYSTEMS, INC. reported inventories of $2,568,000,000 for fiscal year 2022, ended 2022-07-30. [1]"
CSCO-2022-cash,CSCO,2022,cash,What was Cisco's cash and cash equivalents in fiscal year 2022?,7079000000,from the facts store,"CISCO SYSTEMS, INC. reported cash and cash equivalents of $7,079,000,000 for fiscal year 2022, ended 2022-07-30. [1]"
CSCO-2022-diluted_eps,CSCO,2022,diluted_eps,What was Cisco's diluted earnings per share in fiscal year 2022?,2.82,from the facts store,"CISCO SYSTEMS, INC. reported diluted earnings per share of $2.82 per share for fiscal year 2022, ended 2022-07-30. [1]"
CSCO-2022-basic_eps,CSCO,2022,basic_eps,What was Cisco's basic earnings per share in fiscal year 2022?,2.83,from the facts store,"CISCO SYSTEMS, INC. reported basic earnings per share of $2.83 per share for fiscal year 2022, ended 2022-07-30. [1]"
CSCO-2022-operating_cash,CSCO,2022,operating_cash,What was Cisco's cash from operations in fiscal year 2022?,13226000000,"model: right, rounded",Cisco's cash provided by operating activities in fiscal 2022 was $13.2 billion. [2]
CSCO-2023-revenue,CSCO,2023,revenue,What was Cisco's total revenue in fiscal year 2023?,56998000000,from the facts store,"CISCO SYSTEMS, INC. reported total revenue of $56,998,000,000 for fiscal year 2023, ended 2023-07-29. [1]"
CSCO-2023-net_income,CSCO,2023,net_income,What was Cisco's net income in fiscal year 2023?,12613000000,from the facts store,"CISCO SYSTEMS, INC. reported net income of $12,613,000,000 for fiscal year 2023, ended 2023-07-29. [1]"
CSCO-2023-operating_income,CSCO,2023,operating_income,What was Cisco's operating income in fiscal year 2023?,15031000000,from the facts store,"CISCO SYSTEMS, INC. reported operating income of $15,031,000,000 for fiscal year 2023, ended 2023-07-29. [1]"
CSCO-2023-assets,CSCO,2023,assets,What was Cisco's total assets in fiscal year 2023?,101852000000,from the facts store,"CISCO SYSTEMS, INC. reported total assets of $101,852,000,000 for fiscal year 2023, ended 2023-07-29. [1]"
CSCO-2023-liabilities,CSCO,2023,liabilities,What was Cisco's total liabilities in fiscal year 2023?,57499000000,from the facts store,"CISCO SYSTEMS, INC. reported total liabilities of $57,499,000,000 for fiscal year 2023, ended 2023-07-29. [1]"
CSCO-2023-accounts_payable,CSCO,2023,accounts_payable,What was Cisco's accounts payable in fiscal year 2023?,2313000000,from the facts store,"CISCO SYSTEMS, INC. reported accounts payable of $2,313,000,000 for fiscal year 2023, ended 2023-07-29. [1]"
CSCO-2023-inventory,CSCO,2023,inventory,What was Cisco's inventories in fiscal year 2023?,3644000000,from the facts store,"CISCO SYSTEMS, INC. reported inventories of $3,644,000,000 for fiscal year 2023, ended 2023-07-29. [1]"
CSCO-2023-cash,CSCO,2023,cash,What was Cisco's cash and cash equivalents in fiscal year 2023?,10123000000,from the facts store,"CISCO SYSTEMS, INC. reported cash and cash equivalents of $10,123,000,000 for fiscal year 2023, ended 2023-07-29. [1]"
CSCO-2023-diluted_eps,CSCO,2023,diluted_eps,What was Cisco's diluted earnings per share in fiscal year 2023?,3.07,from the facts store,"CISCO SYSTEMS, INC. reported diluted earnings per share of $3.07 per share for fiscal year 2023, ended 2023-07-29. [1]"
CSCO-2023-basic_eps,CSCO,2023,basic_eps,What was Cisco's basic earnings per share in fiscal year 2023?,3.08,from the facts store,"CISCO SYSTEMS, INC. reported basic earnings per share of $3.08 per share for fiscal year 2023, ended 2023-07-29. [1]"
CSCO-2023-operating_cash,CSCO,2023,operating_cash,What was Cisco's cash from operations in fiscal year 2023?,19886000000,"model: right, rounded","Cisco's cash provided by operating activities in fiscal 2023 was $19.9 billion, as stated in the cash flow summary under Item 7: Management's Discussion and Analysis (MD&A). [3]"
CSCO-2024-revenue,CSCO,2024,revenue,What was Cisco's total revenue in fiscal year 2024?,53803000000,from the facts store,"CISCO SYSTEMS, INC. reported total revenue of $53,803,000,000 for fiscal year 2024, ended 2024-07-27. [1]"
CSCO-2024-net_income,CSCO,2024,net_income,What was Cisco's net income in fiscal year 2024?,10320000000,from the facts store,"CISCO SYSTEMS, INC. reported net income of $10,320,000,000 for fiscal year 2024, ended 2024-07-27. [1]"
CSCO-2024-operating_income,CSCO,2024,operating_income,What was Cisco's operating income in fiscal year 2024?,12181000000,from the facts store,"CISCO SYSTEMS, INC. reported operating income of $12,181,000,000 for fiscal year 2024, ended 2024-07-27. [1]"
CSCO-2024-assets,CSCO,2024,assets,What was Cisco's total assets in fiscal year 2024?,124413000000,from the facts store,"CISCO SYSTEMS, INC. reported total assets of $124,413,000,000 for fiscal year 2024, ended 2024-07-27. [1]"
CSCO-2024-liabilities,CSCO,2024,liabilities,What was Cisco's total liabilities in fiscal year 2024?,78956000000,from the facts store,"CISCO SYSTEMS, INC. reported total liabilities of $78,956,000,000 for fiscal year 2024, ended 2024-07-27. [1]"
CSCO-2024-accounts_payable,CSCO,2024,accounts_payable,What was Cisco's accounts payable in fiscal year 2024?,2304000000,from the facts store,"CISCO SYSTEMS, INC. reported accounts payable of $2,304,000,000 for fiscal year 2024, ended 2024-07-27. [1]"
CSCO-2024-inventory,CSCO,2024,inventory,What was Cisco's inventories in fiscal year 2024?,3373000000,from the facts store,"CISCO SYSTEMS, INC. reported inventories of $3,373,000,000 for fiscal year 2024, ended 2024-07-27. [1]"
CSCO-2024-cash,CSCO,2024,cash,What was Cisco's cash and cash equivalents in fiscal year 2024?,7508000000,from the facts store,"CISCO SYSTEMS, INC. reported cash and cash equivalents of $7,508,000,000 for fiscal year 2024, ended 2024-07-27. [1]"
CSCO-2024-diluted_eps,CSCO,2024,diluted_eps,What was Cisco's diluted earnings per share in fiscal year 2024?,2.54,from the facts store,"CISCO SYSTEMS, INC. reported diluted earnings per share of $2.54 per share for fiscal year 2024, ended 2024-07-27. [1]"
CSCO-2024-basic_eps,CSCO,2024,basic_eps,What was Cisco's basic earnings per share in fiscal year 2024?,2.55,from the facts store,"CISCO SYSTEMS, INC. reported basic earnings per share of $2.55 per share for fiscal year 2024, ended 2024-07-27. [1]"
CSCO-2024-operating_cash,CSCO,2024,operating_cash,What was Cisco's cash from operations in fiscal year 2024?,10880000000,"model: right, rounded","Cisco reported net cash provided by operating activities of $10.9 billion for fiscal 2024, as stated in source [2]. [2]"
CSCO-2025-revenue,CSCO,2025,revenue,What was Cisco's total revenue in fiscal year 2025?,56654000000,from the facts store,"CISCO SYSTEMS, INC. reported total revenue of $56,654,000,000 for fiscal year 2025, ended 2025-07-26. [1]"
CSCO-2025-net_income,CSCO,2025,net_income,What was Cisco's net income in fiscal year 2025?,10180000000,from the facts store,"CISCO SYSTEMS, INC. reported net income of $10,180,000,000 for fiscal year 2025, ended 2025-07-26. [1]"
CSCO-2025-operating_income,CSCO,2025,operating_income,What was Cisco's operating income in fiscal year 2025?,11760000000,from the facts store,"CISCO SYSTEMS, INC. reported operating income of $11,760,000,000 for fiscal year 2025, ended 2025-07-26. [1]"
CSCO-2025-assets,CSCO,2025,assets,What was Cisco's total assets in fiscal year 2025?,122291000000,from the facts store,"CISCO SYSTEMS, INC. reported total assets of $122,291,000,000 for fiscal year 2025, ended 2025-07-26. [1]"
CSCO-2025-liabilities,CSCO,2025,liabilities,What was Cisco's total liabilities in fiscal year 2025?,75448000000,from the facts store,"CISCO SYSTEMS, INC. reported total liabilities of $75,448,000,000 for fiscal year 2025, ended 2025-07-26. [1]"
CSCO-2025-accounts_payable,CSCO,2025,accounts_payable,What was Cisco's accounts payable in fiscal year 2025?,2528000000,from the facts store,"CISCO SYSTEMS, INC. reported accounts payable of $2,528,000,000 for fiscal year 2025, ended 2025-07-26. [1]"
CSCO-2025-inventory,CSCO,2025,inventory,What was Cisco's inventories in fiscal year 2025?,3164000000,from the facts store,"CISCO SYSTEMS, INC. reported inventories of $3,164,000,000 for fiscal year 2025, ended 2025-07-26. [1]"
CSCO-2025-cash,CSCO,2025,cash,What was Cisco's cash and cash equivalents in fiscal year 2025?,8346000000,from the facts store,"CISCO SYSTEMS, INC. reported cash and cash equivalents of $8,346,000,000 for fiscal year 2025, ended 2025-07-26. [1]"
CSCO-2025-diluted_eps,CSCO,2025,diluted_eps,What was Cisco's diluted earnings per share in fiscal year 2025?,2.55,from the facts store,"CISCO SYSTEMS, INC. reported diluted earnings per share of $2.55 per share for fiscal year 2025, ended 2025-07-26. [1]"
CSCO-2025-basic_eps,CSCO,2025,basic_eps,What was Cisco's basic earnings per share in fiscal year 2025?,2.56,from the facts store,"CISCO SYSTEMS, INC. reported basic earnings per share of $2.56 per share for fiscal year 2025, ended 2025-07-26. [1]"
CSCO-2025-operating_cash,CSCO,2025,operating_cash,What was Cisco's cash from operations in fiscal year 2025?,14193000000,"model: right, rounded",Net cash provided by operating activities during fiscal 2025 was $14.2 billion. [2]
GOOGL-2021-revenue,GOOGL,2021,revenue,What was Alphabet's total revenue in fiscal year 2021?,257637000000,model: abstained,The filings do not answer this question.
GOOGL-2021-net_income,GOOGL,2021,net_income,What was Alphabet's net income in fiscal year 2021?,76033000000,from the facts store,"Alphabet Inc. reported net income of $76,033,000,000 for fiscal year 2021, ended 2021-12-31. [1]"
GOOGL-2021-operating_income,GOOGL,2021,operating_income,What was Alphabet's operating income in fiscal year 2021?,78714000000,from the facts store,"Alphabet Inc. reported operating income of $78,714,000,000 for fiscal year 2021, ended 2021-12-31. [1]"
GOOGL-2021-assets,GOOGL,2021,assets,What was Alphabet's total assets in fiscal year 2021?,359268000000,from the facts store,"Alphabet Inc. reported total assets of $359,268,000,000 for fiscal year 2021, ended 2021-12-31. [1]"
GOOGL-2021-liabilities,GOOGL,2021,liabilities,What was Alphabet's total liabilities in fiscal year 2021?,107633000000,from the facts store,"Alphabet Inc. reported total liabilities of $107,633,000,000 for fiscal year 2021, ended 2021-12-31. [1]"
GOOGL-2021-accounts_payable,GOOGL,2021,accounts_payable,What was Alphabet's accounts payable in fiscal year 2021?,6037000000,from the facts store,"Alphabet Inc. reported accounts payable of $6,037,000,000 for fiscal year 2021, ended 2021-12-31. [1]"
GOOGL-2021-inventory,GOOGL,2021,inventory,What was Alphabet's inventories in fiscal year 2021?,1170000000,model: abstained,The filings do not answer this question.
GOOGL-2021-cash,GOOGL,2021,cash,What was Alphabet's cash and cash equivalents in fiscal year 2021?,20945000000,from the facts store,"Alphabet Inc. reported cash and cash equivalents of $20,945,000,000 for fiscal year 2021, ended 2021-12-31. [1]"
GOOGL-2021-diluted_eps,GOOGL,2021,diluted_eps,What was Alphabet's diluted earnings per share in fiscal year 2021?,112.2,from the facts store,"Alphabet Inc. reported diluted earnings per share of $112.2 per share for fiscal year 2021, ended 2021-12-31. [1]"
GOOGL-2021-basic_eps,GOOGL,2021,basic_eps,What was Alphabet's basic earnings per share in fiscal year 2021?,113.88,from the facts store,"Alphabet Inc. reported basic earnings per share of $113.88 per share for fiscal year 2021, ended 2021-12-31. [1]"
GOOGL-2021-operating_cash,GOOGL,2021,operating_cash,What was Alphabet's cash from operations in fiscal year 2021?,91652000000,model: wrong figure or none,"Alphabet Inc. reported an increase in net cash provided by operating activities in fiscal year 2021 compared to 2020, though the exact figure for 2021 is not explicitly stated in the provided sources. [1][16]"
GOOGL-2022-revenue,GOOGL,2022,revenue,What was Alphabet's total revenue in fiscal year 2022?,282836000000,model: wrong figure or none,"Total constant currency revenues for 2022 were $294.2 billion, an increase of $36.7 billion compared to $257.5 billion in 2021 (excluding hedging effect). [1]"
GOOGL-2022-net_income,GOOGL,2022,net_income,What was Alphabet's net income in fiscal year 2022?,59972000000,from the facts store,"Alphabet Inc. reported net income of $59,972,000,000 for fiscal year 2022, ended 2022-12-31. [1]"
GOOGL-2022-operating_income,GOOGL,2022,operating_income,What was Alphabet's operating income in fiscal year 2022?,74842000000,from the facts store,"Alphabet Inc. reported operating income of $74,842,000,000 for fiscal year 2022, ended 2022-12-31. [1]"
GOOGL-2022-assets,GOOGL,2022,assets,What was Alphabet's total assets in fiscal year 2022?,365264000000,from the facts store,"Alphabet Inc. reported total assets of $365,264,000,000 for fiscal year 2022, ended 2022-12-31. [1]"
GOOGL-2022-liabilities,GOOGL,2022,liabilities,What was Alphabet's total liabilities in fiscal year 2022?,109120000000,from the facts store,"Alphabet Inc. reported total liabilities of $109,120,000,000 for fiscal year 2022, ended 2022-12-31. [1]"
GOOGL-2022-accounts_payable,GOOGL,2022,accounts_payable,What was Alphabet's accounts payable in fiscal year 2022?,5128000000,from the facts store,"Alphabet Inc. reported accounts payable of $5,128,000,000 for fiscal year 2022, ended 2022-12-31. [1]"
GOOGL-2022-inventory,GOOGL,2022,inventory,What was Alphabet's inventories in fiscal year 2022?,2670000000,model: abstained,The filings do not answer this question.
GOOGL-2022-cash,GOOGL,2022,cash,What was Alphabet's cash and cash equivalents in fiscal year 2022?,21879000000,from the facts store,"Alphabet Inc. reported cash and cash equivalents of $21,879,000,000 for fiscal year 2022, ended 2022-12-31. [1]"
GOOGL-2022-diluted_eps,GOOGL,2022,diluted_eps,What was Alphabet's diluted earnings per share in fiscal year 2022?,4.56,from the facts store,"Alphabet Inc. reported diluted earnings per share of $4.56 per share for fiscal year 2022, ended 2022-12-31. [1]"
GOOGL-2022-basic_eps,GOOGL,2022,basic_eps,What was Alphabet's basic earnings per share in fiscal year 2022?,4.59,from the facts store,"Alphabet Inc. reported basic earnings per share of $4.59 per share for fiscal year 2022, ended 2022-12-31. [1]"
GOOGL-2022-operating_cash,GOOGL,2022,operating_cash,What was Alphabet's cash from operations in fiscal year 2022?,91495000000,model: wrong figure or none,"Net cash provided by operating activities decreased from 2021 to 2022, but the exact figure for 2022 is not explicitly stated in the provided sources. [8] The sources do not provide the specific amount of cash from operations for fiscal year 2022, only that it decreased compared to 2021. [8]"
GOOGL-2023-revenue,GOOGL,2023,revenue,What was Alphabet's total revenue in fiscal year 2023?,307394000000,model: wrong figure or none,"Total constant currency revenues for 2023 were $309.1 billion, an increase of $28.2 billion from the $280.9 billion reported for 2022. [1]"
GOOGL-2023-net_income,GOOGL,2023,net_income,What was Alphabet's net income in fiscal year 2023?,73795000000,from the facts store,"Alphabet Inc. reported net income of $73,795,000,000 for fiscal year 2023, ended 2023-12-31. [1]"
GOOGL-2023-operating_income,GOOGL,2023,operating_income,What was Alphabet's operating income in fiscal year 2023?,84293000000,from the facts store,"Alphabet Inc. reported operating income of $84,293,000,000 for fiscal year 2023, ended 2023-12-31. [1]"
GOOGL-2023-assets,GOOGL,2023,assets,What was Alphabet's total assets in fiscal year 2023?,402392000000,from the facts store,"Alphabet Inc. reported total assets of $402,392,000,000 for fiscal year 2023, ended 2023-12-31. [1]"
GOOGL-2023-liabilities,GOOGL,2023,liabilities,What was Alphabet's total liabilities in fiscal year 2023?,119013000000,from the facts store,"Alphabet Inc. reported total liabilities of $119,013,000,000 for fiscal year 2023, ended 2023-12-31. [1]"
GOOGL-2023-accounts_payable,GOOGL,2023,accounts_payable,What was Alphabet's accounts payable in fiscal year 2023?,7493000000,from the facts store,"Alphabet Inc. reported accounts payable of $7,493,000,000 for fiscal year 2023, ended 2023-12-31. [1]"
GOOGL-2023-inventory,GOOGL,2023,inventory,What was Alphabet's inventories in fiscal year 2023?,,model: abstained,The filings do not answer this question.
GOOGL-2023-cash,GOOGL,2023,cash,What was Alphabet's cash and cash equivalents in fiscal year 2023?,24048000000,from the facts store,"Alphabet Inc. reported cash and cash equivalents of $24,048,000,000 for fiscal year 2023, ended 2023-12-31. [1]"
GOOGL-2023-diluted_eps,GOOGL,2023,diluted_eps,What was Alphabet's diluted earnings per share in fiscal year 2023?,5.8,from the facts store,"Alphabet Inc. reported diluted earnings per share of $5.8 per share for fiscal year 2023, ended 2023-12-31. [1]"
GOOGL-2023-basic_eps,GOOGL,2023,basic_eps,What was Alphabet's basic earnings per share in fiscal year 2023?,5.84,from the facts store,"Alphabet Inc. reported basic earnings per share of $5.84 per share for fiscal year 2023, ended 2023-12-31. [1]"
GOOGL-2023-operating_cash,GOOGL,2023,operating_cash,What was Alphabet's cash from operations in fiscal year 2023?,101746000000,"model: right, rounded","Alphabet's cash provided by operating activities was $101.7 billion for the year ended December 31, 2023. [8]"
GOOGL-2024-revenue,GOOGL,2024,revenue,What was Alphabet's total revenue in fiscal year 2024?,350018000000,model: wrong figure or none,"Total constant currency revenues for 2024 were $352.7 billion, an increase of $45.6 billion from $307.2 billion in 2023, excluding hedging effects. [2]"
GOOGL-2024-net_income,GOOGL,2024,net_income,What was Alphabet's net income in fiscal year 2024?,100118000000,from the facts store,"Alphabet Inc. reported net income of $100,118,000,000 for fiscal year 2024, ended 2024-12-31. [1]"
GOOGL-2024-operating_income,GOOGL,2024,operating_income,What was Alphabet's operating income in fiscal year 2024?,112390000000,from the facts store,"Alphabet Inc. reported operating income of $112,390,000,000 for fiscal year 2024, ended 2024-12-31. [1]"
GOOGL-2024-assets,GOOGL,2024,assets,What was Alphabet's total assets in fiscal year 2024?,450256000000,from the facts store,"Alphabet Inc. reported total assets of $450,256,000,000 for fiscal year 2024, ended 2024-12-31. [1]"
GOOGL-2024-liabilities,GOOGL,2024,liabilities,What was Alphabet's total liabilities in fiscal year 2024?,125172000000,from the facts store,"Alphabet Inc. reported total liabilities of $125,172,000,000 for fiscal year 2024, ended 2024-12-31. [1]"
GOOGL-2024-accounts_payable,GOOGL,2024,accounts_payable,What was Alphabet's accounts payable in fiscal year 2024?,7987000000,from the facts store,"Alphabet Inc. reported accounts payable of $7,987,000,000 for fiscal year 2024, ended 2024-12-31. [1]"
GOOGL-2024-inventory,GOOGL,2024,inventory,What was Alphabet's inventories in fiscal year 2024?,,model: abstained,The filings do not answer this question.
GOOGL-2024-cash,GOOGL,2024,cash,What was Alphabet's cash and cash equivalents in fiscal year 2024?,23466000000,from the facts store,"Alphabet Inc. reported cash and cash equivalents of $23,466,000,000 for fiscal year 2024, ended 2024-12-31. [1]"
GOOGL-2024-diluted_eps,GOOGL,2024,diluted_eps,What was Alphabet's diluted earnings per share in fiscal year 2024?,8.04,from the facts store,"Alphabet Inc. reported diluted earnings per share of $8.04 per share for fiscal year 2024, ended 2024-12-31. [1]"
GOOGL-2024-basic_eps,GOOGL,2024,basic_eps,What was Alphabet's basic earnings per share in fiscal year 2024?,8.13,from the facts store,"Alphabet Inc. reported basic earnings per share of $8.13 per share for fiscal year 2024, ended 2024-12-31. [1]"
GOOGL-2024-operating_cash,GOOGL,2024,operating_cash,What was Alphabet's cash from operations in fiscal year 2024?,125299000000,"model: right, rounded","Alphabet's net cash provided by operating activities was $125.3 billion for the year ended December 31, 2024. [16]"
GOOGL-2025-revenue,GOOGL,2025,revenue,What was Alphabet's total revenue in fiscal year 2025?,402836000000,model: abstained,The filings do not answer this question.
GOOGL-2025-net_income,GOOGL,2025,net_income,What was Alphabet's net income in fiscal year 2025?,132170000000,from the facts store,"Alphabet Inc. reported net income of $132,170,000,000 for fiscal year 2025, ended 2025-12-31. [1]"
GOOGL-2025-operating_income,GOOGL,2025,operating_income,What was Alphabet's operating income in fiscal year 2025?,129039000000,from the facts store,"Alphabet Inc. reported operating income of $129,039,000,000 for fiscal year 2025, ended 2025-12-31. [1]"
GOOGL-2025-assets,GOOGL,2025,assets,What was Alphabet's total assets in fiscal year 2025?,595281000000,from the facts store,"Alphabet Inc. reported total assets of $595,281,000,000 for fiscal year 2025, ended 2025-12-31. [1]"
GOOGL-2025-liabilities,GOOGL,2025,liabilities,What was Alphabet's total liabilities in fiscal year 2025?,180016000000,from the facts store,"Alphabet Inc. reported total liabilities of $180,016,000,000 for fiscal year 2025, ended 2025-12-31. [1]"
GOOGL-2025-accounts_payable,GOOGL,2025,accounts_payable,What was Alphabet's accounts payable in fiscal year 2025?,12200000000,from the facts store,"Alphabet Inc. reported accounts payable of $12,200,000,000 for fiscal year 2025, ended 2025-12-31. [1]"
GOOGL-2025-inventory,GOOGL,2025,inventory,What was Alphabet's inventories in fiscal year 2025?,,model: abstained,The filings do not answer this question.
GOOGL-2025-cash,GOOGL,2025,cash,What was Alphabet's cash and cash equivalents in fiscal year 2025?,30708000000,from the facts store,"Alphabet Inc. reported cash and cash equivalents of $30,708,000,000 for fiscal year 2025, ended 2025-12-31. [1]"
GOOGL-2025-diluted_eps,GOOGL,2025,diluted_eps,What was Alphabet's diluted earnings per share in fiscal year 2025?,10.81,from the facts store,"Alphabet Inc. reported diluted earnings per share of $10.81 per share for fiscal year 2025, ended 2025-12-31. [1]"
GOOGL-2025-basic_eps,GOOGL,2025,basic_eps,What was Alphabet's basic earnings per share in fiscal year 2025?,10.91,from the facts store,"Alphabet Inc. reported basic earnings per share of $10.91 per share for fiscal year 2025, ended 2025-12-31. [1]"
GOOGL-2025-operating_cash,GOOGL,2025,operating_cash,What was Alphabet's cash from operations in fiscal year 2025?,164713000000,"model: right, rounded","Alphabet's net cash provided by operating activities was $164.7 billion for the year ended December 31, 2025. [16]"
INTU-2021-revenue,INTU,2021,revenue,What was Intuit's total revenue in fiscal year 2021?,9633000000,from the facts store,"INTUIT INC. reported total revenue of $9,633,000,000 for fiscal year 2021, ended 2021-07-31. [1]"
INTU-2021-net_income,INTU,2021,net_income,What was Intuit's net income in fiscal year 2021?,2062000000,from the facts store,"INTUIT INC. reported net income of $2,062,000,000 for fiscal year 2021, ended 2021-07-31. [1]"
INTU-2021-operating_income,INTU,2021,operating_income,What was Intuit's operating income in fiscal year 2021?,2500000000,from the facts store,"INTUIT INC. reported operating income of $2,500,000,000 for fiscal year 2021, ended 2021-07-31. [1]"
INTU-2021-assets,INTU,2021,assets,What was Intuit's total assets in fiscal year 2021?,15516000000,from the facts store,"INTUIT INC. reported total assets of $15,516,000,000 for fiscal year 2021, ended 2021-07-31. [1]"
INTU-2021-liabilities,INTU,2021,liabilities,What was Intuit's total liabilities in fiscal year 2021?,5647000000,from the facts store,"INTUIT INC. reported total liabilities of $5,647,000,000 for fiscal year 2021, ended 2021-07-31. [1]"
INTU-2021-accounts_payable,INTU,2021,accounts_payable,What was Intuit's accounts payable in fiscal year 2021?,623000000,from the facts store,"INTUIT INC. reported accounts payable of $623,000,000 for fiscal year 2021, ended 2021-07-31. [1]"
INTU-2021-inventory,INTU,2021,inventory,What was Intuit's inventories in fiscal year 2021?,,model: abstained,The filings do not answer this question.
INTU-2021-cash,INTU,2021,cash,What was Intuit's cash and cash equivalents in fiscal year 2021?,2562000000,from the facts store,"INTUIT INC. reported cash and cash equivalents of $2,562,000,000 for fiscal year 2021, ended 2021-07-31. [1]"
INTU-2021-diluted_eps,INTU,2021,diluted_eps,What was Intuit's diluted earnings per share in fiscal year 2021?,7.56,from the facts store,"INTUIT INC. reported diluted earnings per share of $7.56 per share for fiscal year 2021, ended 2021-07-31. [1]"
INTU-2021-basic_eps,INTU,2021,basic_eps,What was Intuit's basic earnings per share in fiscal year 2021?,7.65,from the facts store,"INTUIT INC. reported basic earnings per share of $7.65 per share for fiscal year 2021, ended 2021-07-31. [1]"
INTU-2021-operating_cash,INTU,2021,operating_cash,What was Intuit's cash from operations in fiscal year 2021?,3250000000,from the facts store,"INTUIT INC. reported cash from operations of $3,250,000,000 for fiscal year 2021, ended 2021-07-31. [1]"
INTU-2022-revenue,INTU,2022,revenue,What was Intuit's total revenue in fiscal year 2022?,12726000000,from the facts store,"INTUIT INC. reported total revenue of $12,726,000,000 for fiscal year 2022, ended 2022-07-31. [1]"
INTU-2022-net_income,INTU,2022,net_income,What was Intuit's net income in fiscal year 2022?,2066000000,from the facts store,"INTUIT INC. reported net income of $2,066,000,000 for fiscal year 2022, ended 2022-07-31. [1]"
INTU-2022-operating_income,INTU,2022,operating_income,What was Intuit's operating income in fiscal year 2022?,2571000000,from the facts store,"INTUIT INC. reported operating income of $2,571,000,000 for fiscal year 2022, ended 2022-07-31. [1]"
INTU-2022-assets,INTU,2022,assets,What was Intuit's total assets in fiscal year 2022?,27734000000,from the facts store,"INTUIT INC. reported total assets of $27,734,000,000 for fiscal year 2022, ended 2022-07-31. [1]"
INTU-2022-liabilities,INTU,2022,liabilities,What was Intuit's total liabilities in fiscal year 2022?,11293000000,from the facts store,"INTUIT INC. reported total liabilities of $11,293,000,000 for fiscal year 2022, ended 2022-07-31. [1]"
INTU-2022-accounts_payable,INTU,2022,accounts_payable,What was Intuit's accounts payable in fiscal year 2022?,737000000,from the facts store,"INTUIT INC. reported accounts payable of $737,000,000 for fiscal year 2022, ended 2022-07-31. [1]"
INTU-2022-inventory,INTU,2022,inventory,What was Intuit's inventories in fiscal year 2022?,,model: abstained,The filings do not answer this question.
INTU-2022-cash,INTU,2022,cash,What was Intuit's cash and cash equivalents in fiscal year 2022?,2796000000,from the facts store,"INTUIT INC. reported cash and cash equivalents of $2,796,000,000 for fiscal year 2022, ended 2022-07-31. [1]"
INTU-2022-diluted_eps,INTU,2022,diluted_eps,What was Intuit's diluted earnings per share in fiscal year 2022?,7.28,from the facts store,"INTUIT INC. reported diluted earnings per share of $7.28 per share for fiscal year 2022, ended 2022-07-31. [1]"
INTU-2022-basic_eps,INTU,2022,basic_eps,What was Intuit's basic earnings per share in fiscal year 2022?,7.38,from the facts store,"INTUIT INC. reported basic earnings per share of $7.38 per share for fiscal year 2022, ended 2022-07-31. [1]"
INTU-2022-operating_cash,INTU,2022,operating_cash,What was Intuit's cash from operations in fiscal year 2022?,3889000000,model: wrong figure or none,Intuit generated $3.9 billion in cash from operations during fiscal 2022. [8] Cash from operations increased 20% from fiscal 2021 to $3.9 billion in fiscal 2022. [13]
INTU-2023-revenue,INTU,2023,revenue,What was Intuit's total revenue in fiscal year 2023?,14368000000,from the facts store,"INTUIT INC. reported total revenue of $14,368,000,000 for fiscal year 2023, ended 2023-07-31. [1]"
INTU-2023-net_income,INTU,2023,net_income,What was Intuit's net income in fiscal year 2023?,2384000000,from the facts store,"INTUIT INC. reported net income of $2,384,000,000 for fiscal year 2023, ended 2023-07-31. [1]"
INTU-2023-operating_income,INTU,2023,operating_income,What was Intuit's operating income in fiscal year 2023?,3141000000,from the facts store,"INTUIT INC. reported operating income of $3,141,000,000 for fiscal year 2023, ended 2023-07-31. [1]"
INTU-2023-assets,INTU,2023,assets,What was Intuit's total assets in fiscal year 2023?,27780000000,from the facts store,"INTUIT INC. reported total assets of $27,780,000,000 for fiscal year 2023, ended 2023-07-31. [1]"
INTU-2023-liabilities,INTU,2023,liabilities,What was Intuit's total liabilities in fiscal year 2023?,10511000000,from the facts store,"INTUIT INC. reported total liabilities of $10,511,000,000 for fiscal year 2023, ended 2023-07-31. [1]"
INTU-2023-accounts_payable,INTU,2023,accounts_payable,What was Intuit's accounts payable in fiscal year 2023?,638000000,from the facts store,"INTUIT INC. reported accounts payable of $638,000,000 for fiscal year 2023, ended 2023-07-31. [1]"
INTU-2023-inventory,INTU,2023,inventory,What was Intuit's inventories in fiscal year 2023?,,model: abstained,The filings do not answer this question.
INTU-2023-cash,INTU,2023,cash,What was Intuit's cash and cash equivalents in fiscal year 2023?,2848000000,from the facts store,"INTUIT INC. reported cash and cash equivalents of $2,848,000,000 for fiscal year 2023, ended 2023-07-31. [1]"
INTU-2023-diluted_eps,INTU,2023,diluted_eps,What was Intuit's diluted earnings per share in fiscal year 2023?,8.42,from the facts store,"INTUIT INC. reported diluted earnings per share of $8.42 per share for fiscal year 2023, ended 2023-07-31. [1]"
INTU-2023-basic_eps,INTU,2023,basic_eps,What was Intuit's basic earnings per share in fiscal year 2023?,8.49,from the facts store,"INTUIT INC. reported basic earnings per share of $8.49 per share for fiscal year 2023, ended 2023-07-31. [1]"
INTU-2023-operating_cash,INTU,2023,operating_cash,What was Intuit's cash from operations in fiscal year 2023?,5046000000,model: wrong figure or none,Intuit generated $5.0 billion in cash from operations during fiscal 2023. [3]
INTU-2024-revenue,INTU,2024,revenue,What was Intuit's total revenue in fiscal year 2024?,16285000000,from the facts store,"INTUIT INC. reported total revenue of $16,285,000,000 for fiscal year 2024, ended 2024-07-31. [1]"
INTU-2024-net_income,INTU,2024,net_income,What was Intuit's net income in fiscal year 2024?,2963000000,from the facts store,"INTUIT INC. reported net income of $2,963,000,000 for fiscal year 2024, ended 2024-07-31. [1]"
INTU-2024-operating_income,INTU,2024,operating_income,What was Intuit's operating income in fiscal year 2024?,3630000000,from the facts store,"INTUIT INC. reported operating income of $3,630,000,000 for fiscal year 2024, ended 2024-07-31. [1]"
INTU-2024-assets,INTU,2024,assets,What was Intuit's total assets in fiscal year 2024?,32132000000,from the facts store,"INTUIT INC. reported total assets of $32,132,000,000 for fiscal year 2024, ended 2024-07-31. [1]"
INTU-2024-liabilities,INTU,2024,liabilities,What was Intuit's total liabilities in fiscal year 2024?,13696000000,from the facts store,"INTUIT INC. reported total liabilities of $13,696,000,000 for fiscal year 2024, ended 2024-07-31. [1]"
INTU-2024-accounts_payable,INTU,2024,accounts_payable,What was Intuit's accounts payable in fiscal year 2024?,721000000,from the facts store,"INTUIT INC. reported accounts payable of $721,000,000 for fiscal year 2024, ended 2024-07-31. [1]"
INTU-2024-inventory,INTU,2024,inventory,What was Intuit's inventories in fiscal year 2024?,,model: abstained,The filings do not answer this question.
INTU-2024-cash,INTU,2024,cash,What was Intuit's cash and cash equivalents in fiscal year 2024?,3609000000,from the facts store,"INTUIT INC. reported cash and cash equivalents of $3,609,000,000 for fiscal year 2024, ended 2024-07-31. [1]"
INTU-2024-diluted_eps,INTU,2024,diluted_eps,What was Intuit's diluted earnings per share in fiscal year 2024?,10.43,from the facts store,"INTUIT INC. reported diluted earnings per share of $10.43 per share for fiscal year 2024, ended 2024-07-31. [1]"
INTU-2024-basic_eps,INTU,2024,basic_eps,What was Intuit's basic earnings per share in fiscal year 2024?,10.58,from the facts store,"INTUIT INC. reported basic earnings per share of $10.58 per share for fiscal year 2024, ended 2024-07-31. [1]"
INTU-2024-operating_cash,INTU,2024,operating_cash,What was Intuit's cash from operations in fiscal year 2024?,4884000000,model: wrong figure or none,Intuit generated $4.9 billion in cash from operations during fiscal 2024. [4]
INTU-2025-revenue,INTU,2025,revenue,What was Intuit's total revenue in fiscal year 2025?,18831000000,from the facts store,"INTUIT INC. reported total revenue of $18,831,000,000 for fiscal year 2025, ended 2025-07-31. [1]"
INTU-2025-net_income,INTU,2025,net_income,What was Intuit's net income in fiscal year 2025?,3869000000,from the facts store,"INTUIT INC. reported net income of $3,869,000,000 for fiscal year 2025, ended 2025-07-31. [1]"
INTU-2025-operating_income,INTU,2025,operating_income,What was Intuit's operating income in fiscal year 2025?,4923000000,from the facts store,"INTUIT INC. reported operating income of $4,923,000,000 for fiscal year 2025, ended 2025-07-31. [1]"
INTU-2025-assets,INTU,2025,assets,What was Intuit's total assets in fiscal year 2025?,36958000000,from the facts store,"INTUIT INC. reported total assets of $36,958,000,000 for fiscal year 2025, ended 2025-07-31. [1]"
INTU-2025-liabilities,INTU,2025,liabilities,What was Intuit's total liabilities in fiscal year 2025?,17248000000,from the facts store,"INTUIT INC. reported total liabilities of $17,248,000,000 for fiscal year 2025, ended 2025-07-31. [1]"
INTU-2025-accounts_payable,INTU,2025,accounts_payable,What was Intuit's accounts payable in fiscal year 2025?,792000000,from the facts store,"INTUIT INC. reported accounts payable of $792,000,000 for fiscal year 2025, ended 2025-07-31. [1]"
INTU-2025-inventory,INTU,2025,inventory,What was Intuit's inventories in fiscal year 2025?,,model: abstained,The filings do not answer this question.
INTU-2025-cash,INTU,2025,cash,What was Intuit's cash and cash equivalents in fiscal year 2025?,2884000000,from the facts store,"INTUIT INC. reported cash and cash equivalents of $2,884,000,000 for fiscal year 2025, ended 2025-07-31. [1]"
INTU-2025-diluted_eps,INTU,2025,diluted_eps,What was Intuit's diluted earnings per share in fiscal year 2025?,13.67,from the facts store,"INTUIT INC. reported diluted earnings per share of $13.67 per share for fiscal year 2025, ended 2025-07-31. [1]"
INTU-2025-basic_eps,INTU,2025,basic_eps,What was Intuit's basic earnings per share in fiscal year 2025?,13.82,from the facts store,"INTUIT INC. reported basic earnings per share of $13.82 per share for fiscal year 2025, ended 2025-07-31. [1]"
INTU-2025-operating_cash,INTU,2025,operating_cash,What was Intuit's cash from operations in fiscal year 2025?,6207000000,model: wrong figure or none,Intuit generated **$6.2 billion** in cash from operations during fiscal 2025. [5]
META-2021-revenue,META,2021,revenue,What was Meta's total revenue in fiscal year 2021?,117929000000,from the facts store,"Meta Platforms, Inc. reported total revenue of $117,929,000,000 for fiscal year 2021, ended 2021-12-31. [1]"
META-2021-net_income,META,2021,net_income,What was Meta's net income in fiscal year 2021?,39370000000,from the facts store,"Meta Platforms, Inc. reported net income of $39,370,000,000 for fiscal year 2021, ended 2021-12-31. [1]"
META-2021-operating_income,META,2021,operating_income,What was Meta's operating income in fiscal year 2021?,46753000000,model: wrong figure or none,"Meta's Family of Apps segment operating income was $17.65 billion in 2021, a 45% increase from 2020. [8] Meta's Reality Labs segment had an operating loss of $581 million in 2021, a 448% decline from 2020. [8] Meta's total consolidated operating income was $36.07 billion in 2021, a 38% increase from 2020. [8]"
META-2021-assets,META,2021,assets,What was Meta's total assets in fiscal year 2021?,165987000000,from the facts store,"Meta Platforms, Inc. reported total assets of $165,987,000,000 for fiscal year 2021, ended 2021-12-31. [1]"
META-2021-liabilities,META,2021,liabilities,What was Meta's total liabilities in fiscal year 2021?,41108000000,from the facts store,"Meta Platforms, Inc. reported total liabilities of $41,108,000,000 for fiscal year 2021, ended 2021-12-31. [1]"
META-2021-accounts_payable,META,2021,accounts_payable,What was Meta's accounts payable in fiscal year 2021?,,model: wrong figure or none,"Meta's accounts payable was $4,083 million as of December 31, 2021. [1]"
META-2021-inventory,META,2021,inventory,What was Meta's inventories in fiscal year 2021?,,model: abstained,The filings do not answer this question.
META-2021-cash,META,2021,cash,What was Meta's cash and cash equivalents in fiscal year 2021?,16601000000,from the facts store,"Meta Platforms, Inc. reported cash and cash equivalents of $16,601,000,000 for fiscal year 2021, ended 2021-12-31. [1]"
META-2021-diluted_eps,META,2021,diluted_eps,What was Meta's diluted earnings per share in fiscal year 2021?,13.77,from the facts store,"Meta Platforms, Inc. reported diluted earnings per share of $13.77 per share for fiscal year 2021, ended 2021-12-31. [1]"
META-2021-basic_eps,META,2021,basic_eps,What was Meta's basic earnings per share in fiscal year 2021?,13.99,from the facts store,"Meta Platforms, Inc. reported basic earnings per share of $13.99 per share for fiscal year 2021, ended 2021-12-31. [1]"
META-2021-operating_cash,META,2021,operating_cash,What was Meta's cash from operations in fiscal year 2021?,57683000000,"model: right, rounded","Cash generated from operations was $57.68 billion for the year ended December 31, 2021. [2] Cash provided by operating activities during 2021 mostly consisted of $39.37 billion net income adjusted for certain non-cash items, including $9.16 billion of share-based compensation expense and $7.97 billion of depreciation and amortization. [6]"
META-2022-revenue,META,2022,revenue,What was Meta's total revenue in fiscal year 2022?,116609000000,from the facts store,"Meta Platforms, Inc. reported total revenue of $116,609,000,000 for fiscal year 2022, ended 2022-12-31. [1]"
META-2022-net_income,META,2022,net_income,What was Meta's net income in fiscal year 2022?,23200000000,from the facts store,"Meta Platforms, Inc. reported net income of $23,200,000,000 for fiscal year 2022, ended 2022-12-31. [1]"
META-2022-operating_income,META,2022,operating_income,What was Meta's operating income in fiscal year 2022?,28944000000,model: wrong figure or none,"Meta's operating income for the year ended December 31, 2022, was $23.20 billion. [7] Operating income represented 25% of revenue for fiscal year 2022, down from 40% in 2021. [14]"
META-2022-assets,META,2022,assets,What was Meta's total assets in fiscal year 2022?,185727000000,from the facts store,"Meta Platforms, Inc. reported total assets of $185,727,000,000 for fiscal year 2022, ended 2022-12-31. [1]"
META-2022-liabilities,META,2022,liabilities,What was Meta's total liabilities in fiscal year 2022?,60014000000,from the facts store,"Meta Platforms, Inc. reported total liabilities of $60,014,000,000 for fiscal year 2022, ended 2022-12-31. [1]"
META-2022-accounts_payable,META,2022,accounts_payable,What was Meta's accounts payable in fiscal year 2022?,,model: wrong figure or none,"Meta's accounts payable was $4,990 million as of December 31, 2022. [2] The change in accounts payable for the year ended December 31, 2022, was an increase of $1,907 million (from $4,083 million in 2021 to $5,990 million in 2022, though the 2022 table in source [1] shows a $210 million increase in the cash flow statement, which may reflect a different accounting treatment or period). [1][2]"
META-2022-inventory,META,2022,inventory,What was Meta's inventories in fiscal year 2022?,,model: abstained,The filings do not answer this question.
META-2022-cash,META,2022,cash,What was Meta's cash and cash equivalents in fiscal year 2022?,14681000000,from the facts store,"Meta Platforms, Inc. reported cash and cash equivalents of $14,681,000,000 for fiscal year 2022, ended 2022-12-31. [1]"
META-2022-diluted_eps,META,2022,diluted_eps,What was Meta's diluted earnings per share in fiscal year 2022?,8.59,from the facts store,"Meta Platforms, Inc. reported diluted earnings per share of $8.59 per share for fiscal year 2022, ended 2022-12-31. [1]"
META-2022-basic_eps,META,2022,basic_eps,What was Meta's basic earnings per share in fiscal year 2022?,8.63,from the facts store,"Meta Platforms, Inc. reported basic earnings per share of $8.63 per share for fiscal year 2022, ended 2022-12-31. [1]"
META-2022-operating_cash,META,2022,operating_cash,What was Meta's cash from operations in fiscal year 2022?,50475000000,"model: right, rounded",Meta generated $50.48 billion of cash from operations in 2022. [2]
META-2023-revenue,META,2023,revenue,What was Meta's total revenue in fiscal year 2023?,134902000000,from the facts store,"Meta Platforms, Inc. reported total revenue of $134,902,000,000 for fiscal year 2023, ended 2023-12-31. [1]"
META-2023-net_income,META,2023,net_income,What was Meta's net income in fiscal year 2023?,39098000000,from the facts store,"Meta Platforms, Inc. reported net income of $39,098,000,000 for fiscal year 2023, ended 2023-12-31. [1]"
META-2023-operating_income,META,2023,operating_income,What was Meta's operating income in fiscal year 2023?,46751000000,"model: right, rounded",Meta's operating income for fiscal year 2023 was $46.75 billion. [2][12]
META-2023-assets,META,2023,assets,What was Meta's total assets in fiscal year 2023?,229623000000,from the facts store,"Meta Platforms, Inc. reported total assets of $229,623,000,000 for fiscal year 2023, ended 2023-12-31. [1]"
META-2023-liabilities,META,2023,liabilities,What was Meta's total liabilities in fiscal year 2023?,76455000000,from the facts store,"Meta Platforms, Inc. reported total liabilities of $76,455,000,000 for fiscal year 2023, ended 2023-12-31. [1]"
META-2023-accounts_payable,META,2023,accounts_payable,What was Meta's accounts payable in fiscal year 2023?,,model: wrong figure or none,"Meta's accounts payable was $4,849 million as of December 31, 2023. [2] Accounts payable decreased by $141 million from $4,990 million in 2022 to $4,849 million in 2023, as shown in the consolidated balance sheets. [2]"
META-2023-inventory,META,2023,inventory,What was Meta's inventories in fiscal year 2023?,,model: abstained,The filings do not answer this question.
META-2023-cash,META,2023,cash,What was Meta's cash and cash equivalents in fiscal year 2023?,41862000000,from the facts store,"Meta Platforms, Inc. reported cash and cash equivalents of $41,862,000,000 for fiscal year 2023, ended 2023-12-31. [1]"
META-2023-diluted_eps,META,2023,diluted_eps,What was Meta's diluted earnings per share in fiscal year 2023?,14.87,from the facts store,"Meta Platforms, Inc. reported diluted earnings per share of $14.87 per share for fiscal year 2023, ended 2023-12-31. [1]"
META-2023-basic_eps,META,2023,basic_eps,What was Meta's basic earnings per share in fiscal year 2023?,15.19,from the facts store,"Meta Platforms, Inc. reported basic earnings per share of $15.19 per share for fiscal year 2023, ended 2023-12-31. [1]"
META-2023-operating_cash,META,2023,operating_cash,What was Meta's cash from operations in fiscal year 2023?,71113000000,model: wrong figure or none,"Meta's cash provided by operating activities in fiscal year 2023 was $39.10 billion, adjusted for non-cash items such as $14.03 billion of share-based compensation expense and $11.18 billion of depreciation and amortization expense. [8] The increase in cash flows from operating activities in 2023 compared to 2022 was mostly due to an increase in cash collection from customers driven by revenue growth and a decrease in payments to vendors. [8]"
META-2024-revenue,META,2024,revenue,What was Meta's total revenue in fiscal year 2024?,164501000000,from the facts store,"Meta Platforms, Inc. reported total revenue of $164,501,000,000 for fiscal year 2024, ended 2024-12-31. [1]"
META-2024-net_income,META,2024,net_income,What was Meta's net income in fiscal year 2024?,62360000000,from the facts store,"Meta Platforms, Inc. reported net income of $62,360,000,000 for fiscal year 2024, ended 2024-12-31. [1]"
META-2024-operating_income,META,2024,operating_income,What was Meta's operating income in fiscal year 2024?,69380000000,model: right,Meta's operating income for fiscal year 2024 was $69.38 billion. [6]
META-2024-assets,META,2024,assets,What was Meta's total assets in fiscal year 2024?,276054000000,from the facts store,"Meta Platforms, Inc. reported total assets of $276,054,000,000 for fiscal year 2024, ended 2024-12-31. [1]"
META-2024-liabilities,META,2024,liabilities,What was Meta's total liabilities in fiscal year 2024?,93417000000,from the facts store,"Meta Platforms, Inc. reported total liabilities of $93,417,000,000 for fiscal year 2024, ended 2024-12-31. [1]"
META-2024-accounts_payable,META,2024,accounts_payable,What was Meta's accounts payable in fiscal year 2024?,,model: wrong figure or none,"Meta's accounts payable was $7,687 million as of December 31, 2024. [3]"
META-2024-inventory,META,2024,inventory,What was Meta's inventories in fiscal year 2024?,,model: abstained,The filings do not answer this question.
META-2024-cash,META,2024,cash,What was Meta's cash and cash equivalents in fiscal year 2024?,43889000000,from the facts store,"Meta Platforms, Inc. reported cash and cash equivalents of $43,889,000,000 for fiscal year 2024, ended 2024-12-31. [1]"
META-2024-diluted_eps,META,2024,diluted_eps,What was Meta's diluted earnings per share in fiscal year 2024?,23.86,from the facts store,"Meta Platforms, Inc. reported diluted earnings per share of $23.86 per share for fiscal year 2024, ended 2024-12-31. [1]"
META-2024-basic_eps,META,2024,basic_eps,What was Meta's basic earnings per share in fiscal year 2024?,24.61,from the facts store,"Meta Platforms, Inc. reported basic earnings per share of $24.61 per share for fiscal year 2024, ended 2024-12-31. [1]"
META-2024-operating_cash,META,2024,operating_cash,What was Meta's cash from operations in fiscal year 2024?,91328000000,model: wrong figure or none,"Meta's cash provided by operating activities in fiscal year 2024 was $62.36 billion, adjusted for non-cash items such as $16.69 billion of share-based compensation expense and $15.50 billion of depreciation and amortization expense. [8] Meta reported net income of $62.36 billion for the year ended December 31, 2024, which contributed to cash flows from operating activities. [7][8]"
META-2025-revenue,META,2025,revenue,What was Meta's total revenue in fiscal year 2025?,200966000000,from the facts store,"Meta Platforms, Inc. reported total revenue of $200,966,000,000 for fiscal year 2025, ended 2025-12-31. [1]"
META-2025-net_income,META,2025,net_income,What was Meta's net income in fiscal year 2025?,60458000000,from the facts store,"Meta Platforms, Inc. reported net income of $60,458,000,000 for fiscal year 2025, ended 2025-12-31. [1]"
META-2025-operating_income,META,2025,operating_income,What was Meta's operating income in fiscal year 2025?,83276000000,from the facts store,"Meta Platforms, Inc. reported operating income of $83,276,000,000 for fiscal year 2025, ended 2025-12-31. [1]"
META-2025-assets,META,2025,assets,What was Meta's total assets in fiscal year 2025?,366021000000,from the facts store,"Meta Platforms, Inc. reported total assets of $366,021,000,000 for fiscal year 2025, ended 2025-12-31. [1]"
META-2025-liabilities,META,2025,liabilities,What was Meta's total liabilities in fiscal year 2025?,148778000000,from the facts store,"Meta Platforms, Inc. reported total liabilities of $148,778,000,000 for fiscal year 2025, ended 2025-12-31. [1]"
META-2025-accounts_payable,META,2025,accounts_payable,What was Meta's accounts payable in fiscal year 2025?,,model: wrong figure or none,"Meta's accounts payable was $8,894 million at the end of fiscal year 2025. [3] The company's accounts payable increased from $7,687 million in fiscal year 2024 to $8,894 million in fiscal year 2025, as shown in the consolidated balance sheets. [3]"
META-2025-inventory,META,2025,inventory,What was Meta's inventories in fiscal year 2025?,,model: abstained,The filings do not answer this question.
META-2025-cash,META,2025,cash,What was Meta's cash and cash equivalents in fiscal year 2025?,35873000000,from the facts store,"Meta Platforms, Inc. reported cash and cash equivalents of $35,873,000,000 for fiscal year 2025, ended 2025-12-31. [1]"
META-2025-diluted_eps,META,2025,diluted_eps,What was Meta's diluted earnings per share in fiscal year 2025?,23.49,from the facts store,"Meta Platforms, Inc. reported diluted earnings per share of $23.49 per share for fiscal year 2025, ended 2025-12-31. [1]"
META-2025-basic_eps,META,2025,basic_eps,What was Meta's basic earnings per share in fiscal year 2025?,23.98,from the facts store,"Meta Platforms, Inc. reported basic earnings per share of $23.98 per share for fiscal year 2025, ended 2025-12-31. [1]"
META-2025-operating_cash,META,2025,operating_cash,What was Meta's cash from operations in fiscal year 2025?,115800000000,model: wrong figure or none,"Meta reported cash provided by operating activities of $60.46 billion for the year ended December 31, 2025, adjusted for non-cash items such as share-based compensation expense, deferred income taxes, and depreciation and amortization. [7] The increase in cash flows from operating activities in 2025 was primarily due to higher cash collections from customers driven by revenue growth and lower cash paid for income taxes, partially offset by higher operational spending. [7]"
MSFT-2021-revenue,MSFT,2021,revenue,What was Microsoft's total revenue in fiscal year 2021?,168088000000,from the facts store,"MICROSOFT CORP reported total revenue of $168,088,000,000 for fiscal year 2021, ended 2021-06-30. [1]"
MSFT-2021-net_income,MSFT,2021,net_income,What was Microsoft's net income in fiscal year 2021?,61271000000,from the facts store,"MICROSOFT CORP reported net income of $61,271,000,000 for fiscal year 2021, ended 2021-06-30. [1]"
MSFT-2021-operating_income,MSFT,2021,operating_income,What was Microsoft's operating income in fiscal year 2021?,69916000000,from the facts store,"MICROSOFT CORP reported operating income of $69,916,000,000 for fiscal year 2021, ended 2021-06-30. [1]"
MSFT-2021-assets,MSFT,2021,assets,What was Microsoft's total assets in fiscal year 2021?,333779000000,from the facts store,"MICROSOFT CORP reported total assets of $333,779,000,000 for fiscal year 2021, ended 2021-06-30. [1]"
MSFT-2021-liabilities,MSFT,2021,liabilities,What was Microsoft's total liabilities in fiscal year 2021?,191791000000,from the facts store,"MICROSOFT CORP reported total liabilities of $191,791,000,000 for fiscal year 2021, ended 2021-06-30. [1]"
MSFT-2021-accounts_payable,MSFT,2021,accounts_payable,What was Microsoft's accounts payable in fiscal year 2021?,15163000000,from the facts store,"MICROSOFT CORP reported accounts payable of $15,163,000,000 for fiscal year 2021, ended 2021-06-30. [1]"
MSFT-2021-inventory,MSFT,2021,inventory,What was Microsoft's inventories in fiscal year 2021?,2636000000,from the facts store,"MICROSOFT CORP reported inventories of $2,636,000,000 for fiscal year 2021, ended 2021-06-30. [1]"
MSFT-2021-cash,MSFT,2021,cash,What was Microsoft's cash and cash equivalents in fiscal year 2021?,14224000000,from the facts store,"MICROSOFT CORP reported cash and cash equivalents of $14,224,000,000 for fiscal year 2021, ended 2021-06-30. [1]"
MSFT-2021-diluted_eps,MSFT,2021,diluted_eps,What was Microsoft's diluted earnings per share in fiscal year 2021?,8.05,from the facts store,"MICROSOFT CORP reported diluted earnings per share of $8.05 per share for fiscal year 2021, ended 2021-06-30. [1]"
MSFT-2021-basic_eps,MSFT,2021,basic_eps,What was Microsoft's basic earnings per share in fiscal year 2021?,8.12,from the facts store,"MICROSOFT CORP reported basic earnings per share of $8.12 per share for fiscal year 2021, ended 2021-06-30. [1]"
MSFT-2021-operating_cash,MSFT,2021,operating_cash,What was Microsoft's cash from operations in fiscal year 2021?,76740000000,from the facts store,"MICROSOFT CORP reported cash from operations of $76,740,000,000 for fiscal year 2021, ended 2021-06-30. [1]"
MSFT-2022-revenue,MSFT,2022,revenue,What was Microsoft's total revenue in fiscal year 2022?,198270000000,from the facts store,"MICROSOFT CORP reported total revenue of $198,270,000,000 for fiscal year 2022, ended 2022-06-30. [1]"
MSFT-2022-net_income,MSFT,2022,net_income,What was Microsoft's net income in fiscal year 2022?,72738000000,from the facts store,"MICROSOFT CORP reported net income of $72,738,000,000 for fiscal year 2022, ended 2022-06-30. [1]"
MSFT-2022-operating_income,MSFT,2022,operating_income,What was Microsoft's operating income in fiscal year 2022?,83383000000,from the facts store,"MICROSOFT CORP reported operating income of $83,383,000,000 for fiscal year 2022, ended 2022-06-30. [1]"
MSFT-2022-assets,MSFT,2022,assets,What was Microsoft's total assets in fiscal year 2022?,364840000000,from the facts store,"MICROSOFT CORP reported total assets of $364,840,000,000 for fiscal year 2022, ended 2022-06-30. [1]"
MSFT-2022-liabilities,MSFT,2022,liabilities,What was Microsoft's total liabilities in fiscal year 2022?,198298000000,from the facts store,"MICROSOFT CORP reported total liabilities of $198,298,000,000 for fiscal year 2022, ended 2022-06-30. [1]"
MSFT-2022-accounts_payable,MSFT,2022,accounts_payable,What was Microsoft's accounts payable in fiscal year 2022?,19000000000,from the facts store,"MICROSOFT CORP reported accounts payable of $19,000,000,000 for fiscal year 2022, ended 2022-06-30. [1]"
MSFT-2022-inventory,MSFT,2022,inventory,What was Microsoft's inventories in fiscal year 2022?,3742000000,from the facts store,"MICROSOFT CORP reported inventories of $3,742,000,000 for fiscal year 2022, ended 2022-06-30. [1]"
MSFT-2022-cash,MSFT,2022,cash,What was Microsoft's cash and cash equivalents in fiscal year 2022?,13931000000,from the facts store,"MICROSOFT CORP reported cash and cash equivalents of $13,931,000,000 for fiscal year 2022, ended 2022-06-30. [1]"
MSFT-2022-diluted_eps,MSFT,2022,diluted_eps,What was Microsoft's diluted earnings per share in fiscal year 2022?,9.65,from the facts store,"MICROSOFT CORP reported diluted earnings per share of $9.65 per share for fiscal year 2022, ended 2022-06-30. [1]"
MSFT-2022-basic_eps,MSFT,2022,basic_eps,What was Microsoft's basic earnings per share in fiscal year 2022?,9.7,from the facts store,"MICROSOFT CORP reported basic earnings per share of $9.7 per share for fiscal year 2022, ended 2022-06-30. [1]"
MSFT-2022-operating_cash,MSFT,2022,operating_cash,What was Microsoft's cash from operations in fiscal year 2022?,89035000000,from the facts store,"MICROSOFT CORP reported cash from operations of $89,035,000,000 for fiscal year 2022, ended 2022-06-30. [1]"
MSFT-2023-revenue,MSFT,2023,revenue,What was Microsoft's total revenue in fiscal year 2023?,211915000000,from the facts store,"MICROSOFT CORP reported total revenue of $211,915,000,000 for fiscal year 2023, ended 2023-06-30. [1]"
MSFT-2023-net_income,MSFT,2023,net_income,What was Microsoft's net income in fiscal year 2023?,72361000000,from the facts store,"MICROSOFT CORP reported net income of $72,361,000,000 for fiscal year 2023, ended 2023-06-30. [1]"
MSFT-2023-operating_income,MSFT,2023,operating_income,What was Microsoft's operating income in fiscal year 2023?,88523000000,from the facts store,"MICROSOFT CORP reported operating income of $88,523,000,000 for fiscal year 2023, ended 2023-06-30. [1]"
MSFT-2023-assets,MSFT,2023,assets,What was Microsoft's total assets in fiscal year 2023?,411976000000,from the facts store,"MICROSOFT CORP reported total assets of $411,976,000,000 for fiscal year 2023, ended 2023-06-30. [1]"
MSFT-2023-liabilities,MSFT,2023,liabilities,What was Microsoft's total liabilities in fiscal year 2023?,205753000000,from the facts store,"MICROSOFT CORP reported total liabilities of $205,753,000,000 for fiscal year 2023, ended 2023-06-30. [1]"
MSFT-2023-accounts_payable,MSFT,2023,accounts_payable,What was Microsoft's accounts payable in fiscal year 2023?,18095000000,from the facts store,"MICROSOFT CORP reported accounts payable of $18,095,000,000 for fiscal year 2023, ended 2023-06-30. [1]"
MSFT-2023-inventory,MSFT,2023,inventory,What was Microsoft's inventories in fiscal year 2023?,2500000000,from the facts store,"MICROSOFT CORP reported inventories of $2,500,000,000 for fiscal year 2023, ended 2023-06-30. [1]"
MSFT-2023-cash,MSFT,2023,cash,What was Microsoft's cash and cash equivalents in fiscal year 2023?,34704000000,from the facts store,"MICROSOFT CORP reported cash and cash equivalents of $34,704,000,000 for fiscal year 2023, ended 2023-06-30. [1]"
MSFT-2023-diluted_eps,MSFT,2023,diluted_eps,What was Microsoft's diluted earnings per share in fiscal year 2023?,9.68,from the facts store,"MICROSOFT CORP reported diluted earnings per share of $9.68 per share for fiscal year 2023, ended 2023-06-30. [1]"
MSFT-2023-basic_eps,MSFT,2023,basic_eps,What was Microsoft's basic earnings per share in fiscal year 2023?,9.72,from the facts store,"MICROSOFT CORP reported basic earnings per share of $9.72 per share for fiscal year 2023, ended 2023-06-30. [1]"
MSFT-2023-operating_cash,MSFT,2023,operating_cash,What was Microsoft's cash from operations in fiscal year 2023?,87582000000,from the facts store,"MICROSOFT CORP reported cash from operations of $87,582,000,000 for fiscal year 2023, ended 2023-06-30. [1]"
MSFT-2024-revenue,MSFT,2024,revenue,What was Microsoft's total revenue in fiscal year 2024?,245122000000,from the facts store,"MICROSOFT CORP reported total revenue of $245,122,000,000 for fiscal year 2024, ended 2024-06-30. [1]"
MSFT-2024-net_income,MSFT,2024,net_income,What was Microsoft's net income in fiscal year 2024?,88136000000,from the facts store,"MICROSOFT CORP reported net income of $88,136,000,000 for fiscal year 2024, ended 2024-06-30. [1]"
MSFT-2024-operating_income,MSFT,2024,operating_income,What was Microsoft's operating income in fiscal year 2024?,109433000000,from the facts store,"MICROSOFT CORP reported operating income of $109,433,000,000 for fiscal year 2024, ended 2024-06-30. [1]"
MSFT-2024-assets,MSFT,2024,assets,What was Microsoft's total assets in fiscal year 2024?,512163000000,from the facts store,"MICROSOFT CORP reported total assets of $512,163,000,000 for fiscal year 2024, ended 2024-06-30. [1]"
MSFT-2024-liabilities,MSFT,2024,liabilities,What was Microsoft's total liabilities in fiscal year 2024?,243686000000,from the facts store,"MICROSOFT CORP reported total liabilities of $243,686,000,000 for fiscal year 2024, ended 2024-06-30. [1]"
MSFT-2024-accounts_payable,MSFT,2024,accounts_payable,What was Microsoft's accounts payable in fiscal year 2024?,21996000000,from the facts store,"MICROSOFT CORP reported accounts payable of $21,996,000,000 for fiscal year 2024, ended 2024-06-30. [1]"
MSFT-2024-inventory,MSFT,2024,inventory,What was Microsoft's inventories in fiscal year 2024?,1246000000,from the facts store,"MICROSOFT CORP reported inventories of $1,246,000,000 for fiscal year 2024, ended 2024-06-30. [1]"
MSFT-2024-cash,MSFT,2024,cash,What was Microsoft's cash and cash equivalents in fiscal year 2024?,18315000000,from the facts store,"MICROSOFT CORP reported cash and cash equivalents of $18,315,000,000 for fiscal year 2024, ended 2024-06-30. [1]"
MSFT-2024-diluted_eps,MSFT,2024,diluted_eps,What was Microsoft's diluted earnings per share in fiscal year 2024?,11.8,from the facts store,"MICROSOFT CORP reported diluted earnings per share of $11.8 per share for fiscal year 2024, ended 2024-06-30. [1]"
MSFT-2024-basic_eps,MSFT,2024,basic_eps,What was Microsoft's basic earnings per share in fiscal year 2024?,11.86,from the facts store,"MICROSOFT CORP reported basic earnings per share of $11.86 per share for fiscal year 2024, ended 2024-06-30. [1]"
MSFT-2024-operating_cash,MSFT,2024,operating_cash,What was Microsoft's cash from operations in fiscal year 2024?,118548000000,from the facts store,"MICROSOFT CORP reported cash from operations of $118,548,000,000 for fiscal year 2024, ended 2024-06-30. [1]"
MSFT-2025-revenue,MSFT,2025,revenue,What was Microsoft's total revenue in fiscal year 2025?,281724000000,from the facts store,"MICROSOFT CORP reported total revenue of $281,724,000,000 for fiscal year 2025, ended 2025-06-30. [1]"
MSFT-2025-net_income,MSFT,2025,net_income,What was Microsoft's net income in fiscal year 2025?,101832000000,from the facts store,"MICROSOFT CORP reported net income of $101,832,000,000 for fiscal year 2025, ended 2025-06-30. [1]"
MSFT-2025-operating_income,MSFT,2025,operating_income,What was Microsoft's operating income in fiscal year 2025?,128528000000,from the facts store,"MICROSOFT CORP reported operating income of $128,528,000,000 for fiscal year 2025, ended 2025-06-30. [1]"
MSFT-2025-assets,MSFT,2025,assets,What was Microsoft's total assets in fiscal year 2025?,619003000000,from the facts store,"MICROSOFT CORP reported total assets of $619,003,000,000 for fiscal year 2025, ended 2025-06-30. [1]"
MSFT-2025-liabilities,MSFT,2025,liabilities,What was Microsoft's total liabilities in fiscal year 2025?,275524000000,from the facts store,"MICROSOFT CORP reported total liabilities of $275,524,000,000 for fiscal year 2025, ended 2025-06-30. [1]"
MSFT-2025-accounts_payable,MSFT,2025,accounts_payable,What was Microsoft's accounts payable in fiscal year 2025?,27724000000,from the facts store,"MICROSOFT CORP reported accounts payable of $27,724,000,000 for fiscal year 2025, ended 2025-06-30. [1]"
MSFT-2025-inventory,MSFT,2025,inventory,What was Microsoft's inventories in fiscal year 2025?,938000000,from the facts store,"MICROSOFT CORP reported inventories of $938,000,000 for fiscal year 2025, ended 2025-06-30. [1]"
MSFT-2025-cash,MSFT,2025,cash,What was Microsoft's cash and cash equivalents in fiscal year 2025?,30242000000,from the facts store,"MICROSOFT CORP reported cash and cash equivalents of $30,242,000,000 for fiscal year 2025, ended 2025-06-30. [1]"
MSFT-2025-diluted_eps,MSFT,2025,diluted_eps,What was Microsoft's diluted earnings per share in fiscal year 2025?,13.64,from the facts store,"MICROSOFT CORP reported diluted earnings per share of $13.64 per share for fiscal year 2025, ended 2025-06-30. [1]"
MSFT-2025-basic_eps,MSFT,2025,basic_eps,What was Microsoft's basic earnings per share in fiscal year 2025?,13.7,from the facts store,"MICROSOFT CORP reported basic earnings per share of $13.7 per share for fiscal year 2025, ended 2025-06-30. [1]"
MSFT-2025-operating_cash,MSFT,2025,operating_cash,What was Microsoft's cash from operations in fiscal year 2025?,136162000000,from the facts store,"MICROSOFT CORP reported cash from operations of $136,162,000,000 for fiscal year 2025, ended 2025-06-30. [1]"
MU-2021-revenue,MU,2021,revenue,What was Micron's total revenue in fiscal year 2021?,27705000000,from the facts store,"MICRON TECHNOLOGY INC reported total revenue of $27,705,000,000 for fiscal year 2021, ended 2021-09-02. [1]"
MU-2021-net_income,MU,2021,net_income,What was Micron's net income in fiscal year 2021?,5861000000,from the facts store,"MICRON TECHNOLOGY INC reported net income of $5,861,000,000 for fiscal year 2021, ended 2021-09-02. [1]"
MU-2021-operating_income,MU,2021,operating_income,What was Micron's operating income in fiscal year 2021?,6283000000,from the facts store,"MICRON TECHNOLOGY INC reported operating income of $6,283,000,000 for fiscal year 2021, ended 2021-09-02. [1]"
MU-2021-assets,MU,2021,assets,What was Micron's total assets in fiscal year 2021?,58849000000,from the facts store,"MICRON TECHNOLOGY INC reported total assets of $58,849,000,000 for fiscal year 2021, ended 2021-09-02. [1]"
MU-2021-liabilities,MU,2021,liabilities,What was Micron's total liabilities in fiscal year 2021?,14916000000,from the facts store,"MICRON TECHNOLOGY INC reported total liabilities of $14,916,000,000 for fiscal year 2021, ended 2021-09-02. [1]"
MU-2021-accounts_payable,MU,2021,accounts_payable,What was Micron's accounts payable in fiscal year 2021?,,model: wrong figure or none,"Micron's accounts payable for fiscal year 2021 was **$1,744 million** as of September 2, 2021. [2][5]"
MU-2021-inventory,MU,2021,inventory,What was Micron's inventories in fiscal year 2021?,4487000000,from the facts store,"MICRON TECHNOLOGY INC reported inventories of $4,487,000,000 for fiscal year 2021, ended 2021-09-02. [1]"
MU-2021-cash,MU,2021,cash,What was Micron's cash and cash equivalents in fiscal year 2021?,7763000000,model: wrong figure or none,"Micron's cash and cash equivalents at the end of fiscal year 2021 were $7,829 million. [1][2] Micron's cash and equivalents at the beginning of fiscal year 2021 were $7,690 million, increasing to $7,829 million by the end of the year. [1][2][14]"
MU-2021-diluted_eps,MU,2021,diluted_eps,What was Micron's diluted earnings per share in fiscal year 2021?,5.14,from the facts store,"MICRON TECHNOLOGY INC reported diluted earnings per share of $5.14 per share for fiscal year 2021, ended 2021-09-02. [1]"
MU-2021-basic_eps,MU,2021,basic_eps,What was Micron's basic earnings per share in fiscal year 2021?,5.23,from the facts store,"MICRON TECHNOLOGY INC reported basic earnings per share of $5.23 per share for fiscal year 2021, ended 2021-09-02. [1]"
MU-2021-operating_cash,MU,2021,operating_cash,What was Micron's cash from operations in fiscal year 2021?,12468000000,model: wrong figure or none,"The increase in cash provided by operating activities for 2021 was primarily due to higher net income adjusted for non-cash items compared with the prior period and the effect of lower inventories, partially offset by an increase in receivables due to a higher level of sales. [2]"
MU-2022-revenue,MU,2022,revenue,What was Micron's total revenue in fiscal year 2022?,30758000000,from the facts store,"MICRON TECHNOLOGY INC reported total revenue of $30,758,000,000 for fiscal year 2022, ended 2022-09-01. [1]"
MU-2022-net_income,MU,2022,net_income,What was Micron's net income in fiscal year 2022?,8687000000,from the facts store,"MICRON TECHNOLOGY INC reported net income of $8,687,000,000 for fiscal year 2022, ended 2022-09-01. [1]"
MU-2022-operating_income,MU,2022,operating_income,What was Micron's operating income in fiscal year 2022?,9702000000,from the facts store,"MICRON TECHNOLOGY INC reported operating income of $9,702,000,000 for fiscal year 2022, ended 2022-09-01. [1]"
MU-2022-assets,MU,2022,assets,What was Micron's total assets in fiscal year 2022?,66283000000,from the facts store,"MICRON TECHNOLOGY INC reported total assets of $66,283,000,000 for fiscal year 2022, ended 2022-09-01. [1]"
MU-2022-liabilities,MU,2022,liabilities,What was Micron's total liabilities in fiscal year 2022?,16376000000,from the facts store,"MICRON TECHNOLOGY INC reported total liabilities of $16,376,000,000 for fiscal year 2022, ended 2022-09-01. [1]"
MU-2022-accounts_payable,MU,2022,accounts_payable,What was Micron's accounts payable in fiscal year 2022?,,model: wrong figure or none,"Micron's accounts payable was **$2,142 million** as of September 1, 2022, and **$1,744 million** as of September 2, 2021. [1] Accounts payable and accrued expenses totaled **$6,090 million** as of September 1, 2022, and **$5,325 million** as of September 2, 2021, which includes accounts payable. [1][4]"
MU-2022-inventory,MU,2022,inventory,What was Micron's inventories in fiscal year 2022?,6663000000,from the facts store,"MICRON TECHNOLOGY INC reported inventories of $6,663,000,000 for fiscal year 2022, ended 2022-09-01. [1]"
MU-2022-cash,MU,2022,cash,What was Micron's cash and cash equivalents in fiscal year 2022?,8262000000,model: wrong figure or none,"Micron's cash and cash equivalents at the end of fiscal year 2022 were $8,339 million as of September 1, 2022. [1][10] Micron's cash and cash equivalents at the beginning of fiscal year 2022 were $7,829 million as of September 2, 2021. [1][2][10]"
MU-2022-diluted_eps,MU,2022,diluted_eps,What was Micron's diluted earnings per share in fiscal year 2022?,7.75,from the facts store,"MICRON TECHNOLOGY INC reported diluted earnings per share of $7.75 per share for fiscal year 2022, ended 2022-09-01. [1]"
MU-2022-basic_eps,MU,2022,basic_eps,What was Micron's basic earnings per share in fiscal year 2022?,7.81,from the facts store,"MICRON TECHNOLOGY INC reported basic earnings per share of $7.81 per share for fiscal year 2022, ended 2022-09-01. [1]"
MU-2022-operating_cash,MU,2022,operating_cash,What was Micron's cash from operations in fiscal year 2022?,15181000000,model: wrong figure or none,"The increase in cash provided by operating activities for 2022 was primarily due to higher net income adjusted for non-cash items and the effect of lower receivables, partially offset by an increase in inventories. [4]"
MU-2023-revenue,MU,2023,revenue,What was Micron's total revenue in fiscal year 2023?,15540000000,from the facts store,"MICRON TECHNOLOGY INC reported total revenue of $15,540,000,000 for fiscal year 2023, ended 2023-08-31. [1]"
MU-2023-net_income,MU,2023,net_income,What was Micron's net income in fiscal year 2023?,-5833000000,from the facts store,"MICRON TECHNOLOGY INC reported net income of -$5,833,000,000 for fiscal year 2023, ended 2023-08-31. [1]"
MU-2023-operating_income,MU,2023,operating_income,What was Micron's operating income in fiscal year 2023?,-5745000000,from the facts store,"MICRON TECHNOLOGY INC reported operating income of -$5,745,000,000 for fiscal year 2023, ended 2023-08-31. [1]"
MU-2023-assets,MU,2023,assets,What was Micron's total assets in fiscal year 2023?,64254000000,from the facts store,"MICRON TECHNOLOGY INC reported total assets of $64,254,000,000 for fiscal year 2023, ended 2023-08-31. [1]"
MU-2023-liabilities,MU,2023,liabilities,What was Micron's total liabilities in fiscal year 2023?,20134000000,from the facts store,"MICRON TECHNOLOGY INC reported total liabilities of $20,134,000,000 for fiscal year 2023, ended 2023-08-31. [1]"
MU-2023-accounts_payable,MU,2023,accounts_payable,What was Micron's accounts payable in fiscal year 2023?,,model: wrong figure or none,"Accounts payable was **$1,725 million** as of August 31, 2023, included in the consolidated balance sheet. [1][5] The net change in accounts payable and accrued expenses for fiscal 2023 was a **$2,104 million decrease**, reflecting a reduction in liabilities during the year. [4][11]"
MU-2023-inventory,MU,2023,inventory,What was Micron's inventories in fiscal year 2023?,8387000000,from the facts store,"MICRON TECHNOLOGY INC reported inventories of $8,387,000,000 for fiscal year 2023, ended 2023-08-31. [1]"
MU-2023-cash,MU,2023,cash,What was Micron's cash and cash equivalents in fiscal year 2023?,8577000000,model: wrong figure or none,"Micron's cash and cash equivalents at the end of fiscal year 2023 were $5,771 million as of August 31, 2023. [7] The total cash, cash equivalents, and restricted cash at the end of fiscal year 2023 were $8,656 million as of August 31, 2023. [1][8]"
MU-2023-diluted_eps,MU,2023,diluted_eps,What was Micron's diluted earnings per share in fiscal year 2023?,-5.34,from the facts store,"MICRON TECHNOLOGY INC reported diluted earnings per share of -$5.34 per share for fiscal year 2023, ended 2023-08-31. [1]"
MU-2023-basic_eps,MU,2023,basic_eps,What was Micron's basic earnings per share in fiscal year 2023?,-5.34,from the facts store,"MICRON TECHNOLOGY INC reported basic earnings per share of -$5.34 per share for fiscal year 2023, ended 2023-08-31. [1]"
MU-2023-operating_cash,MU,2023,operating_cash,What was Micron's cash from operations in fiscal year 2023?,1559000000,model: wrong figure or none,"Cash provided by operating activities decreased in 2023 compared to 2022 primarily due to a net loss adjusted for non-cash items and changes in working capital, such as an increase in inventories and a decline in accounts payable and accrued expenses. [5] The exact figure for cash from operating activities in 2023 is not explicitly stated, but it is implied to be lower than the $2.00 billion net cash provided in 2022 (as referenced in the context of financing activities). [5][6]"
MU-2024-revenue,MU,2024,revenue,What was Micron's total revenue in fiscal year 2024?,25111000000,from the facts store,"MICRON TECHNOLOGY INC reported total revenue of $25,111,000,000 for fiscal year 2024, ended 2024-08-29. [1]"
MU-2024-net_income,MU,2024,net_income,What was Micron's net income in fiscal year 2024?,778000000,from the facts store,"MICRON TECHNOLOGY INC reported net income of $778,000,000 for fiscal year 2024, ended 2024-08-29. [1]"
MU-2024-operating_income,MU,2024,operating_income,What was Micron's operating income in fiscal year 2024?,1304000000,from the facts store,"MICRON TECHNOLOGY INC reported operating income of $1,304,000,000 for fiscal year 2024, ended 2024-08-29. [1]"
MU-2024-assets,MU,2024,assets,What was Micron's total assets in fiscal year 2024?,69416000000,from the facts store,"MICRON TECHNOLOGY INC reported total assets of $69,416,000,000 for fiscal year 2024, ended 2024-08-29. [1]"
MU-2024-liabilities,MU,2024,liabilities,What was Micron's total liabilities in fiscal year 2024?,24285000000,from the facts store,"MICRON TECHNOLOGY INC reported total liabilities of $24,285,000,000 for fiscal year 2024, ended 2024-08-29. [1]"
MU-2024-accounts_payable,MU,2024,accounts_payable,What was Micron's accounts payable in fiscal year 2024?,,model: wrong figure or none,"Accounts payable was $2,726 million as of August 29, 2024, compared to $1,725 million as of August 31, 2023. [2][5] The increase in accounts payable in 2024 was primarily due to customer prepayments to secure product supply. [1][15]"
MU-2024-inventory,MU,2024,inventory,What was Micron's inventories in fiscal year 2024?,8875000000,from the facts store,"MICRON TECHNOLOGY INC reported inventories of $8,875,000,000 for fiscal year 2024, ended 2024-08-29. [1]"
MU-2024-cash,MU,2024,cash,What was Micron's cash and cash equivalents in fiscal year 2024?,7041000000,model: wrong figure or none,"Micron's cash and cash equivalents at the end of fiscal year 2024 were $7,052 million as of August 29, 2024. [1][4][8] Micron's cash and cash equivalents at the beginning of fiscal year 2024 were $8,656 million as of August 31, 2023. [1][4]"
MU-2024-diluted_eps,MU,2024,diluted_eps,What was Micron's diluted earnings per share in fiscal year 2024?,0.7,from the facts store,"MICRON TECHNOLOGY INC reported diluted earnings per share of $0.7 per share for fiscal year 2024, ended 2024-08-29. [1]"
MU-2024-basic_eps,MU,2024,basic_eps,What was Micron's basic earnings per share in fiscal year 2024?,0.7,from the facts store,"MICRON TECHNOLOGY INC reported basic earnings per share of $0.7 per share for fiscal year 2024, ended 2024-08-29. [1]"
MU-2024-operating_cash,MU,2024,operating_cash,What was Micron's cash from operations in fiscal year 2024?,8507000000,model: wrong figure or none,"The increase in cash provided by operating activities for 2024 was primarily due to net income adjusted for non-cash items, an increase in accounts payable and accrued expenses, and customer prepayments, partially offset by an increase in receivables. [3]"
MU-2025-revenue,MU,2025,revenue,What was Micron's total revenue in fiscal year 2025?,37378000000,from the facts store,"MICRON TECHNOLOGY INC reported total revenue of $37,378,000,000 for fiscal year 2025, ended 2025-08-28. [1]"
MU-2025-net_income,MU,2025,net_income,What was Micron's net income in fiscal year 2025?,8539000000,from the facts store,"MICRON TECHNOLOGY INC reported net income of $8,539,000,000 for fiscal year 2025, ended 2025-08-28. [1]"
MU-2025-operating_income,MU,2025,operating_income,What was Micron's operating income in fiscal year 2025?,9770000000,from the facts store,"MICRON TECHNOLOGY INC reported operating income of $9,770,000,000 for fiscal year 2025, ended 2025-08-28. [1]"
MU-2025-assets,MU,2025,assets,What was Micron's total assets in fiscal year 2025?,82798000000,from the facts store,"MICRON TECHNOLOGY INC reported total assets of $82,798,000,000 for fiscal year 2025, ended 2025-08-28. [1]"
MU-2025-liabilities,MU,2025,liabilities,What was Micron's total liabilities in fiscal year 2025?,28633000000,from the facts store,"MICRON TECHNOLOGY INC reported total liabilities of $28,633,000,000 for fiscal year 2025, ended 2025-08-28. [1]"
MU-2025-accounts_payable,MU,2025,accounts_payable,What was Micron's accounts payable in fiscal year 2025?,,model: wrong figure or none,"Accounts payable was **$3,132 million** as of August 28, 2025, per the consolidated balance sheet. [2][6] Accounts payable increased from **$2,726 million** in fiscal 2024 to **$3,132 million** in fiscal 2025, reflecting higher liabilities for payables and accrued expenses. [2][5]"
MU-2025-inventory,MU,2025,inventory,What was Micron's inventories in fiscal year 2025?,8355000000,from the facts store,"MICRON TECHNOLOGY INC reported inventories of $8,355,000,000 for fiscal year 2025, ended 2025-08-28. [1]"
MU-2025-cash,MU,2025,cash,What was Micron's cash and cash equivalents in fiscal year 2025?,9642000000,model: wrong figure or none,"Micron's cash and cash equivalents at the end of fiscal year 2025 were $9,646 million as of August 28, 2025. [2][3][8] The beginning cash and cash equivalents for fiscal year 2025 were $7,052 million as of August 29, 2024. [2][3]"
MU-2025-diluted_eps,MU,2025,diluted_eps,What was Micron's diluted earnings per share in fiscal year 2025?,7.59,from the facts store,"MICRON TECHNOLOGY INC reported diluted earnings per share of $7.59 per share for fiscal year 2025, ended 2025-08-28. [1]"
MU-2025-basic_eps,MU,2025,basic_eps,What was Micron's basic earnings per share in fiscal year 2025?,7.65,from the facts store,"MICRON TECHNOLOGY INC reported basic earnings per share of $7.65 per share for fiscal year 2025, ended 2025-08-28. [1]"
MU-2025-operating_cash,MU,2025,operating_cash,What was Micron's cash from operations in fiscal year 2025?,17525000000,model: abstained,The filings do not answer this question.
NOW-2021-revenue,NOW,2021,revenue,What was Servicenow's total revenue in fiscal year 2021?,5896000000,from the facts store,"ServiceNow, Inc. reported total revenue of $5,896,000,000 for fiscal year 2021, ended 2021-12-31. [1]"
NOW-2021-net_income,NOW,2021,net_income,What was Servicenow's net income in fiscal year 2021?,230141000,"model: right, rounded","ServiceNow's net income for the fiscal year ended December 31, 2021, was $230 million. [5][12][16]"
NOW-2021-operating_income,NOW,2021,operating_income,What was Servicenow's operating income in fiscal year 2021?,257000000,model: right,"Operating income was $257 million for the year ended December 31, 2021. [10]"
NOW-2021-assets,NOW,2021,assets,What was Servicenow's total assets in fiscal year 2021?,10798000000,from the facts store,"ServiceNow, Inc. reported total assets of $10,798,000,000 for fiscal year 2021, ended 2021-12-31. [1]"
NOW-2021-liabilities,NOW,2021,liabilities,What was Servicenow's total liabilities in fiscal year 2021?,7103000000,from the facts store,"ServiceNow, Inc. reported total liabilities of $7,103,000,000 for fiscal year 2021, ended 2021-12-31. [1]"
NOW-2021-accounts_payable,NOW,2021,accounts_payable,What was Servicenow's accounts payable in fiscal year 2021?,89000000,model: right,"ServiceNow's accounts payable was **$89 million** in fiscal year 2021. [3] The company also had **$35 million** of property and equipment included in accounts payable and accrued expenses in 2021, which is part of the broader liabilities category. [4]"
NOW-2021-inventory,NOW,2021,inventory,What was Servicenow's inventories in fiscal year 2021?,,model: abstained,The filings do not answer this question.
NOW-2021-cash,NOW,2021,cash,What was Servicenow's cash and cash equivalents in fiscal year 2021?,1728000000,from the facts store,"ServiceNow, Inc. reported cash and cash equivalents of $1,728,000,000 for fiscal year 2021, ended 2021-12-31. [1]"
NOW-2021-diluted_eps,NOW,2021,diluted_eps,What was Servicenow's diluted earnings per share in fiscal year 2021?,1.13,from the facts store,"ServiceNow, Inc. reported diluted earnings per share of $1.13 per share for fiscal year 2021, ended 2021-12-31. [1]"
NOW-2021-basic_eps,NOW,2021,basic_eps,What was Servicenow's basic earnings per share in fiscal year 2021?,1.16,from the facts store,"ServiceNow, Inc. reported basic earnings per share of $1.16 per share for fiscal year 2021, ended 2021-12-31. [1]"
NOW-2021-operating_cash,NOW,2021,operating_cash,What was Servicenow's cash from operations in fiscal year 2021?,2191000000,from the facts store,"ServiceNow, Inc. reported cash from operations of $2,191,000,000 for fiscal year 2021, ended 2021-12-31. [1]"
NOW-2022-revenue,NOW,2022,revenue,What was Servicenow's total revenue in fiscal year 2022?,7245000000,model: abstained,The filings do not answer this question.
NOW-2022-net_income,NOW,2022,net_income,What was Servicenow's net income in fiscal year 2022?,325000000,from the facts store,"ServiceNow, Inc. reported net income of $325,000,000 for fiscal year 2022, ended 2022-12-31. [1]"
NOW-2022-operating_income,NOW,2022,operating_income,What was Servicenow's operating income in fiscal year 2022?,355000000,model: right,"Operating income was $355 million for the year ended December 31, 2022. [9]"
NOW-2022-assets,NOW,2022,assets,What was Servicenow's total assets in fiscal year 2022?,13299000000,from the facts store,"ServiceNow, Inc. reported total assets of $13,299,000,000 for fiscal year 2022, ended 2022-12-31. [1]"
NOW-2022-liabilities,NOW,2022,liabilities,What was Servicenow's total liabilities in fiscal year 2022?,8267000000,from the facts store,"ServiceNow, Inc. reported total liabilities of $8,267,000,000 for fiscal year 2022, ended 2022-12-31. [1]"
NOW-2022-accounts_payable,NOW,2022,accounts_payable,What was Servicenow's accounts payable in fiscal year 2022?,274000000,from the facts store,"ServiceNow, Inc. reported accounts payable of $274,000,000 for fiscal year 2022, ended 2022-12-31. [1]"
NOW-2022-inventory,NOW,2022,inventory,What was Servicenow's inventories in fiscal year 2022?,,model: abstained,The filings do not answer this question.
NOW-2022-cash,NOW,2022,cash,What was Servicenow's cash and cash equivalents in fiscal year 2022?,1470000000,from the facts store,"ServiceNow, Inc. reported cash and cash equivalents of $1,470,000,000 for fiscal year 2022, ended 2022-12-31. [1]"
NOW-2022-diluted_eps,NOW,2022,diluted_eps,What was Servicenow's diluted earnings per share in fiscal year 2022?,1.6,from the facts store,"ServiceNow, Inc. reported diluted earnings per share of $1.6 per share for fiscal year 2022, ended 2022-12-31. [1]"
NOW-2022-basic_eps,NOW,2022,basic_eps,What was Servicenow's basic earnings per share in fiscal year 2022?,1.61,from the facts store,"ServiceNow, Inc. reported basic earnings per share of $1.61 per share for fiscal year 2022, ended 2022-12-31. [1]"
NOW-2022-operating_cash,NOW,2022,operating_cash,What was Servicenow's cash from operations in fiscal year 2022?,2723000000,from the facts store,"ServiceNow, Inc. reported cash from operations of $2,723,000,000 for fiscal year 2022, ended 2022-12-31. [1]"
NOW-2023-revenue,NOW,2023,revenue,What was Servicenow's total revenue in fiscal year 2023?,8971000000,model: abstained,The filings do not answer this question.
NOW-2023-net_income,NOW,2023,net_income,What was Servicenow's net income in fiscal year 2023?,1731000000,from the facts store,"ServiceNow, Inc. reported net income of $1,731,000,000 for fiscal year 2023, ended 2023-12-31. [1]"
NOW-2023-operating_income,NOW,2023,operating_income,What was Servicenow's operating income in fiscal year 2023?,762000000,model: right,"Operating income was $762 million for the year ended December 31, 2023. [9]"
NOW-2023-assets,NOW,2023,assets,What was Servicenow's total assets in fiscal year 2023?,17387000000,from the facts store,"ServiceNow, Inc. reported total assets of $17,387,000,000 for fiscal year 2023, ended 2023-12-31. [1]"
NOW-2023-liabilities,NOW,2023,liabilities,What was Servicenow's total liabilities in fiscal year 2023?,9759000000,from the facts store,"ServiceNow, Inc. reported total liabilities of $9,759,000,000 for fiscal year 2023, ended 2023-12-31. [1]"
NOW-2023-accounts_payable,NOW,2023,accounts_payable,What was Servicenow's accounts payable in fiscal year 2023?,126000000,from the facts store,"ServiceNow, Inc. reported accounts payable of $126,000,000 for fiscal year 2023, ended 2023-12-31. [1]"
NOW-2023-inventory,NOW,2023,inventory,What was Servicenow's inventories in fiscal year 2023?,,model: abstained,The filings do not answer this question.
NOW-2023-cash,NOW,2023,cash,What was Servicenow's cash and cash equivalents in fiscal year 2023?,1897000000,from the facts store,"ServiceNow, Inc. reported cash and cash equivalents of $1,897,000,000 for fiscal year 2023, ended 2023-12-31. [1]"
NOW-2023-diluted_eps,NOW,2023,diluted_eps,What was Servicenow's diluted earnings per share in fiscal year 2023?,8.42,from the facts store,"ServiceNow, Inc. reported diluted earnings per share of $8.42 per share for fiscal year 2023, ended 2023-12-31. [1]"
NOW-2023-basic_eps,NOW,2023,basic_eps,What was Servicenow's basic earnings per share in fiscal year 2023?,8.48,from the facts store,"ServiceNow, Inc. reported basic earnings per share of $8.48 per share for fiscal year 2023, ended 2023-12-31. [1]"
NOW-2023-operating_cash,NOW,2023,operating_cash,What was Servicenow's cash from operations in fiscal year 2023?,3398000000,from the facts store,"ServiceNow, Inc. reported cash from operations of $3,398,000,000 for fiscal year 2023, ended 2023-12-31. [1]"
NOW-2024-revenue,NOW,2024,revenue,What was Servicenow's total revenue in fiscal year 2024?,10984000000,model: abstained,The filings do not answer this question.
NOW-2024-net_income,NOW,2024,net_income,What was Servicenow's net income in fiscal year 2024?,1425000000,from the facts store,"ServiceNow, Inc. reported net income of $1,425,000,000 for fiscal year 2024, ended 2024-12-31. [1]"
NOW-2024-operating_income,NOW,2024,operating_income,What was Servicenow's operating income in fiscal year 2024?,1364000000,model: right,"Operating income was $1,364 million for the year ended December 31, 2024. [10]"
NOW-2024-assets,NOW,2024,assets,What was Servicenow's total assets in fiscal year 2024?,20383000000,from the facts store,"ServiceNow, Inc. reported total assets of $20,383,000,000 for fiscal year 2024, ended 2024-12-31. [1]"
NOW-2024-liabilities,NOW,2024,liabilities,What was Servicenow's total liabilities in fiscal year 2024?,10774000000,from the facts store,"ServiceNow, Inc. reported total liabilities of $10,774,000,000 for fiscal year 2024, ended 2024-12-31. [1]"
NOW-2024-accounts_payable,NOW,2024,accounts_payable,What was Servicenow's accounts payable in fiscal year 2024?,68000000,model: right,"ServiceNow's accounts payable was **$68 million** as of December 31, 2024. [4] The change in accounts payable for the year ended December 31, 2024, was **-$52 million**, reflecting a net outflow of cash. [1][3]"
NOW-2024-inventory,NOW,2024,inventory,What was Servicenow's inventories in fiscal year 2024?,,model: abstained,The filings do not answer this question.
NOW-2024-cash,NOW,2024,cash,What was Servicenow's cash and cash equivalents in fiscal year 2024?,2304000000,from the facts store,"ServiceNow, Inc. reported cash and cash equivalents of $2,304,000,000 for fiscal year 2024, ended 2024-12-31. [1]"
NOW-2024-diluted_eps,NOW,2024,diluted_eps,What was Servicenow's diluted earnings per share in fiscal year 2024?,6.84,from the facts store,"ServiceNow, Inc. reported diluted earnings per share of $6.84 per share for fiscal year 2024, ended 2024-12-31. [1]"
NOW-2024-basic_eps,NOW,2024,basic_eps,What was Servicenow's basic earnings per share in fiscal year 2024?,6.92,from the facts store,"ServiceNow, Inc. reported basic earnings per share of $6.92 per share for fiscal year 2024, ended 2024-12-31. [1]"
NOW-2024-operating_cash,NOW,2024,operating_cash,What was Servicenow's cash from operations in fiscal year 2024?,4267000000,from the facts store,"ServiceNow, Inc. reported cash from operations of $4,267,000,000 for fiscal year 2024, ended 2024-12-31. [1]"
NOW-2025-revenue,NOW,2025,revenue,What was Servicenow's total revenue in fiscal year 2025?,13278000000,model: abstained,The filings do not answer this question.
NOW-2025-net_income,NOW,2025,net_income,What was Servicenow's net income in fiscal year 2025?,1748000000,from the facts store,"ServiceNow, Inc. reported net income of $1,748,000,000 for fiscal year 2025, ended 2025-12-31. [1]"
NOW-2025-operating_income,NOW,2025,operating_income,What was Servicenow's operating income in fiscal year 2025?,1824000000,model: right,"ServiceNow's operating income for the fiscal year ended December 31, 2025, was $1,824 million. [11]"
NOW-2025-assets,NOW,2025,assets,What was Servicenow's total assets in fiscal year 2025?,26038000000,from the facts store,"ServiceNow, Inc. reported total assets of $26,038,000,000 for fiscal year 2025, ended 2025-12-31. [1]"
NOW-2025-liabilities,NOW,2025,liabilities,What was Servicenow's total liabilities in fiscal year 2025?,13074000000,from the facts store,"ServiceNow, Inc. reported total liabilities of $13,074,000,000 for fiscal year 2025, ended 2025-12-31. [1]"
NOW-2025-accounts_payable,NOW,2025,accounts_payable,What was Servicenow's accounts payable in fiscal year 2025?,204000000,from the facts store,"ServiceNow, Inc. reported accounts payable of $204,000,000 for fiscal year 2025, ended 2025-12-31. [1]"
NOW-2025-inventory,NOW,2025,inventory,What was Servicenow's inventories in fiscal year 2025?,,model: abstained,The filings do not answer this question.
NOW-2025-cash,NOW,2025,cash,What was Servicenow's cash and cash equivalents in fiscal year 2025?,3726000000,from the facts store,"ServiceNow, Inc. reported cash and cash equivalents of $3,726,000,000 for fiscal year 2025, ended 2025-12-31. [1]"
NOW-2025-diluted_eps,NOW,2025,diluted_eps,What was Servicenow's diluted earnings per share in fiscal year 2025?,1.67,from the facts store,"ServiceNow, Inc. reported diluted earnings per share of $1.67 per share for fiscal year 2025, ended 2025-12-31. [1]"
NOW-2025-basic_eps,NOW,2025,basic_eps,What was Servicenow's basic earnings per share in fiscal year 2025?,1.69,from the facts store,"ServiceNow, Inc. reported basic earnings per share of $1.69 per share for fiscal year 2025, ended 2025-12-31. [1]"
NOW-2025-operating_cash,NOW,2025,operating_cash,What was Servicenow's cash from operations in fiscal year 2025?,5444000000,from the facts store,"ServiceNow, Inc. reported cash from operations of $5,444,000,000 for fiscal year 2025, ended 2025-12-31. [1]"
ORCL-2021-revenue,ORCL,2021,revenue,What was Oracle's total revenue in fiscal year 2021?,40479000000,from the facts store,"ORACLE CORP reported total revenue of $40,479,000,000 for fiscal year 2021, ended 2021-05-31. [1]"
ORCL-2021-net_income,ORCL,2021,net_income,What was Oracle's net income in fiscal year 2021?,,model: wrong figure or none,"Oracle's net income in fiscal year 2021 was $13,746 million. [16]"
ORCL-2021-operating_income,ORCL,2021,operating_income,What was Oracle's operating income in fiscal year 2021?,15213000000,model: wrong figure or none,"Operating income for fiscal year 2021 was not explicitly stated in the provided sources, but total revenues were $67,000 million and total operating expenses were $56,000 million (including acquisition-related and other expenses of $56 million). [15] The consolidated statements of operations in source [15] show operating income as the difference between total revenues and total operating expenses, but the exact figure is not provided in the visible text. [15]"
ORCL-2021-assets,ORCL,2021,assets,What was Oracle's total assets in fiscal year 2021?,131107000000,from the facts store,"ORACLE CORP reported total assets of $131,107,000,000 for fiscal year 2021, ended 2021-05-31. [1]"
ORCL-2021-liabilities,ORCL,2021,liabilities,What was Oracle's total liabilities in fiscal year 2021?,,model: wrong figure or none,"Oracle's total liabilities in fiscal year 2021 were $125,155 million, as the total liabilities and equity were $131,107 million and total equity was $5,952 million. [13]"
ORCL-2021-accounts_payable,ORCL,2021,accounts_payable,What was Oracle's accounts payable in fiscal year 2021?,745000000,from the facts store,"ORACLE CORP reported accounts payable of $745,000,000 for fiscal year 2021, ended 2021-05-31. [1]"
ORCL-2021-inventory,ORCL,2021,inventory,What was Oracle's inventories in fiscal year 2021?,142000000,from the facts store,"ORACLE CORP reported inventories of $142,000,000 for fiscal year 2021, ended 2021-05-31. [1]"
ORCL-2021-cash,ORCL,2021,cash,What was Oracle's cash and cash equivalents in fiscal year 2021?,30098000000,from the facts store,"ORACLE CORP reported cash and cash equivalents of $30,098,000,000 for fiscal year 2021, ended 2021-05-31. [1]"
ORCL-2021-diluted_eps,ORCL,2021,diluted_eps,What was Oracle's diluted earnings per share in fiscal year 2021?,4.55,from the facts store,"ORACLE CORP reported diluted earnings per share of $4.55 per share for fiscal year 2021, ended 2021-05-31. [1]"
ORCL-2021-basic_eps,ORCL,2021,basic_eps,What was Oracle's basic earnings per share in fiscal year 2021?,4.67,from the facts store,"ORACLE CORP reported basic earnings per share of $4.67 per share for fiscal year 2021, ended 2021-05-31. [1]"
ORCL-2021-operating_cash,ORCL,2021,operating_cash,What was Oracle's cash from operations in fiscal year 2021?,15887000000,from the facts store,"ORACLE CORP reported cash from operations of $15,887,000,000 for fiscal year 2021, ended 2021-05-31. [1]"
ORCL-2022-revenue,ORCL,2022,revenue,What was Oracle's total revenue in fiscal year 2022?,42440000000,from the facts store,"ORACLE CORP reported total revenue of $42,440,000,000 for fiscal year 2022, ended 2022-05-31. [1]"
ORCL-2022-net_income,ORCL,2022,net_income,What was Oracle's net income in fiscal year 2022?,,model: wrong figure or none,"Oracle's net income in fiscal year 2022 was $6,717 million. [15]"
ORCL-2022-operating_income,ORCL,2022,operating_income,What was Oracle's operating income in fiscal year 2022?,10926000000,from the facts store,"ORACLE CORP reported operating income of $10,926,000,000 for fiscal year 2022, ended 2022-05-31. [1]"
ORCL-2022-assets,ORCL,2022,assets,What was Oracle's total assets in fiscal year 2022?,109297000000,from the facts store,"ORACLE CORP reported total assets of $109,297,000,000 for fiscal year 2022, ended 2022-05-31. [1]"
ORCL-2022-liabilities,ORCL,2022,liabilities,What was Oracle's total liabilities in fiscal year 2022?,,model: wrong figure or none,"Oracle's total liabilities were $109,297 million as of May 31, 2022, combining current liabilities of $19,511 million and non-current liabilities of $95,554 million. [5][11][12]"
ORCL-2022-accounts_payable,ORCL,2022,accounts_payable,What was Oracle's accounts payable in fiscal year 2022?,1317000000,from the facts store,"ORACLE CORP reported accounts payable of $1,317,000,000 for fiscal year 2022, ended 2022-05-31. [1]"
ORCL-2022-inventory,ORCL,2022,inventory,What was Oracle's inventories in fiscal year 2022?,314000000,from the facts store,"ORACLE CORP reported inventories of $314,000,000 for fiscal year 2022, ended 2022-05-31. [1]"
ORCL-2022-cash,ORCL,2022,cash,What was Oracle's cash and cash equivalents in fiscal year 2022?,21383000000,from the facts store,"ORACLE CORP reported cash and cash equivalents of $21,383,000,000 for fiscal year 2022, ended 2022-05-31. [1]"
ORCL-2022-diluted_eps,ORCL,2022,diluted_eps,What was Oracle's diluted earnings per share in fiscal year 2022?,2.41,from the facts store,"ORACLE CORP reported diluted earnings per share of $2.41 per share for fiscal year 2022, ended 2022-05-31. [1]"
ORCL-2022-basic_eps,ORCL,2022,basic_eps,What was Oracle's basic earnings per share in fiscal year 2022?,2.49,from the facts store,"ORACLE CORP reported basic earnings per share of $2.49 per share for fiscal year 2022, ended 2022-05-31. [1]"
ORCL-2022-operating_cash,ORCL,2022,operating_cash,What was Oracle's cash from operations in fiscal year 2022?,9539000000,model: wrong figure or none,"Net cash provided by operating activities decreased during fiscal 2022 compared to fiscal 2021, though the exact figure is not explicitly stated in the provided sources. [6] The sources do not provide the specific dollar amount of cash from operations for fiscal 2022, only that it was lower than the previous year. [6]"
ORCL-2023-revenue,ORCL,2023,revenue,What was Oracle's total revenue in fiscal year 2023?,49954000000,from the facts store,"ORACLE CORP reported total revenue of $49,954,000,000 for fiscal year 2023, ended 2023-05-31. [1]"
ORCL-2023-net_income,ORCL,2023,net_income,What was Oracle's net income in fiscal year 2023?,,model: wrong figure or none,"Oracle's net income in fiscal year 2023 was $8,503 million. [11][12]"
ORCL-2023-operating_income,ORCL,2023,operating_income,What was Oracle's operating income in fiscal year 2023?,13093000000,from the facts store,"ORACLE CORP reported operating income of $13,093,000,000 for fiscal year 2023, ended 2023-05-31. [1]"
ORCL-2023-assets,ORCL,2023,assets,What was Oracle's total assets in fiscal year 2023?,134384000000,from the facts store,"ORACLE CORP reported total assets of $134,384,000,000 for fiscal year 2023, ended 2023-05-31. [1]"
ORCL-2023-liabilities,ORCL,2023,liabilities,What was Oracle's total liabilities in fiscal year 2023?,,model: wrong figure or none,"Oracle's total liabilities in fiscal year 2023 were $132,828 million, as shown by the total liabilities and stockholders' equity (deficit) of $134,384 million minus stockholders' equity (deficit) of $1,556 million. [14]"
ORCL-2023-accounts_payable,ORCL,2023,accounts_payable,What was Oracle's accounts payable in fiscal year 2023?,1204000000,from the facts store,"ORACLE CORP reported accounts payable of $1,204,000,000 for fiscal year 2023, ended 2023-05-31. [1]"
ORCL-2023-inventory,ORCL,2023,inventory,What was Oracle's inventories in fiscal year 2023?,298000000,from the facts store,"ORACLE CORP reported inventories of $298,000,000 for fiscal year 2023, ended 2023-05-31. [1]"
ORCL-2023-cash,ORCL,2023,cash,What was Oracle's cash and cash equivalents in fiscal year 2023?,9765000000,from the facts store,"ORACLE CORP reported cash and cash equivalents of $9,765,000,000 for fiscal year 2023, ended 2023-05-31. [1]"
ORCL-2023-diluted_eps,ORCL,2023,diluted_eps,What was Oracle's diluted earnings per share in fiscal year 2023?,3.07,from the facts store,"ORACLE CORP reported diluted earnings per share of $3.07 per share for fiscal year 2023, ended 2023-05-31. [1]"
ORCL-2023-basic_eps,ORCL,2023,basic_eps,What was Oracle's basic earnings per share in fiscal year 2023?,3.15,from the facts store,"ORACLE CORP reported basic earnings per share of $3.15 per share for fiscal year 2023, ended 2023-05-31. [1]"
ORCL-2023-operating_cash,ORCL,2023,operating_cash,What was Oracle's cash from operations in fiscal year 2023?,17165000000,model: wrong figure or none,"Net cash provided by operating activities increased during fiscal 2023 compared to fiscal 2022 primarily due to higher net income and favorable working capital changes, though exact figures for fiscal 2023 are not explicitly stated in the provided sources. [5] The change in net cash provided by operating activities was described as an 80% increase relative to fiscal 2022, but the absolute figure for fiscal 2023 is not provided in the sources. [1][5]"
ORCL-2024-revenue,ORCL,2024,revenue,What was Oracle's total revenue in fiscal year 2024?,52961000000,from the facts store,"ORACLE CORP reported total revenue of $52,961,000,000 for fiscal year 2024, ended 2024-05-31. [1]"
ORCL-2024-net_income,ORCL,2024,net_income,What was Oracle's net income in fiscal year 2024?,,model: wrong figure or none,"Oracle's net income in fiscal year 2024 was $10,467 million. [14]"
ORCL-2024-operating_income,ORCL,2024,operating_income,What was Oracle's operating income in fiscal year 2024?,15353000000,from the facts store,"ORACLE CORP reported operating income of $15,353,000,000 for fiscal year 2024, ended 2024-05-31. [1]"
ORCL-2024-assets,ORCL,2024,assets,What was Oracle's total assets in fiscal year 2024?,140976000000,from the facts store,"ORACLE CORP reported total assets of $140,976,000,000 for fiscal year 2024, ended 2024-05-31. [1]"
ORCL-2024-liabilities,ORCL,2024,liabilities,What was Oracle's total liabilities in fiscal year 2024?,,model: wrong figure or none,"Oracle's total liabilities were $131,737 million in fiscal year 2024, as stated in the consolidated balance sheet (source [13]). [13]"
ORCL-2024-accounts_payable,ORCL,2024,accounts_payable,What was Oracle's accounts payable in fiscal year 2024?,2357000000,from the facts store,"ORACLE CORP reported accounts payable of $2,357,000,000 for fiscal year 2024, ended 2024-05-31. [1]"
ORCL-2024-inventory,ORCL,2024,inventory,What was Oracle's inventories in fiscal year 2024?,334000000,from the facts store,"ORACLE CORP reported inventories of $334,000,000 for fiscal year 2024, ended 2024-05-31. [1]"
ORCL-2024-cash,ORCL,2024,cash,What was Oracle's cash and cash equivalents in fiscal year 2024?,10454000000,from the facts store,"ORACLE CORP reported cash and cash equivalents of $10,454,000,000 for fiscal year 2024, ended 2024-05-31. [1]"
ORCL-2024-diluted_eps,ORCL,2024,diluted_eps,What was Oracle's diluted earnings per share in fiscal year 2024?,3.71,from the facts store,"ORACLE CORP reported diluted earnings per share of $3.71 per share for fiscal year 2024, ended 2024-05-31. [1]"
ORCL-2024-basic_eps,ORCL,2024,basic_eps,What was Oracle's basic earnings per share in fiscal year 2024?,3.82,from the facts store,"ORACLE CORP reported basic earnings per share of $3.82 per share for fiscal year 2024, ended 2024-05-31. [1]"
ORCL-2024-operating_cash,ORCL,2024,operating_cash,What was Oracle's cash from operations in fiscal year 2024?,18673000000,model: wrong figure or none,"Net cash provided by operating activities increased by 9% in fiscal 2024 compared to fiscal 2023, primarily due to higher net income, partially offset by certain cash unfavorable working capital changes. [1][16] The exact figure for net cash provided by operating activities in fiscal 2024 is not explicitly stated in the provided sources, but it is referenced as a key metric in the discussion of cash flows. [1][16]"
ORCL-2025-revenue,ORCL,2025,revenue,What was Oracle's total revenue in fiscal year 2025?,57399000000,from the facts store,"ORACLE CORP reported total revenue of $57,399,000,000 for fiscal year 2025, ended 2025-05-31. [1]"
ORCL-2025-net_income,ORCL,2025,net_income,What was Oracle's net income in fiscal year 2025?,,model: wrong figure or none,Oracle's net income in fiscal year 2025 was $9.0 billion. [11]
ORCL-2025-operating_income,ORCL,2025,operating_income,What was Oracle's operating income in fiscal year 2025?,17678000000,from the facts store,"ORACLE CORP reported operating income of $17,678,000,000 for fiscal year 2025, ended 2025-05-31. [1]"
ORCL-2025-assets,ORCL,2025,assets,What was Oracle's total assets in fiscal year 2025?,168361000000,from the facts store,"ORACLE CORP reported total assets of $168,361,000,000 for fiscal year 2025, ended 2025-05-31. [1]"
ORCL-2025-liabilities,ORCL,2025,liabilities,What was Oracle's total liabilities in fiscal year 2025?,,model: wrong figure or none,"Oracle's total liabilities were $168,361 million as of May 31, 2025, as reported in the consolidated balance sheets. [11][12]"
ORCL-2025-accounts_payable,ORCL,2025,accounts_payable,What was Oracle's accounts payable in fiscal year 2025?,5113000000,from the facts store,"ORACLE CORP reported accounts payable of $5,113,000,000 for fiscal year 2025, ended 2025-05-31. [1]"
ORCL-2025-inventory,ORCL,2025,inventory,What was Oracle's inventories in fiscal year 2025?,303000000,from the facts store,"ORACLE CORP reported inventories of $303,000,000 for fiscal year 2025, ended 2025-05-31. [1]"
ORCL-2025-cash,ORCL,2025,cash,What was Oracle's cash and cash equivalents in fiscal year 2025?,10786000000,from the facts store,"ORACLE CORP reported cash and cash equivalents of $10,786,000,000 for fiscal year 2025, ended 2025-05-31. [1]"
ORCL-2025-diluted_eps,ORCL,2025,diluted_eps,What was Oracle's diluted earnings per share in fiscal year 2025?,4.34,from the facts store,"ORACLE CORP reported diluted earnings per share of $4.34 per share for fiscal year 2025, ended 2025-05-31. [1]"
ORCL-2025-basic_eps,ORCL,2025,basic_eps,What was Oracle's basic earnings per share in fiscal year 2025?,4.46,from the facts store,"ORACLE CORP reported basic earnings per share of $4.46 per share for fiscal year 2025, ended 2025-05-31. [1]"
ORCL-2025-operating_cash,ORCL,2025,operating_cash,What was Oracle's cash from operations in fiscal year 2025?,20821000000,model: wrong figure or none,"Net cash provided by operating activities was $2.1 billion higher in fiscal 2025 compared to fiscal 2024, but the exact figure for fiscal 2025 is not explicitly stated in the provided sources. [16] The increase in net cash provided by operating activities in fiscal 2025 was primarily due to higher net income adjusted for certain non-cash charges, though the specific amount is not provided. [16] Sources do not provide the exact dollar amount of net cash provided by operating activities for fiscal 2025, but it is implied to be significantly higher than the prior year. [16]"
PANW-2021-revenue,PANW,2021,revenue,What was Palo Alto's total revenue in fiscal year 2021?,4256100000,model: right,"Palo Alto Networks Inc reported total revenue of $4,256.1 million for fiscal year 2021. [7][10][12][15]"
PANW-2021-net_income,PANW,2021,net_income,What was Palo Alto's net income in fiscal year 2021?,-498900000,model: abstained,The filings do not answer this question.
PANW-2021-operating_income,PANW,2021,operating_income,What was Palo Alto's operating income in fiscal year 2021?,-304100000,model: abstained,The filings do not answer this question.
PANW-2021-assets,PANW,2021,assets,What was Palo Alto's total assets in fiscal year 2021?,10241600000,model: abstained,The filings do not answer this question.
PANW-2021-liabilities,PANW,2021,liabilities,What was Palo Alto's total liabilities in fiscal year 2021?,,model: abstained,The filings do not answer this question.
PANW-2021-accounts_payable,PANW,2021,accounts_payable,What was Palo Alto's accounts payable in fiscal year 2021?,56900000,model: right,"Palo Alto Networks' accounts payable was **$56.9 million** as of July 31, 2021. [2] The net change in accounts payable for the year ended July 31, 2021, was **-$11.8 million** (a decrease). [1]"
PANW-2021-inventory,PANW,2021,inventory,What was Palo Alto's inventories in fiscal year 2021?,,model: abstained,The filings do not answer this question.
PANW-2021-cash,PANW,2021,cash,What was Palo Alto's cash and cash equivalents in fiscal year 2021?,1874200000,model: right,"Palo Alto Networks' cash and cash equivalents were **$1,874.2 million** as of July 31, 2021. [1][2][5][6] The total cash, cash equivalents, and restricted cash were **$1,880.1 million** for the year ended July 31, 2021, with restricted cash adding **$5.9 million** ($5.4 million in prepaid expenses and $0.5 million in other assets). [1][5]"
PANW-2021-diluted_eps,PANW,2021,diluted_eps,What was Palo Alto's diluted earnings per share in fiscal year 2021?,-5.18,from the facts store,"Palo Alto Networks Inc reported diluted earnings per share of -$5.18 per share for fiscal year 2021, ended 2021-07-31. [1]"
PANW-2021-basic_eps,PANW,2021,basic_eps,What was Palo Alto's basic earnings per share in fiscal year 2021?,-5.18,from the facts store,"Palo Alto Networks Inc reported basic earnings per share of -$5.18 per share for fiscal year 2021, ended 2021-07-31. [1]"
PANW-2021-operating_cash,PANW,2021,operating_cash,What was Palo Alto's cash from operations in fiscal year 2021?,1503000000,model: wrong figure or none,Cash provided by operating activities during fiscal 2021 was $1.5 billion. [1][7]
PANW-2022-revenue,PANW,2022,revenue,What was Palo Alto's total revenue in fiscal year 2022?,5501500000,model: right,"Palo Alto Networks Inc reported total revenue of $5,501.5 million in fiscal year 2022. [6][12][15]"
PANW-2022-net_income,PANW,2022,net_income,What was Palo Alto's net income in fiscal year 2022?,-267000000,from the facts store,"Palo Alto Networks Inc reported net income of -$267,000,000 for fiscal year 2022, ended 2022-07-31. [1]"
PANW-2022-operating_income,PANW,2022,operating_income,What was Palo Alto's operating income in fiscal year 2022?,-188800000,model: abstained,The filings do not answer this question.
PANW-2022-assets,PANW,2022,assets,What was Palo Alto's total assets in fiscal year 2022?,12253600000,model: abstained,The filings do not answer this question.
PANW-2022-liabilities,PANW,2022,liabilities,What was Palo Alto's total liabilities in fiscal year 2022?,12043600000,model: right,"Palo Alto Networks Inc. reported total liabilities of $12,043.6 million for the fiscal year ended July 31, 2022. [3]"
PANW-2022-accounts_payable,PANW,2022,accounts_payable,What was Palo Alto's accounts payable in fiscal year 2022?,128000000,from the facts store,"Palo Alto Networks Inc reported accounts payable of $128,000,000 for fiscal year 2022, ended 2022-07-31. [1]"
PANW-2022-inventory,PANW,2022,inventory,What was Palo Alto's inventories in fiscal year 2022?,,model: abstained,The filings do not answer this question.
PANW-2022-cash,PANW,2022,cash,What was Palo Alto's cash and cash equivalents in fiscal year 2022?,2118500000,model: right,"Palo Alto Networks Inc's cash and cash equivalents at the end of fiscal year 2022 were $2,118.5 million. [1][2][6][15]"
PANW-2022-diluted_eps,PANW,2022,diluted_eps,What was Palo Alto's diluted earnings per share in fiscal year 2022?,-2.71,from the facts store,"Palo Alto Networks Inc reported diluted earnings per share of -$2.71 per share for fiscal year 2022, ended 2022-07-31. [1]"
PANW-2022-basic_eps,PANW,2022,basic_eps,What was Palo Alto's basic earnings per share in fiscal year 2022?,-2.71,from the facts store,"Palo Alto Networks Inc reported basic earnings per share of -$2.71 per share for fiscal year 2022, ended 2022-07-31. [1]"
PANW-2022-operating_cash,PANW,2022,operating_cash,What was Palo Alto's cash from operations in fiscal year 2022?,1984700000,model: wrong figure or none,"Cash provided by operating activities during fiscal 2022 was $2.0 billion. [1] Cash from operations could be affected by risks, but the company believes it will be sufficient to meet anticipated cash needs for at least the next 12 months and beyond. [3]"
PANW-2023-revenue,PANW,2023,revenue,What was Palo Alto's total revenue in fiscal year 2023?,6892700000,model: right,"Total revenue for fiscal year 2023 was $6,892.7 million. [4][5][8][11][15][16]"
PANW-2023-net_income,PANW,2023,net_income,What was Palo Alto's net income in fiscal year 2023?,439700000,model: right,Net income for fiscal year 2023 was $439.7 million. [3][6][9][12][15]
PANW-2023-operating_income,PANW,2023,operating_income,What was Palo Alto's operating income in fiscal year 2023?,387300000,model: right,Palo Alto Networks Inc reported an operating income of $387.3 million for fiscal year 2023. [6][11][13]
PANW-2023-assets,PANW,2023,assets,What was Palo Alto's total assets in fiscal year 2023?,14501100000,model: right,"Palo Alto Networks Inc reported total assets of $14,501.1 million in fiscal year 2023. [8]"
PANW-2023-liabilities,PANW,2023,liabilities,What was Palo Alto's total liabilities in fiscal year 2023?,12752700000,model: right,"Palo Alto Networks Inc reported total liabilities of $12,752.7 million for fiscal year 2023. [4]"
PANW-2023-accounts_payable,PANW,2023,accounts_payable,What was Palo Alto's accounts payable in fiscal year 2023?,132300000,model: right,"The accounts payable for fiscal year 2023 was **$132.3 million** as of July 31, 2023, according to the consolidated balance sheet. [2] The cash flow statement for fiscal year 2023 shows a **$1 million** change in accounts payable (net increase) for the year ended July 31, 2023. [1]"
PANW-2023-inventory,PANW,2023,inventory,What was Palo Alto's inventories in fiscal year 2023?,,model: abstained,The filings do not answer this question.
PANW-2023-cash,PANW,2023,cash,What was Palo Alto's cash and cash equivalents in fiscal year 2023?,1135300000,model: right,"Palo Alto Networks Inc's cash and cash equivalents were **$1,135.3 million** as of July 31, 2023. [1][2][3][7][8][11][12][14]"
PANW-2023-diluted_eps,PANW,2023,diluted_eps,What was Palo Alto's diluted earnings per share in fiscal year 2023?,1.28,from the facts store,"Palo Alto Networks Inc reported diluted earnings per share of $1.28 per share for fiscal year 2023, ended 2023-07-31. [1]"
PANW-2023-basic_eps,PANW,2023,basic_eps,What was Palo Alto's basic earnings per share in fiscal year 2023?,1.45,from the facts store,"Palo Alto Networks Inc reported basic earnings per share of $1.45 per share for fiscal year 2023, ended 2023-07-31. [1]"
PANW-2023-operating_cash,PANW,2023,operating_cash,What was Palo Alto's cash from operations in fiscal year 2023?,2777500000,model: wrong figure or none,"Cash provided by operating activities during fiscal 2023 was $2.8 billion. [1] Cash from operations could be affected by various risks and uncertainties, but the company believes it will be sufficient to meet anticipated cash needs for at least the next 12 months and beyond. [4]"
PANW-2024-revenue,PANW,2024,revenue,What was Palo Alto's total revenue in fiscal year 2024?,8027500000,model: right,"Palo Alto Networks' total revenue for fiscal year 2024 was $8,027.5 million. [2][4][10][13][15][16]"
PANW-2024-net_income,PANW,2024,net_income,What was Palo Alto's net income in fiscal year 2024?,2577600000,model: right,"Palo Alto Networks Inc reported a net income of $2,577.6 million for fiscal year 2024. [5][11][13][14]"
PANW-2024-operating_income,PANW,2024,operating_income,What was Palo Alto's operating income in fiscal year 2024?,683900000,model: right,Palo Alto Networks Inc reported an operating income of $683.9 million for fiscal year 2024. [8][11]
PANW-2024-assets,PANW,2024,assets,What was Palo Alto's total assets in fiscal year 2024?,19990900000,model: right,"Palo Alto Networks Inc's total assets for the fiscal year ended July 31, 2024, were $19,990.9 million. [5]"
PANW-2024-liabilities,PANW,2024,liabilities,What was Palo Alto's total liabilities in fiscal year 2024?,14821200000,model: right,"Palo Alto Networks Inc reported total liabilities of $14,821.2 million as of July 31, 2024. [15]"
PANW-2024-accounts_payable,PANW,2024,accounts_payable,What was Palo Alto's accounts payable in fiscal year 2024?,116300000,model: right,"The accounts payable for fiscal year 2024 was **$116.3 million** as of July 31, 2024, per the consolidated balance sheet. [2] The change in accounts payable for the year ended July 31, 2024, was **-$15.0 million**, indicating a net outflow of cash related to accounts payable. [1][4][15]"
PANW-2024-inventory,PANW,2024,inventory,What was Palo Alto's inventories in fiscal year 2024?,,model: abstained,The filings do not answer this question.
PANW-2024-cash,PANW,2024,cash,What was Palo Alto's cash and cash equivalents in fiscal year 2024?,1535200000,model: right,"Palo Alto Networks' cash and cash equivalents were $1,535.2 million for the fiscal year ended July 31, 2024. [1][2][6]"
PANW-2024-diluted_eps,PANW,2024,diluted_eps,What was Palo Alto's diluted earnings per share in fiscal year 2024?,7.28,from the facts store,"Palo Alto Networks Inc reported diluted earnings per share of $7.28 per share for fiscal year 2024, ended 2024-07-31. [1]"
PANW-2024-basic_eps,PANW,2024,basic_eps,What was Palo Alto's basic earnings per share in fiscal year 2024?,8.07,from the facts store,"Palo Alto Networks Inc reported basic earnings per share of $8.07 per share for fiscal year 2024, ended 2024-07-31. [1]"
PANW-2024-operating_cash,PANW,2024,operating_cash,What was Palo Alto's cash from operations in fiscal year 2024?,3257600000,model: wrong figure or none,Cash provided by operating activities during fiscal 2024 was $3.3 billion. [1]
PANW-2025-revenue,PANW,2025,revenue,What was Palo Alto's total revenue in fiscal year 2025?,9221500000,model: right,"Palo Alto Networks Inc reported total revenue of $9,221.5 million in fiscal year 2025. [7][9][12][15]"
PANW-2025-net_income,PANW,2025,net_income,What was Palo Alto's net income in fiscal year 2025?,1133900000,model: right,"Net income for fiscal year 2025 was $1,133.9 million. [7][11]"
PANW-2025-operating_income,PANW,2025,operating_income,What was Palo Alto's operating income in fiscal year 2025?,1242900000,model: right,"Palo Alto Networks' operating income for fiscal year 2025 was $1,242.9 million. [10]"
PANW-2025-assets,PANW,2025,assets,What was Palo Alto's total assets in fiscal year 2025?,23576200000,model: right,"Palo Alto Networks Inc's total assets for the fiscal year ended July 31, 2025, were $23,576.2 million. [7]"
PANW-2025-liabilities,PANW,2025,liabilities,What was Palo Alto's total liabilities in fiscal year 2025?,15751800000,model: right,"Palo Alto Networks' total liabilities were $15,751.8 million as of July 31, 2025, calculated by subtracting total stockholders’ equity ($7,824.4 million) from total liabilities and stockholders’ equity ($23,576.2 million). [16] Alternatively, total liabilities can be derived as the sum of current liabilities ($7,988 million) and non-current liabilities (e.g., long-term deferred revenue $6,449.7 million, long-term operating lease liabilities $338.2 million, deferred tax liabilities -$2,316.4 million, and other long-term liabilities $237.7 million), though this requires summing multiple sources. [5][7][8][9][10]"
PANW-2025-accounts_payable,PANW,2025,accounts_payable,What was Palo Alto's accounts payable in fiscal year 2025?,232200000,model: right,"Palo Alto Networks Inc reported accounts payable of $232.2 million as of July 31, 2025. [2] The change in accounts payable for the year ended July 31, 2025, was an increase of $106.8 million (from -$15 million in 2024). [1]"
PANW-2025-inventory,PANW,2025,inventory,What was Palo Alto's inventories in fiscal year 2025?,113400000,model: right,"As of July 31, 2025, Palo Alto Networks Inc.'s inventory balance was **$113.4 million**. [4][9]"
PANW-2025-cash,PANW,2025,cash,What was Palo Alto's cash and cash equivalents in fiscal year 2025?,2268600000,model: right,"Palo Alto Networks' cash and cash equivalents were **$2,268.6 million** for the fiscal year ended July 31, 2025. [1][2][6][10][16]"
PANW-2025-diluted_eps,PANW,2025,diluted_eps,What was Palo Alto's diluted earnings per share in fiscal year 2025?,1.6,from the facts store,"Palo Alto Networks Inc reported diluted earnings per share of $1.6 per share for fiscal year 2025, ended 2025-07-31. [1]"
PANW-2025-basic_eps,PANW,2025,basic_eps,What was Palo Alto's basic earnings per share in fiscal year 2025?,1.71,from the facts store,"Palo Alto Networks Inc reported basic earnings per share of $1.71 per share for fiscal year 2025, ended 2025-07-31. [1]"
PANW-2025-operating_cash,PANW,2025,operating_cash,What was Palo Alto's cash from operations in fiscal year 2025?,3716000000,from the facts store,"Palo Alto Networks Inc reported cash from operations of $3,716,000,000 for fiscal year 2025, ended 2025-07-31. [1]"
TXN-2021-revenue,TXN,2021,revenue,What was Texas Instruments's total revenue in fiscal year 2021?,18344000000,from the facts store,"TEXAS INSTRUMENTS INC reported total revenue of $18,344,000,000 for fiscal year 2021, ended 2021-12-31. [1]"
TXN-2021-net_income,TXN,2021,net_income,What was Texas Instruments's net income in fiscal year 2021?,7769000000,from the facts store,"TEXAS INSTRUMENTS INC reported net income of $7,769,000,000 for fiscal year 2021, ended 2021-12-31. [1]"
TXN-2021-operating_income,TXN,2021,operating_income,What was Texas Instruments's operating income in fiscal year 2021?,8960000000,from the facts store,"TEXAS INSTRUMENTS INC reported operating income of $8,960,000,000 for fiscal year 2021, ended 2021-12-31. [1]"
TXN-2021-assets,TXN,2021,assets,What was Texas Instruments's total assets in fiscal year 2021?,24676000000,from the facts store,"TEXAS INSTRUMENTS INC reported total assets of $24,676,000,000 for fiscal year 2021, ended 2021-12-31. [1]"
TXN-2021-liabilities,TXN,2021,liabilities,What was Texas Instruments's total liabilities in fiscal year 2021?,11343000000,from the facts store,"TEXAS INSTRUMENTS INC reported total liabilities of $11,343,000,000 for fiscal year 2021, ended 2021-12-31. [1]"
TXN-2021-accounts_payable,TXN,2021,accounts_payable,What was Texas Instruments's accounts payable in fiscal year 2021?,653000000,from the facts store,"TEXAS INSTRUMENTS INC reported accounts payable of $653,000,000 for fiscal year 2021, ended 2021-12-31. [1]"
TXN-2021-inventory,TXN,2021,inventory,What was Texas Instruments's inventories in fiscal year 2021?,1910000000,from the facts store,"TEXAS INSTRUMENTS INC reported inventories of $1,910,000,000 for fiscal year 2021, ended 2021-12-31. [1]"
TXN-2021-cash,TXN,2021,cash,What was Texas Instruments's cash and cash equivalents in fiscal year 2021?,4631000000,from the facts store,"TEXAS INSTRUMENTS INC reported cash and cash equivalents of $4,631,000,000 for fiscal year 2021, ended 2021-12-31. [1]"
TXN-2021-diluted_eps,TXN,2021,diluted_eps,What was Texas Instruments's diluted earnings per share in fiscal year 2021?,8.26,from the facts store,"TEXAS INSTRUMENTS INC reported diluted earnings per share of $8.26 per share for fiscal year 2021, ended 2021-12-31. [1]"
TXN-2021-basic_eps,TXN,2021,basic_eps,What was Texas Instruments's basic earnings per share in fiscal year 2021?,8.38,from the facts store,"TEXAS INSTRUMENTS INC reported basic earnings per share of $8.38 per share for fiscal year 2021, ended 2021-12-31. [1]"
TXN-2021-operating_cash,TXN,2021,operating_cash,What was Texas Instruments's cash from operations in fiscal year 2021?,8756000000,from the facts store,"TEXAS INSTRUMENTS INC reported cash from operations of $8,756,000,000 for fiscal year 2021, ended 2021-12-31. [1]"
TXN-2022-revenue,TXN,2022,revenue,What was Texas Instruments's total revenue in fiscal year 2022?,20028000000,from the facts store,"TEXAS INSTRUMENTS INC reported total revenue of $20,028,000,000 for fiscal year 2022, ended 2022-12-31. [1]"
TXN-2022-net_income,TXN,2022,net_income,What was Texas Instruments's net income in fiscal year 2022?,8749000000,from the facts store,"TEXAS INSTRUMENTS INC reported net income of $8,749,000,000 for fiscal year 2022, ended 2022-12-31. [1]"
TXN-2022-operating_income,TXN,2022,operating_income,What was Texas Instruments's operating income in fiscal year 2022?,10140000000,from the facts store,"TEXAS INSTRUMENTS INC reported operating income of $10,140,000,000 for fiscal year 2022, ended 2022-12-31. [1]"
TXN-2022-assets,TXN,2022,assets,What was Texas Instruments's total assets in fiscal year 2022?,27207000000,from the facts store,"TEXAS INSTRUMENTS INC reported total assets of $27,207,000,000 for fiscal year 2022, ended 2022-12-31. [1]"
TXN-2022-liabilities,TXN,2022,liabilities,What was Texas Instruments's total liabilities in fiscal year 2022?,12630000000,from the facts store,"TEXAS INSTRUMENTS INC reported total liabilities of $12,630,000,000 for fiscal year 2022, ended 2022-12-31. [1]"
TXN-2022-accounts_payable,TXN,2022,accounts_payable,What was Texas Instruments's accounts payable in fiscal year 2022?,851000000,from the facts store,"TEXAS INSTRUMENTS INC reported accounts payable of $851,000,000 for fiscal year 2022, ended 2022-12-31. [1]"
TXN-2022-inventory,TXN,2022,inventory,What was Texas Instruments's inventories in fiscal year 2022?,2757000000,from the facts store,"TEXAS INSTRUMENTS INC reported inventories of $2,757,000,000 for fiscal year 2022, ended 2022-12-31. [1]"
TXN-2022-cash,TXN,2022,cash,What was Texas Instruments's cash and cash equivalents in fiscal year 2022?,3050000000,from the facts store,"TEXAS INSTRUMENTS INC reported cash and cash equivalents of $3,050,000,000 for fiscal year 2022, ended 2022-12-31. [1]"
TXN-2022-diluted_eps,TXN,2022,diluted_eps,What was Texas Instruments's diluted earnings per share in fiscal year 2022?,9.41,from the facts store,"TEXAS INSTRUMENTS INC reported diluted earnings per share of $9.41 per share for fiscal year 2022, ended 2022-12-31. [1]"
TXN-2022-basic_eps,TXN,2022,basic_eps,What was Texas Instruments's basic earnings per share in fiscal year 2022?,9.51,from the facts store,"TEXAS INSTRUMENTS INC reported basic earnings per share of $9.51 per share for fiscal year 2022, ended 2022-12-31. [1]"
TXN-2022-operating_cash,TXN,2022,operating_cash,What was Texas Instruments's cash from operations in fiscal year 2022?,8720000000,from the facts store,"TEXAS INSTRUMENTS INC reported cash from operations of $8,720,000,000 for fiscal year 2022, ended 2022-12-31. [1]"
TXN-2023-revenue,TXN,2023,revenue,What was Texas Instruments's total revenue in fiscal year 2023?,17519000000,from the facts store,"TEXAS INSTRUMENTS INC reported total revenue of $17,519,000,000 for fiscal year 2023, ended 2023-12-31. [1]"
TXN-2023-net_income,TXN,2023,net_income,What was Texas Instruments's net income in fiscal year 2023?,6510000000,from the facts store,"TEXAS INSTRUMENTS INC reported net income of $6,510,000,000 for fiscal year 2023, ended 2023-12-31. [1]"
TXN-2023-operating_income,TXN,2023,operating_income,What was Texas Instruments's operating income in fiscal year 2023?,7331000000,from the facts store,"TEXAS INSTRUMENTS INC reported operating income of $7,331,000,000 for fiscal year 2023, ended 2023-12-31. [1]"
TXN-2023-assets,TXN,2023,assets,What was Texas Instruments's total assets in fiscal year 2023?,32348000000,from the facts store,"TEXAS INSTRUMENTS INC reported total assets of $32,348,000,000 for fiscal year 2023, ended 2023-12-31. [1]"
TXN-2023-liabilities,TXN,2023,liabilities,What was Texas Instruments's total liabilities in fiscal year 2023?,15451000000,from the facts store,"TEXAS INSTRUMENTS INC reported total liabilities of $15,451,000,000 for fiscal year 2023, ended 2023-12-31. [1]"
TXN-2023-accounts_payable,TXN,2023,accounts_payable,What was Texas Instruments's accounts payable in fiscal year 2023?,802000000,from the facts store,"TEXAS INSTRUMENTS INC reported accounts payable of $802,000,000 for fiscal year 2023, ended 2023-12-31. [1]"
TXN-2023-inventory,TXN,2023,inventory,What was Texas Instruments's inventories in fiscal year 2023?,3999000000,from the facts store,"TEXAS INSTRUMENTS INC reported inventories of $3,999,000,000 for fiscal year 2023, ended 2023-12-31. [1]"
TXN-2023-cash,TXN,2023,cash,What was Texas Instruments's cash and cash equivalents in fiscal year 2023?,2964000000,from the facts store,"TEXAS INSTRUMENTS INC reported cash and cash equivalents of $2,964,000,000 for fiscal year 2023, ended 2023-12-31. [1]"
TXN-2023-diluted_eps,TXN,2023,diluted_eps,What was Texas Instruments's diluted earnings per share in fiscal year 2023?,7.07,from the facts store,"TEXAS INSTRUMENTS INC reported diluted earnings per share of $7.07 per share for fiscal year 2023, ended 2023-12-31. [1]"
TXN-2023-basic_eps,TXN,2023,basic_eps,What was Texas Instruments's basic earnings per share in fiscal year 2023?,7.13,from the facts store,"TEXAS INSTRUMENTS INC reported basic earnings per share of $7.13 per share for fiscal year 2023, ended 2023-12-31. [1]"
TXN-2023-operating_cash,TXN,2023,operating_cash,What was Texas Instruments's cash from operations in fiscal year 2023?,6420000000,from the facts store,"TEXAS INSTRUMENTS INC reported cash from operations of $6,420,000,000 for fiscal year 2023, ended 2023-12-31. [1]"
TXN-2024-revenue,TXN,2024,revenue,What was Texas Instruments's total revenue in fiscal year 2024?,15641000000,from the facts store,"TEXAS INSTRUMENTS INC reported total revenue of $15,641,000,000 for fiscal year 2024, ended 2024-12-31. [1]"
TXN-2024-net_income,TXN,2024,net_income,What was Texas Instruments's net income in fiscal year 2024?,4799000000,from the facts store,"TEXAS INSTRUMENTS INC reported net income of $4,799,000,000 for fiscal year 2024, ended 2024-12-31. [1]"
TXN-2024-operating_income,TXN,2024,operating_income,What was Texas Instruments's operating income in fiscal year 2024?,5465000000,from the facts store,"TEXAS INSTRUMENTS INC reported operating income of $5,465,000,000 for fiscal year 2024, ended 2024-12-31. [1]"
TXN-2024-assets,TXN,2024,assets,What was Texas Instruments's total assets in fiscal year 2024?,35509000000,from the facts store,"TEXAS INSTRUMENTS INC reported total assets of $35,509,000,000 for fiscal year 2024, ended 2024-12-31. [1]"
TXN-2024-liabilities,TXN,2024,liabilities,What was Texas Instruments's total liabilities in fiscal year 2024?,18606000000,from the facts store,"TEXAS INSTRUMENTS INC reported total liabilities of $18,606,000,000 for fiscal year 2024, ended 2024-12-31. [1]"
TXN-2024-accounts_payable,TXN,2024,accounts_payable,What was Texas Instruments's accounts payable in fiscal year 2024?,820000000,from the facts store,"TEXAS INSTRUMENTS INC reported accounts payable of $820,000,000 for fiscal year 2024, ended 2024-12-31. [1]"
TXN-2024-inventory,TXN,2024,inventory,What was Texas Instruments's inventories in fiscal year 2024?,4527000000,from the facts store,"TEXAS INSTRUMENTS INC reported inventories of $4,527,000,000 for fiscal year 2024, ended 2024-12-31. [1]"
TXN-2024-cash,TXN,2024,cash,What was Texas Instruments's cash and cash equivalents in fiscal year 2024?,3200000000,from the facts store,"TEXAS INSTRUMENTS INC reported cash and cash equivalents of $3,200,000,000 for fiscal year 2024, ended 2024-12-31. [1]"
TXN-2024-diluted_eps,TXN,2024,diluted_eps,What was Texas Instruments's diluted earnings per share in fiscal year 2024?,5.2,from the facts store,"TEXAS INSTRUMENTS INC reported diluted earnings per share of $5.2 per share for fiscal year 2024, ended 2024-12-31. [1]"
TXN-2024-basic_eps,TXN,2024,basic_eps,What was Texas Instruments's basic earnings per share in fiscal year 2024?,5.24,from the facts store,"TEXAS INSTRUMENTS INC reported basic earnings per share of $5.24 per share for fiscal year 2024, ended 2024-12-31. [1]"
TXN-2024-operating_cash,TXN,2024,operating_cash,What was Texas Instruments's cash from operations in fiscal year 2024?,6318000000,from the facts store,"TEXAS INSTRUMENTS INC reported cash from operations of $6,318,000,000 for fiscal year 2024, ended 2024-12-31. [1]"
TXN-2025-revenue,TXN,2025,revenue,What was Texas Instruments's total revenue in fiscal year 2025?,17682000000,from the facts store,"TEXAS INSTRUMENTS INC reported total revenue of $17,682,000,000 for fiscal year 2025, ended 2025-12-31. [1]"
TXN-2025-net_income,TXN,2025,net_income,What was Texas Instruments's net income in fiscal year 2025?,5001000000,from the facts store,"TEXAS INSTRUMENTS INC reported net income of $5,001,000,000 for fiscal year 2025, ended 2025-12-31. [1]"
TXN-2025-operating_income,TXN,2025,operating_income,What was Texas Instruments's operating income in fiscal year 2025?,6023000000,from the facts store,"TEXAS INSTRUMENTS INC reported operating income of $6,023,000,000 for fiscal year 2025, ended 2025-12-31. [1]"
TXN-2025-assets,TXN,2025,assets,What was Texas Instruments's total assets in fiscal year 2025?,34585000000,from the facts store,"TEXAS INSTRUMENTS INC reported total assets of $34,585,000,000 for fiscal year 2025, ended 2025-12-31. [1]"
TXN-2025-liabilities,TXN,2025,liabilities,What was Texas Instruments's total liabilities in fiscal year 2025?,18312000000,from the facts store,"TEXAS INSTRUMENTS INC reported total liabilities of $18,312,000,000 for fiscal year 2025, ended 2025-12-31. [1]"
TXN-2025-accounts_payable,TXN,2025,accounts_payable,What was Texas Instruments's accounts payable in fiscal year 2025?,756000000,from the facts store,"TEXAS INSTRUMENTS INC reported accounts payable of $756,000,000 for fiscal year 2025, ended 2025-12-31. [1]"
TXN-2025-inventory,TXN,2025,inventory,What was Texas Instruments's inventories in fiscal year 2025?,4804000000,from the facts store,"TEXAS INSTRUMENTS INC reported inventories of $4,804,000,000 for fiscal year 2025, ended 2025-12-31. [1]"
TXN-2025-cash,TXN,2025,cash,What was Texas Instruments's cash and cash equivalents in fiscal year 2025?,3225000000,from the facts store,"TEXAS INSTRUMENTS INC reported cash and cash equivalents of $3,225,000,000 for fiscal year 2025, ended 2025-12-31. [1]"
TXN-2025-diluted_eps,TXN,2025,diluted_eps,What was Texas Instruments's diluted earnings per share in fiscal year 2025?,5.45,from the facts store,"TEXAS INSTRUMENTS INC reported diluted earnings per share of $5.45 per share for fiscal year 2025, ended 2025-12-31. [1]"
TXN-2025-basic_eps,TXN,2025,basic_eps,What was Texas Instruments's basic earnings per share in fiscal year 2025?,5.47,from the facts store,"TEXAS INSTRUMENTS INC reported basic earnings per share of $5.47 per share for fiscal year 2025, ended 2025-12-31. [1]"
TXN-2025-operating_cash,TXN,2025,operating_cash,What was Texas Instruments's cash from operations in fiscal year 2025?,7153000000,from the facts store,"TEXAS INSTRUMENTS INC reported cash from operations of $7,153,000,000 for fiscal year 2025, ended 2025-12-31. [1]"
